2026-06-10 12:16:52,711:WARNING:
'cuml' is a soft dependency and not included in the pycaret installation. Please run: `pip install cuml` to install.
2026-06-10 12:16:52,711:WARNING:
'cuml' is a soft dependency and not included in the pycaret installation. Please run: `pip install cuml` to install.
2026-06-10 12:16:52,711:WARNING:
'cuml' is a soft dependency and not included in the pycaret installation. Please run: `pip install cuml` to install.
2026-06-10 12:16:52,711:WARNING:
'cuml' is a soft dependency and not included in the pycaret installation. Please run: `pip install cuml` to install.
2026-06-10 12:16:56,988:WARNING:c:\Users\DELL\anaconda3\envs\p11_env\Lib\site-packages\yfinance\scrapers\history.py:396: FutureWarning: The default dtype for empty Series will be 'object' instead of 'float64' in a future version. Specify a dtype explicitly to silence this warning.
  self._capital_gains = pd.Series()

2026-06-10 12:16:57,310:WARNING:c:\Users\DELL\anaconda3\envs\p11_env\Lib\site-packages\yfinance\scrapers\history.py:396: FutureWarning: The default dtype for empty Series will be 'object' instead of 'float64' in a future version. Specify a dtype explicitly to silence this warning.
  self._capital_gains = pd.Series()

2026-06-10 12:16:57,493:WARNING:c:\Users\DELL\anaconda3\envs\p11_env\Lib\site-packages\yfinance\scrapers\history.py:396: FutureWarning: The default dtype for empty Series will be 'object' instead of 'float64' in a future version. Specify a dtype explicitly to silence this warning.
  self._capital_gains = pd.Series()

2026-06-10 12:16:57,732:WARNING:c:\Users\DELL\anaconda3\envs\p11_env\Lib\site-packages\yfinance\scrapers\history.py:396: FutureWarning: The default dtype for empty Series will be 'object' instead of 'float64' in a future version. Specify a dtype explicitly to silence this warning.
  self._capital_gains = pd.Series()

2026-06-10 12:16:57,754:WARNING:c:\Users\DELL\anaconda3\envs\p11_env\Lib\site-packages\yfinance\scrapers\history.py:396: FutureWarning: The default dtype for empty Series will be 'object' instead of 'float64' in a future version. Specify a dtype explicitly to silence this warning.
  self._capital_gains = pd.Series()

2026-06-10 12:16:57,783:WARNING:c:\Users\DELL\anaconda3\envs\p11_env\Lib\site-packages\yfinance\scrapers\history.py:396: FutureWarning: The default dtype for empty Series will be 'object' instead of 'float64' in a future version. Specify a dtype explicitly to silence this warning.
  self._capital_gains = pd.Series()

2026-06-10 12:16:58,035:WARNING:c:\Users\DELL\anaconda3\envs\p11_env\Lib\site-packages\yfinance\scrapers\history.py:396: FutureWarning: The default dtype for empty Series will be 'object' instead of 'float64' in a future version. Specify a dtype explicitly to silence this warning.
  self._capital_gains = pd.Series()

2026-06-10 12:16:58,168:WARNING:c:\Users\DELL\anaconda3\envs\p11_env\Lib\site-packages\yfinance\scrapers\history.py:396: FutureWarning: The default dtype for empty Series will be 'object' instead of 'float64' in a future version. Specify a dtype explicitly to silence this warning.
  self._capital_gains = pd.Series()

2026-06-10 12:16:58,375:WARNING:c:\Users\DELL\anaconda3\envs\p11_env\Lib\site-packages\yfinance\scrapers\history.py:396: FutureWarning: The default dtype for empty Series will be 'object' instead of 'float64' in a future version. Specify a dtype explicitly to silence this warning.
  self._capital_gains = pd.Series()

2026-06-10 12:16:58,406:WARNING:c:\Users\DELL\anaconda3\envs\p11_env\Lib\site-packages\yfinance\scrapers\history.py:396: FutureWarning: The default dtype for empty Series will be 'object' instead of 'float64' in a future version. Specify a dtype explicitly to silence this warning.
  self._capital_gains = pd.Series()

2026-06-10 12:16:58,544:WARNING:c:\Users\DELL\anaconda3\envs\p11_env\Lib\site-packages\yfinance\scrapers\history.py:396: FutureWarning: The default dtype for empty Series will be 'object' instead of 'float64' in a future version. Specify a dtype explicitly to silence this warning.
  self._capital_gains = pd.Series()

2026-06-10 12:16:58,711:WARNING:c:\Users\DELL\anaconda3\envs\p11_env\Lib\site-packages\yfinance\scrapers\history.py:396: FutureWarning: The default dtype for empty Series will be 'object' instead of 'float64' in a future version. Specify a dtype explicitly to silence this warning.
  self._capital_gains = pd.Series()

2026-06-10 12:16:58,800:WARNING:c:\Users\DELL\anaconda3\envs\p11_env\Lib\site-packages\yfinance\scrapers\history.py:396: FutureWarning: The default dtype for empty Series will be 'object' instead of 'float64' in a future version. Specify a dtype explicitly to silence this warning.
  self._capital_gains = pd.Series()

2026-06-10 12:16:58,885:WARNING:c:\Users\DELL\anaconda3\envs\p11_env\Lib\site-packages\yfinance\scrapers\history.py:396: FutureWarning: The default dtype for empty Series will be 'object' instead of 'float64' in a future version. Specify a dtype explicitly to silence this warning.
  self._capital_gains = pd.Series()

2026-06-10 12:16:59,075:WARNING:c:\Users\DELL\anaconda3\envs\p11_env\Lib\site-packages\yfinance\scrapers\history.py:396: FutureWarning: The default dtype for empty Series will be 'object' instead of 'float64' in a future version. Specify a dtype explicitly to silence this warning.
  self._capital_gains = pd.Series()

2026-06-10 12:16:59,146:WARNING:c:\Users\DELL\anaconda3\envs\p11_env\Lib\site-packages\yfinance\scrapers\history.py:396: FutureWarning: The default dtype for empty Series will be 'object' instead of 'float64' in a future version. Specify a dtype explicitly to silence this warning.
  self._capital_gains = pd.Series()

2026-06-10 12:16:59,285:WARNING:c:\Users\DELL\anaconda3\envs\p11_env\Lib\site-packages\yfinance\scrapers\history.py:396: FutureWarning: The default dtype for empty Series will be 'object' instead of 'float64' in a future version. Specify a dtype explicitly to silence this warning.
  self._capital_gains = pd.Series()

2026-06-10 12:16:59,431:WARNING:c:\Users\DELL\anaconda3\envs\p11_env\Lib\site-packages\yfinance\scrapers\history.py:396: FutureWarning: The default dtype for empty Series will be 'object' instead of 'float64' in a future version. Specify a dtype explicitly to silence this warning.
  self._capital_gains = pd.Series()

2026-06-10 12:16:59,441:WARNING:c:\Users\DELL\anaconda3\envs\p11_env\Lib\site-packages\yfinance\scrapers\history.py:396: FutureWarning: The default dtype for empty Series will be 'object' instead of 'float64' in a future version. Specify a dtype explicitly to silence this warning.
  self._capital_gains = pd.Series()

2026-06-10 12:16:59,765:WARNING:c:\Users\DELL\anaconda3\envs\p11_env\Lib\site-packages\yfinance\scrapers\history.py:396: FutureWarning: The default dtype for empty Series will be 'object' instead of 'float64' in a future version. Specify a dtype explicitly to silence this warning.
  self._capital_gains = pd.Series()

2026-06-10 12:16:59,947:WARNING:c:\Users\DELL\anaconda3\envs\p11_env\Lib\site-packages\yfinance\scrapers\history.py:396: FutureWarning: The default dtype for empty Series will be 'object' instead of 'float64' in a future version. Specify a dtype explicitly to silence this warning.
  self._capital_gains = pd.Series()

2026-06-10 12:17:00,121:WARNING:c:\Users\DELL\anaconda3\envs\p11_env\Lib\site-packages\yfinance\scrapers\history.py:396: FutureWarning: The default dtype for empty Series will be 'object' instead of 'float64' in a future version. Specify a dtype explicitly to silence this warning.
  self._capital_gains = pd.Series()

2026-06-10 12:17:00,202:WARNING:c:\Users\DELL\anaconda3\envs\p11_env\Lib\site-packages\yfinance\scrapers\history.py:396: FutureWarning: The default dtype for empty Series will be 'object' instead of 'float64' in a future version. Specify a dtype explicitly to silence this warning.
  self._capital_gains = pd.Series()

2026-06-10 12:17:00,382:WARNING:c:\Users\DELL\anaconda3\envs\p11_env\Lib\site-packages\yfinance\scrapers\history.py:396: FutureWarning: The default dtype for empty Series will be 'object' instead of 'float64' in a future version. Specify a dtype explicitly to silence this warning.
  self._capital_gains = pd.Series()

2026-06-10 12:17:00,453:WARNING:c:\Users\DELL\anaconda3\envs\p11_env\Lib\site-packages\yfinance\scrapers\history.py:396: FutureWarning: The default dtype for empty Series will be 'object' instead of 'float64' in a future version. Specify a dtype explicitly to silence this warning.
  self._capital_gains = pd.Series()

2026-06-10 12:17:00,627:WARNING:c:\Users\DELL\anaconda3\envs\p11_env\Lib\site-packages\yfinance\scrapers\history.py:396: FutureWarning: The default dtype for empty Series will be 'object' instead of 'float64' in a future version. Specify a dtype explicitly to silence this warning.
  self._capital_gains = pd.Series()

2026-06-10 12:17:00,780:WARNING:c:\Users\DELL\anaconda3\envs\p11_env\Lib\site-packages\yfinance\scrapers\history.py:396: FutureWarning: The default dtype for empty Series will be 'object' instead of 'float64' in a future version. Specify a dtype explicitly to silence this warning.
  self._capital_gains = pd.Series()

2026-06-10 12:17:00,901:WARNING:c:\Users\DELL\anaconda3\envs\p11_env\Lib\site-packages\yfinance\scrapers\history.py:396: FutureWarning: The default dtype for empty Series will be 'object' instead of 'float64' in a future version. Specify a dtype explicitly to silence this warning.
  self._capital_gains = pd.Series()

2026-06-10 12:17:00,975:WARNING:c:\Users\DELL\anaconda3\envs\p11_env\Lib\site-packages\yfinance\scrapers\history.py:396: FutureWarning: The default dtype for empty Series will be 'object' instead of 'float64' in a future version. Specify a dtype explicitly to silence this warning.
  self._capital_gains = pd.Series()

2026-06-10 12:17:01,088:WARNING:c:\Users\DELL\anaconda3\envs\p11_env\Lib\site-packages\yfinance\scrapers\history.py:396: FutureWarning: The default dtype for empty Series will be 'object' instead of 'float64' in a future version. Specify a dtype explicitly to silence this warning.
  self._capital_gains = pd.Series()

2026-06-10 12:17:01,226:WARNING:c:\Users\DELL\anaconda3\envs\p11_env\Lib\site-packages\yfinance\scrapers\history.py:396: FutureWarning: The default dtype for empty Series will be 'object' instead of 'float64' in a future version. Specify a dtype explicitly to silence this warning.
  self._capital_gains = pd.Series()

2026-06-10 12:22:29,663:WARNING:
'cuml' is a soft dependency and not included in the pycaret installation. Please run: `pip install cuml` to install.
2026-06-10 12:22:29,663:WARNING:
'cuml' is a soft dependency and not included in the pycaret installation. Please run: `pip install cuml` to install.
2026-06-10 12:22:29,663:WARNING:
'cuml' is a soft dependency and not included in the pycaret installation. Please run: `pip install cuml` to install.
2026-06-10 12:22:29,663:WARNING:
'cuml' is a soft dependency and not included in the pycaret installation. Please run: `pip install cuml` to install.
2026-06-10 12:22:33,359:WARNING:c:\Users\DELL\anaconda3\envs\p11_env\Lib\site-packages\yfinance\scrapers\history.py:396: FutureWarning: The default dtype for empty Series will be 'object' instead of 'float64' in a future version. Specify a dtype explicitly to silence this warning.
  self._capital_gains = pd.Series()

2026-06-10 12:22:33,935:WARNING:c:\Users\DELL\anaconda3\envs\p11_env\Lib\site-packages\yfinance\scrapers\history.py:396: FutureWarning: The default dtype for empty Series will be 'object' instead of 'float64' in a future version. Specify a dtype explicitly to silence this warning.
  self._capital_gains = pd.Series()

2026-06-10 12:22:34,131:WARNING:c:\Users\DELL\anaconda3\envs\p11_env\Lib\site-packages\yfinance\scrapers\history.py:396: FutureWarning: The default dtype for empty Series will be 'object' instead of 'float64' in a future version. Specify a dtype explicitly to silence this warning.
  self._capital_gains = pd.Series()

2026-06-10 12:22:34,253:WARNING:c:\Users\DELL\anaconda3\envs\p11_env\Lib\site-packages\yfinance\scrapers\history.py:396: FutureWarning: The default dtype for empty Series will be 'object' instead of 'float64' in a future version. Specify a dtype explicitly to silence this warning.
  self._capital_gains = pd.Series()

2026-06-10 12:22:34,392:WARNING:c:\Users\DELL\anaconda3\envs\p11_env\Lib\site-packages\yfinance\scrapers\history.py:396: FutureWarning: The default dtype for empty Series will be 'object' instead of 'float64' in a future version. Specify a dtype explicitly to silence this warning.
  self._capital_gains = pd.Series()

2026-06-10 12:22:34,409:WARNING:c:\Users\DELL\anaconda3\envs\p11_env\Lib\site-packages\yfinance\scrapers\history.py:396: FutureWarning: The default dtype for empty Series will be 'object' instead of 'float64' in a future version. Specify a dtype explicitly to silence this warning.
  self._capital_gains = pd.Series()

2026-06-10 12:22:34,614:WARNING:c:\Users\DELL\anaconda3\envs\p11_env\Lib\site-packages\yfinance\scrapers\history.py:396: FutureWarning: The default dtype for empty Series will be 'object' instead of 'float64' in a future version. Specify a dtype explicitly to silence this warning.
  self._capital_gains = pd.Series()

2026-06-10 12:22:34,743:WARNING:c:\Users\DELL\anaconda3\envs\p11_env\Lib\site-packages\yfinance\scrapers\history.py:396: FutureWarning: The default dtype for empty Series will be 'object' instead of 'float64' in a future version. Specify a dtype explicitly to silence this warning.
  self._capital_gains = pd.Series()

2026-06-10 12:22:34,872:WARNING:c:\Users\DELL\anaconda3\envs\p11_env\Lib\site-packages\yfinance\scrapers\history.py:396: FutureWarning: The default dtype for empty Series will be 'object' instead of 'float64' in a future version. Specify a dtype explicitly to silence this warning.
  self._capital_gains = pd.Series()

2026-06-10 12:22:34,991:WARNING:c:\Users\DELL\anaconda3\envs\p11_env\Lib\site-packages\yfinance\scrapers\history.py:396: FutureWarning: The default dtype for empty Series will be 'object' instead of 'float64' in a future version. Specify a dtype explicitly to silence this warning.
  self._capital_gains = pd.Series()

2026-06-10 12:22:35,128:WARNING:c:\Users\DELL\anaconda3\envs\p11_env\Lib\site-packages\yfinance\scrapers\history.py:396: FutureWarning: The default dtype for empty Series will be 'object' instead of 'float64' in a future version. Specify a dtype explicitly to silence this warning.
  self._capital_gains = pd.Series()

2026-06-10 12:22:35,312:WARNING:c:\Users\DELL\anaconda3\envs\p11_env\Lib\site-packages\yfinance\scrapers\history.py:396: FutureWarning: The default dtype for empty Series will be 'object' instead of 'float64' in a future version. Specify a dtype explicitly to silence this warning.
  self._capital_gains = pd.Series()

2026-06-10 12:22:35,367:WARNING:c:\Users\DELL\anaconda3\envs\p11_env\Lib\site-packages\yfinance\scrapers\history.py:396: FutureWarning: The default dtype for empty Series will be 'object' instead of 'float64' in a future version. Specify a dtype explicitly to silence this warning.
  self._capital_gains = pd.Series()

2026-06-10 12:22:35,517:WARNING:c:\Users\DELL\anaconda3\envs\p11_env\Lib\site-packages\yfinance\scrapers\history.py:396: FutureWarning: The default dtype for empty Series will be 'object' instead of 'float64' in a future version. Specify a dtype explicitly to silence this warning.
  self._capital_gains = pd.Series()

2026-06-10 12:22:35,658:WARNING:c:\Users\DELL\anaconda3\envs\p11_env\Lib\site-packages\yfinance\scrapers\history.py:396: FutureWarning: The default dtype for empty Series will be 'object' instead of 'float64' in a future version. Specify a dtype explicitly to silence this warning.
  self._capital_gains = pd.Series()

2026-06-10 12:22:35,826:WARNING:c:\Users\DELL\anaconda3\envs\p11_env\Lib\site-packages\yfinance\scrapers\history.py:396: FutureWarning: The default dtype for empty Series will be 'object' instead of 'float64' in a future version. Specify a dtype explicitly to silence this warning.
  self._capital_gains = pd.Series()

2026-06-10 12:22:35,905:WARNING:c:\Users\DELL\anaconda3\envs\p11_env\Lib\site-packages\yfinance\scrapers\history.py:396: FutureWarning: The default dtype for empty Series will be 'object' instead of 'float64' in a future version. Specify a dtype explicitly to silence this warning.
  self._capital_gains = pd.Series()

2026-06-10 12:22:36,018:WARNING:c:\Users\DELL\anaconda3\envs\p11_env\Lib\site-packages\yfinance\scrapers\history.py:396: FutureWarning: The default dtype for empty Series will be 'object' instead of 'float64' in a future version. Specify a dtype explicitly to silence this warning.
  self._capital_gains = pd.Series()

2026-06-10 12:22:36,183:WARNING:c:\Users\DELL\anaconda3\envs\p11_env\Lib\site-packages\yfinance\scrapers\history.py:396: FutureWarning: The default dtype for empty Series will be 'object' instead of 'float64' in a future version. Specify a dtype explicitly to silence this warning.
  self._capital_gains = pd.Series()

2026-06-10 12:22:36,403:WARNING:c:\Users\DELL\anaconda3\envs\p11_env\Lib\site-packages\yfinance\scrapers\history.py:396: FutureWarning: The default dtype for empty Series will be 'object' instead of 'float64' in a future version. Specify a dtype explicitly to silence this warning.
  self._capital_gains = pd.Series()

2026-06-10 12:22:36,418:WARNING:c:\Users\DELL\anaconda3\envs\p11_env\Lib\site-packages\yfinance\scrapers\history.py:396: FutureWarning: The default dtype for empty Series will be 'object' instead of 'float64' in a future version. Specify a dtype explicitly to silence this warning.
  self._capital_gains = pd.Series()

2026-06-10 12:22:36,466:WARNING:c:\Users\DELL\anaconda3\envs\p11_env\Lib\site-packages\yfinance\scrapers\history.py:396: FutureWarning: The default dtype for empty Series will be 'object' instead of 'float64' in a future version. Specify a dtype explicitly to silence this warning.
  self._capital_gains = pd.Series()

2026-06-10 12:22:36,672:WARNING:c:\Users\DELL\anaconda3\envs\p11_env\Lib\site-packages\yfinance\scrapers\history.py:396: FutureWarning: The default dtype for empty Series will be 'object' instead of 'float64' in a future version. Specify a dtype explicitly to silence this warning.
  self._capital_gains = pd.Series()

2026-06-10 12:22:36,854:WARNING:c:\Users\DELL\anaconda3\envs\p11_env\Lib\site-packages\yfinance\scrapers\history.py:396: FutureWarning: The default dtype for empty Series will be 'object' instead of 'float64' in a future version. Specify a dtype explicitly to silence this warning.
  self._capital_gains = pd.Series()

2026-06-10 12:22:36,966:WARNING:c:\Users\DELL\anaconda3\envs\p11_env\Lib\site-packages\yfinance\scrapers\history.py:396: FutureWarning: The default dtype for empty Series will be 'object' instead of 'float64' in a future version. Specify a dtype explicitly to silence this warning.
  self._capital_gains = pd.Series()

2026-06-10 12:22:37,045:WARNING:c:\Users\DELL\anaconda3\envs\p11_env\Lib\site-packages\yfinance\scrapers\history.py:396: FutureWarning: The default dtype for empty Series will be 'object' instead of 'float64' in a future version. Specify a dtype explicitly to silence this warning.
  self._capital_gains = pd.Series()

2026-06-10 12:22:37,193:WARNING:c:\Users\DELL\anaconda3\envs\p11_env\Lib\site-packages\yfinance\scrapers\history.py:396: FutureWarning: The default dtype for empty Series will be 'object' instead of 'float64' in a future version. Specify a dtype explicitly to silence this warning.
  self._capital_gains = pd.Series()

2026-06-10 12:22:37,324:WARNING:c:\Users\DELL\anaconda3\envs\p11_env\Lib\site-packages\yfinance\scrapers\history.py:396: FutureWarning: The default dtype for empty Series will be 'object' instead of 'float64' in a future version. Specify a dtype explicitly to silence this warning.
  self._capital_gains = pd.Series()

2026-06-10 12:22:37,339:WARNING:c:\Users\DELL\anaconda3\envs\p11_env\Lib\site-packages\yfinance\scrapers\history.py:396: FutureWarning: The default dtype for empty Series will be 'object' instead of 'float64' in a future version. Specify a dtype explicitly to silence this warning.
  self._capital_gains = pd.Series()

2026-06-10 12:22:37,518:WARNING:c:\Users\DELL\anaconda3\envs\p11_env\Lib\site-packages\yfinance\scrapers\history.py:396: FutureWarning: The default dtype for empty Series will be 'object' instead of 'float64' in a future version. Specify a dtype explicitly to silence this warning.
  self._capital_gains = pd.Series()

2026-06-10 12:22:37,632:WARNING:c:\Users\DELL\anaconda3\envs\p11_env\Lib\site-packages\yfinance\scrapers\history.py:396: FutureWarning: The default dtype for empty Series will be 'object' instead of 'float64' in a future version. Specify a dtype explicitly to silence this warning.
  self._capital_gains = pd.Series()

2026-06-10 13:22:22,568:WARNING:
'cuml' is a soft dependency and not included in the pycaret installation. Please run: `pip install cuml` to install.
2026-06-10 13:22:22,568:WARNING:
'cuml' is a soft dependency and not included in the pycaret installation. Please run: `pip install cuml` to install.
2026-06-10 13:22:22,568:WARNING:
'cuml' is a soft dependency and not included in the pycaret installation. Please run: `pip install cuml` to install.
2026-06-10 13:22:22,568:WARNING:
'cuml' is a soft dependency and not included in the pycaret installation. Please run: `pip install cuml` to install.
2026-06-10 13:22:27,899:WARNING:c:\Users\DELL\anaconda3\envs\p11_env\Lib\site-packages\yfinance\scrapers\history.py:396: FutureWarning: The default dtype for empty Series will be 'object' instead of 'float64' in a future version. Specify a dtype explicitly to silence this warning.
  self._capital_gains = pd.Series()

2026-06-10 13:22:28,307:WARNING:c:\Users\DELL\anaconda3\envs\p11_env\Lib\site-packages\yfinance\scrapers\history.py:396: FutureWarning: The default dtype for empty Series will be 'object' instead of 'float64' in a future version. Specify a dtype explicitly to silence this warning.
  self._capital_gains = pd.Series()

2026-06-10 13:22:28,504:WARNING:c:\Users\DELL\anaconda3\envs\p11_env\Lib\site-packages\yfinance\scrapers\history.py:396: FutureWarning: The default dtype for empty Series will be 'object' instead of 'float64' in a future version. Specify a dtype explicitly to silence this warning.
  self._capital_gains = pd.Series()

2026-06-10 13:22:28,509:WARNING:c:\Users\DELL\anaconda3\envs\p11_env\Lib\site-packages\yfinance\scrapers\history.py:396: FutureWarning: The default dtype for empty Series will be 'object' instead of 'float64' in a future version. Specify a dtype explicitly to silence this warning.
  self._capital_gains = pd.Series()

2026-06-10 13:22:28,727:WARNING:c:\Users\DELL\anaconda3\envs\p11_env\Lib\site-packages\yfinance\scrapers\history.py:396: FutureWarning: The default dtype for empty Series will be 'object' instead of 'float64' in a future version. Specify a dtype explicitly to silence this warning.
  self._capital_gains = pd.Series()

2026-06-10 13:22:28,871:WARNING:c:\Users\DELL\anaconda3\envs\p11_env\Lib\site-packages\yfinance\scrapers\history.py:396: FutureWarning: The default dtype for empty Series will be 'object' instead of 'float64' in a future version. Specify a dtype explicitly to silence this warning.
  self._capital_gains = pd.Series()

2026-06-10 13:22:28,919:WARNING:c:\Users\DELL\anaconda3\envs\p11_env\Lib\site-packages\yfinance\scrapers\history.py:396: FutureWarning: The default dtype for empty Series will be 'object' instead of 'float64' in a future version. Specify a dtype explicitly to silence this warning.
  self._capital_gains = pd.Series()

2026-06-10 13:22:29,143:WARNING:c:\Users\DELL\anaconda3\envs\p11_env\Lib\site-packages\yfinance\scrapers\history.py:396: FutureWarning: The default dtype for empty Series will be 'object' instead of 'float64' in a future version. Specify a dtype explicitly to silence this warning.
  self._capital_gains = pd.Series()

2026-06-10 13:22:29,196:WARNING:c:\Users\DELL\anaconda3\envs\p11_env\Lib\site-packages\yfinance\scrapers\history.py:396: FutureWarning: The default dtype for empty Series will be 'object' instead of 'float64' in a future version. Specify a dtype explicitly to silence this warning.
  self._capital_gains = pd.Series()

2026-06-10 13:22:29,494:WARNING:c:\Users\DELL\anaconda3\envs\p11_env\Lib\site-packages\yfinance\scrapers\history.py:396: FutureWarning: The default dtype for empty Series will be 'object' instead of 'float64' in a future version. Specify a dtype explicitly to silence this warning.
  self._capital_gains = pd.Series()

2026-06-10 13:22:29,559:WARNING:c:\Users\DELL\anaconda3\envs\p11_env\Lib\site-packages\yfinance\scrapers\history.py:396: FutureWarning: The default dtype for empty Series will be 'object' instead of 'float64' in a future version. Specify a dtype explicitly to silence this warning.
  self._capital_gains = pd.Series()

2026-06-10 13:22:29,739:WARNING:c:\Users\DELL\anaconda3\envs\p11_env\Lib\site-packages\yfinance\scrapers\history.py:396: FutureWarning: The default dtype for empty Series will be 'object' instead of 'float64' in a future version. Specify a dtype explicitly to silence this warning.
  self._capital_gains = pd.Series()

2026-06-10 13:22:29,968:WARNING:c:\Users\DELL\anaconda3\envs\p11_env\Lib\site-packages\yfinance\scrapers\history.py:396: FutureWarning: The default dtype for empty Series will be 'object' instead of 'float64' in a future version. Specify a dtype explicitly to silence this warning.
  self._capital_gains = pd.Series()

2026-06-10 13:22:30,117:WARNING:c:\Users\DELL\anaconda3\envs\p11_env\Lib\site-packages\yfinance\scrapers\history.py:396: FutureWarning: The default dtype for empty Series will be 'object' instead of 'float64' in a future version. Specify a dtype explicitly to silence this warning.
  self._capital_gains = pd.Series()

2026-06-10 13:22:30,283:WARNING:c:\Users\DELL\anaconda3\envs\p11_env\Lib\site-packages\yfinance\scrapers\history.py:396: FutureWarning: The default dtype for empty Series will be 'object' instead of 'float64' in a future version. Specify a dtype explicitly to silence this warning.
  self._capital_gains = pd.Series()

2026-06-10 13:22:30,376:WARNING:c:\Users\DELL\anaconda3\envs\p11_env\Lib\site-packages\yfinance\scrapers\history.py:396: FutureWarning: The default dtype for empty Series will be 'object' instead of 'float64' in a future version. Specify a dtype explicitly to silence this warning.
  self._capital_gains = pd.Series()

2026-06-10 13:22:30,528:WARNING:c:\Users\DELL\anaconda3\envs\p11_env\Lib\site-packages\yfinance\scrapers\history.py:396: FutureWarning: The default dtype for empty Series will be 'object' instead of 'float64' in a future version. Specify a dtype explicitly to silence this warning.
  self._capital_gains = pd.Series()

2026-06-10 13:22:30,694:WARNING:c:\Users\DELL\anaconda3\envs\p11_env\Lib\site-packages\yfinance\scrapers\history.py:396: FutureWarning: The default dtype for empty Series will be 'object' instead of 'float64' in a future version. Specify a dtype explicitly to silence this warning.
  self._capital_gains = pd.Series()

2026-06-10 13:22:30,694:WARNING:c:\Users\DELL\anaconda3\envs\p11_env\Lib\site-packages\yfinance\scrapers\history.py:396: FutureWarning: The default dtype for empty Series will be 'object' instead of 'float64' in a future version. Specify a dtype explicitly to silence this warning.
  self._capital_gains = pd.Series()

2026-06-10 13:22:30,903:WARNING:c:\Users\DELL\anaconda3\envs\p11_env\Lib\site-packages\yfinance\scrapers\history.py:396: FutureWarning: The default dtype for empty Series will be 'object' instead of 'float64' in a future version. Specify a dtype explicitly to silence this warning.
  self._capital_gains = pd.Series()

2026-06-10 13:22:31,133:WARNING:c:\Users\DELL\anaconda3\envs\p11_env\Lib\site-packages\yfinance\scrapers\history.py:396: FutureWarning: The default dtype for empty Series will be 'object' instead of 'float64' in a future version. Specify a dtype explicitly to silence this warning.
  self._capital_gains = pd.Series()

2026-06-10 13:22:31,221:WARNING:c:\Users\DELL\anaconda3\envs\p11_env\Lib\site-packages\yfinance\scrapers\history.py:396: FutureWarning: The default dtype for empty Series will be 'object' instead of 'float64' in a future version. Specify a dtype explicitly to silence this warning.
  self._capital_gains = pd.Series()

2026-06-10 13:22:31,343:WARNING:c:\Users\DELL\anaconda3\envs\p11_env\Lib\site-packages\yfinance\scrapers\history.py:396: FutureWarning: The default dtype for empty Series will be 'object' instead of 'float64' in a future version. Specify a dtype explicitly to silence this warning.
  self._capital_gains = pd.Series()

2026-06-10 13:22:31,474:WARNING:c:\Users\DELL\anaconda3\envs\p11_env\Lib\site-packages\yfinance\scrapers\history.py:396: FutureWarning: The default dtype for empty Series will be 'object' instead of 'float64' in a future version. Specify a dtype explicitly to silence this warning.
  self._capital_gains = pd.Series()

2026-06-10 13:22:31,698:WARNING:c:\Users\DELL\anaconda3\envs\p11_env\Lib\site-packages\yfinance\scrapers\history.py:396: FutureWarning: The default dtype for empty Series will be 'object' instead of 'float64' in a future version. Specify a dtype explicitly to silence this warning.
  self._capital_gains = pd.Series()

2026-06-10 13:22:31,845:WARNING:c:\Users\DELL\anaconda3\envs\p11_env\Lib\site-packages\yfinance\scrapers\history.py:396: FutureWarning: The default dtype for empty Series will be 'object' instead of 'float64' in a future version. Specify a dtype explicitly to silence this warning.
  self._capital_gains = pd.Series()

2026-06-10 13:22:31,880:WARNING:c:\Users\DELL\anaconda3\envs\p11_env\Lib\site-packages\yfinance\scrapers\history.py:396: FutureWarning: The default dtype for empty Series will be 'object' instead of 'float64' in a future version. Specify a dtype explicitly to silence this warning.
  self._capital_gains = pd.Series()

2026-06-10 13:22:32,019:WARNING:c:\Users\DELL\anaconda3\envs\p11_env\Lib\site-packages\yfinance\scrapers\history.py:396: FutureWarning: The default dtype for empty Series will be 'object' instead of 'float64' in a future version. Specify a dtype explicitly to silence this warning.
  self._capital_gains = pd.Series()

2026-06-10 13:22:32,150:WARNING:c:\Users\DELL\anaconda3\envs\p11_env\Lib\site-packages\yfinance\scrapers\history.py:396: FutureWarning: The default dtype for empty Series will be 'object' instead of 'float64' in a future version. Specify a dtype explicitly to silence this warning.
  self._capital_gains = pd.Series()

2026-06-10 13:22:32,265:WARNING:c:\Users\DELL\anaconda3\envs\p11_env\Lib\site-packages\yfinance\scrapers\history.py:396: FutureWarning: The default dtype for empty Series will be 'object' instead of 'float64' in a future version. Specify a dtype explicitly to silence this warning.
  self._capital_gains = pd.Series()

2026-06-10 13:22:32,393:WARNING:c:\Users\DELL\anaconda3\envs\p11_env\Lib\site-packages\yfinance\scrapers\history.py:396: FutureWarning: The default dtype for empty Series will be 'object' instead of 'float64' in a future version. Specify a dtype explicitly to silence this warning.
  self._capital_gains = pd.Series()

2026-06-10 13:30:13,134:WARNING:
'cuml' is a soft dependency and not included in the pycaret installation. Please run: `pip install cuml` to install.
2026-06-10 13:30:13,134:WARNING:
'cuml' is a soft dependency and not included in the pycaret installation. Please run: `pip install cuml` to install.
2026-06-10 13:30:13,134:WARNING:
'cuml' is a soft dependency and not included in the pycaret installation. Please run: `pip install cuml` to install.
2026-06-10 13:30:13,134:WARNING:
'cuml' is a soft dependency and not included in the pycaret installation. Please run: `pip install cuml` to install.
2026-06-10 13:30:16,697:WARNING:c:\Users\DELL\anaconda3\envs\p11_env\Lib\site-packages\yfinance\scrapers\history.py:396: FutureWarning: The default dtype for empty Series will be 'object' instead of 'float64' in a future version. Specify a dtype explicitly to silence this warning.
  self._capital_gains = pd.Series()

2026-06-10 13:30:16,942:WARNING:c:\Users\DELL\anaconda3\envs\p11_env\Lib\site-packages\yfinance\scrapers\history.py:396: FutureWarning: The default dtype for empty Series will be 'object' instead of 'float64' in a future version. Specify a dtype explicitly to silence this warning.
  self._capital_gains = pd.Series()

2026-06-10 13:30:17,102:WARNING:c:\Users\DELL\anaconda3\envs\p11_env\Lib\site-packages\yfinance\scrapers\history.py:396: FutureWarning: The default dtype for empty Series will be 'object' instead of 'float64' in a future version. Specify a dtype explicitly to silence this warning.
  self._capital_gains = pd.Series()

2026-06-10 13:30:17,263:WARNING:c:\Users\DELL\anaconda3\envs\p11_env\Lib\site-packages\yfinance\scrapers\history.py:396: FutureWarning: The default dtype for empty Series will be 'object' instead of 'float64' in a future version. Specify a dtype explicitly to silence this warning.
  self._capital_gains = pd.Series()

2026-06-10 13:30:17,314:WARNING:c:\Users\DELL\anaconda3\envs\p11_env\Lib\site-packages\yfinance\scrapers\history.py:396: FutureWarning: The default dtype for empty Series will be 'object' instead of 'float64' in a future version. Specify a dtype explicitly to silence this warning.
  self._capital_gains = pd.Series()

2026-06-10 13:30:17,500:WARNING:c:\Users\DELL\anaconda3\envs\p11_env\Lib\site-packages\yfinance\scrapers\history.py:396: FutureWarning: The default dtype for empty Series will be 'object' instead of 'float64' in a future version. Specify a dtype explicitly to silence this warning.
  self._capital_gains = pd.Series()

2026-06-10 13:30:17,603:WARNING:c:\Users\DELL\anaconda3\envs\p11_env\Lib\site-packages\yfinance\scrapers\history.py:396: FutureWarning: The default dtype for empty Series will be 'object' instead of 'float64' in a future version. Specify a dtype explicitly to silence this warning.
  self._capital_gains = pd.Series()

2026-06-10 13:30:17,746:WARNING:c:\Users\DELL\anaconda3\envs\p11_env\Lib\site-packages\yfinance\scrapers\history.py:396: FutureWarning: The default dtype for empty Series will be 'object' instead of 'float64' in a future version. Specify a dtype explicitly to silence this warning.
  self._capital_gains = pd.Series()

2026-06-10 13:30:17,913:WARNING:c:\Users\DELL\anaconda3\envs\p11_env\Lib\site-packages\yfinance\scrapers\history.py:396: FutureWarning: The default dtype for empty Series will be 'object' instead of 'float64' in a future version. Specify a dtype explicitly to silence this warning.
  self._capital_gains = pd.Series()

2026-06-10 13:30:18,039:WARNING:c:\Users\DELL\anaconda3\envs\p11_env\Lib\site-packages\yfinance\scrapers\history.py:396: FutureWarning: The default dtype for empty Series will be 'object' instead of 'float64' in a future version. Specify a dtype explicitly to silence this warning.
  self._capital_gains = pd.Series()

2026-06-10 13:30:18,279:WARNING:c:\Users\DELL\anaconda3\envs\p11_env\Lib\site-packages\yfinance\scrapers\history.py:396: FutureWarning: The default dtype for empty Series will be 'object' instead of 'float64' in a future version. Specify a dtype explicitly to silence this warning.
  self._capital_gains = pd.Series()

2026-06-10 13:30:18,486:WARNING:c:\Users\DELL\anaconda3\envs\p11_env\Lib\site-packages\yfinance\scrapers\history.py:396: FutureWarning: The default dtype for empty Series will be 'object' instead of 'float64' in a future version. Specify a dtype explicitly to silence this warning.
  self._capital_gains = pd.Series()

2026-06-10 13:30:18,584:WARNING:c:\Users\DELL\anaconda3\envs\p11_env\Lib\site-packages\yfinance\scrapers\history.py:396: FutureWarning: The default dtype for empty Series will be 'object' instead of 'float64' in a future version. Specify a dtype explicitly to silence this warning.
  self._capital_gains = pd.Series()

2026-06-10 13:30:18,758:WARNING:c:\Users\DELL\anaconda3\envs\p11_env\Lib\site-packages\yfinance\scrapers\history.py:396: FutureWarning: The default dtype for empty Series will be 'object' instead of 'float64' in a future version. Specify a dtype explicitly to silence this warning.
  self._capital_gains = pd.Series()

2026-06-10 13:30:18,762:WARNING:c:\Users\DELL\anaconda3\envs\p11_env\Lib\site-packages\yfinance\scrapers\history.py:396: FutureWarning: The default dtype for empty Series will be 'object' instead of 'float64' in a future version. Specify a dtype explicitly to silence this warning.
  self._capital_gains = pd.Series()

2026-06-10 13:30:18,966:WARNING:c:\Users\DELL\anaconda3\envs\p11_env\Lib\site-packages\yfinance\scrapers\history.py:396: FutureWarning: The default dtype for empty Series will be 'object' instead of 'float64' in a future version. Specify a dtype explicitly to silence this warning.
  self._capital_gains = pd.Series()

2026-06-10 13:30:19,163:WARNING:c:\Users\DELL\anaconda3\envs\p11_env\Lib\site-packages\yfinance\scrapers\history.py:396: FutureWarning: The default dtype for empty Series will be 'object' instead of 'float64' in a future version. Specify a dtype explicitly to silence this warning.
  self._capital_gains = pd.Series()

2026-06-10 13:30:19,300:WARNING:c:\Users\DELL\anaconda3\envs\p11_env\Lib\site-packages\yfinance\scrapers\history.py:396: FutureWarning: The default dtype for empty Series will be 'object' instead of 'float64' in a future version. Specify a dtype explicitly to silence this warning.
  self._capital_gains = pd.Series()

2026-06-10 13:30:19,394:WARNING:c:\Users\DELL\anaconda3\envs\p11_env\Lib\site-packages\yfinance\scrapers\history.py:396: FutureWarning: The default dtype for empty Series will be 'object' instead of 'float64' in a future version. Specify a dtype explicitly to silence this warning.
  self._capital_gains = pd.Series()

2026-06-10 13:30:19,720:WARNING:c:\Users\DELL\anaconda3\envs\p11_env\Lib\site-packages\yfinance\scrapers\history.py:396: FutureWarning: The default dtype for empty Series will be 'object' instead of 'float64' in a future version. Specify a dtype explicitly to silence this warning.
  self._capital_gains = pd.Series()

2026-06-10 13:30:19,746:WARNING:c:\Users\DELL\anaconda3\envs\p11_env\Lib\site-packages\yfinance\scrapers\history.py:396: FutureWarning: The default dtype for empty Series will be 'object' instead of 'float64' in a future version. Specify a dtype explicitly to silence this warning.
  self._capital_gains = pd.Series()

2026-06-10 13:30:19,983:WARNING:c:\Users\DELL\anaconda3\envs\p11_env\Lib\site-packages\yfinance\scrapers\history.py:396: FutureWarning: The default dtype for empty Series will be 'object' instead of 'float64' in a future version. Specify a dtype explicitly to silence this warning.
  self._capital_gains = pd.Series()

2026-06-10 13:30:20,088:WARNING:c:\Users\DELL\anaconda3\envs\p11_env\Lib\site-packages\yfinance\scrapers\history.py:396: FutureWarning: The default dtype for empty Series will be 'object' instead of 'float64' in a future version. Specify a dtype explicitly to silence this warning.
  self._capital_gains = pd.Series()

2026-06-10 13:30:20,196:WARNING:c:\Users\DELL\anaconda3\envs\p11_env\Lib\site-packages\yfinance\scrapers\history.py:396: FutureWarning: The default dtype for empty Series will be 'object' instead of 'float64' in a future version. Specify a dtype explicitly to silence this warning.
  self._capital_gains = pd.Series()

2026-06-10 13:30:20,355:WARNING:c:\Users\DELL\anaconda3\envs\p11_env\Lib\site-packages\yfinance\scrapers\history.py:396: FutureWarning: The default dtype for empty Series will be 'object' instead of 'float64' in a future version. Specify a dtype explicitly to silence this warning.
  self._capital_gains = pd.Series()

2026-06-10 13:30:20,372:WARNING:c:\Users\DELL\anaconda3\envs\p11_env\Lib\site-packages\yfinance\scrapers\history.py:396: FutureWarning: The default dtype for empty Series will be 'object' instead of 'float64' in a future version. Specify a dtype explicitly to silence this warning.
  self._capital_gains = pd.Series()

2026-06-10 13:30:20,501:WARNING:c:\Users\DELL\anaconda3\envs\p11_env\Lib\site-packages\yfinance\scrapers\history.py:396: FutureWarning: The default dtype for empty Series will be 'object' instead of 'float64' in a future version. Specify a dtype explicitly to silence this warning.
  self._capital_gains = pd.Series()

2026-06-10 13:30:20,568:WARNING:c:\Users\DELL\anaconda3\envs\p11_env\Lib\site-packages\yfinance\scrapers\history.py:396: FutureWarning: The default dtype for empty Series will be 'object' instead of 'float64' in a future version. Specify a dtype explicitly to silence this warning.
  self._capital_gains = pd.Series()

2026-06-10 13:30:20,722:WARNING:c:\Users\DELL\anaconda3\envs\p11_env\Lib\site-packages\yfinance\scrapers\history.py:396: FutureWarning: The default dtype for empty Series will be 'object' instead of 'float64' in a future version. Specify a dtype explicitly to silence this warning.
  self._capital_gains = pd.Series()

2026-06-10 13:30:20,823:WARNING:c:\Users\DELL\anaconda3\envs\p11_env\Lib\site-packages\yfinance\scrapers\history.py:396: FutureWarning: The default dtype for empty Series will be 'object' instead of 'float64' in a future version. Specify a dtype explicitly to silence this warning.
  self._capital_gains = pd.Series()

2026-06-10 13:30:20,913:WARNING:c:\Users\DELL\anaconda3\envs\p11_env\Lib\site-packages\yfinance\scrapers\history.py:396: FutureWarning: The default dtype for empty Series will be 'object' instead of 'float64' in a future version. Specify a dtype explicitly to silence this warning.
  self._capital_gains = pd.Series()

2026-06-10 20:04:50,567:WARNING:
'cuml' is a soft dependency and not included in the pycaret installation. Please run: `pip install cuml` to install.
2026-06-10 20:04:50,567:WARNING:
'cuml' is a soft dependency and not included in the pycaret installation. Please run: `pip install cuml` to install.
2026-06-10 20:04:50,567:WARNING:
'cuml' is a soft dependency and not included in the pycaret installation. Please run: `pip install cuml` to install.
2026-06-10 20:04:50,567:WARNING:
'cuml' is a soft dependency and not included in the pycaret installation. Please run: `pip install cuml` to install.
2026-06-10 20:04:57,782:WARNING:c:\Users\DELL\anaconda3\envs\p11_env\Lib\site-packages\yfinance\scrapers\history.py:396: FutureWarning: The default dtype for empty Series will be 'object' instead of 'float64' in a future version. Specify a dtype explicitly to silence this warning.
  self._capital_gains = pd.Series()

2026-06-10 20:04:58,227:WARNING:c:\Users\DELL\anaconda3\envs\p11_env\Lib\site-packages\yfinance\scrapers\history.py:396: FutureWarning: The default dtype for empty Series will be 'object' instead of 'float64' in a future version. Specify a dtype explicitly to silence this warning.
  self._capital_gains = pd.Series()

2026-06-10 20:04:58,608:WARNING:c:\Users\DELL\anaconda3\envs\p11_env\Lib\site-packages\yfinance\scrapers\history.py:396: FutureWarning: The default dtype for empty Series will be 'object' instead of 'float64' in a future version. Specify a dtype explicitly to silence this warning.
  self._capital_gains = pd.Series()

2026-06-10 20:04:58,847:WARNING:c:\Users\DELL\anaconda3\envs\p11_env\Lib\site-packages\yfinance\scrapers\history.py:396: FutureWarning: The default dtype for empty Series will be 'object' instead of 'float64' in a future version. Specify a dtype explicitly to silence this warning.
  self._capital_gains = pd.Series()

2026-06-10 20:04:58,885:WARNING:c:\Users\DELL\anaconda3\envs\p11_env\Lib\site-packages\yfinance\scrapers\history.py:396: FutureWarning: The default dtype for empty Series will be 'object' instead of 'float64' in a future version. Specify a dtype explicitly to silence this warning.
  self._capital_gains = pd.Series()

2026-06-10 20:04:59,004:WARNING:c:\Users\DELL\anaconda3\envs\p11_env\Lib\site-packages\yfinance\scrapers\history.py:396: FutureWarning: The default dtype for empty Series will be 'object' instead of 'float64' in a future version. Specify a dtype explicitly to silence this warning.
  self._capital_gains = pd.Series()

2026-06-10 20:04:59,320:WARNING:c:\Users\DELL\anaconda3\envs\p11_env\Lib\site-packages\yfinance\scrapers\history.py:396: FutureWarning: The default dtype for empty Series will be 'object' instead of 'float64' in a future version. Specify a dtype explicitly to silence this warning.
  self._capital_gains = pd.Series()

2026-06-10 20:04:59,864:WARNING:c:\Users\DELL\anaconda3\envs\p11_env\Lib\site-packages\yfinance\scrapers\history.py:396: FutureWarning: The default dtype for empty Series will be 'object' instead of 'float64' in a future version. Specify a dtype explicitly to silence this warning.
  self._capital_gains = pd.Series()

2026-06-10 20:05:00,147:WARNING:c:\Users\DELL\anaconda3\envs\p11_env\Lib\site-packages\yfinance\scrapers\history.py:396: FutureWarning: The default dtype for empty Series will be 'object' instead of 'float64' in a future version. Specify a dtype explicitly to silence this warning.
  self._capital_gains = pd.Series()

2026-06-10 20:05:00,656:WARNING:c:\Users\DELL\anaconda3\envs\p11_env\Lib\site-packages\yfinance\scrapers\history.py:396: FutureWarning: The default dtype for empty Series will be 'object' instead of 'float64' in a future version. Specify a dtype explicitly to silence this warning.
  self._capital_gains = pd.Series()

2026-06-10 20:05:00,972:WARNING:c:\Users\DELL\anaconda3\envs\p11_env\Lib\site-packages\yfinance\scrapers\history.py:396: FutureWarning: The default dtype for empty Series will be 'object' instead of 'float64' in a future version. Specify a dtype explicitly to silence this warning.
  self._capital_gains = pd.Series()

2026-06-10 20:05:01,185:WARNING:c:\Users\DELL\anaconda3\envs\p11_env\Lib\site-packages\yfinance\scrapers\history.py:396: FutureWarning: The default dtype for empty Series will be 'object' instead of 'float64' in a future version. Specify a dtype explicitly to silence this warning.
  self._capital_gains = pd.Series()

2026-06-10 20:05:01,718:WARNING:c:\Users\DELL\anaconda3\envs\p11_env\Lib\site-packages\yfinance\scrapers\history.py:396: FutureWarning: The default dtype for empty Series will be 'object' instead of 'float64' in a future version. Specify a dtype explicitly to silence this warning.
  self._capital_gains = pd.Series()

2026-06-10 20:05:01,913:WARNING:c:\Users\DELL\anaconda3\envs\p11_env\Lib\site-packages\yfinance\scrapers\history.py:396: FutureWarning: The default dtype for empty Series will be 'object' instead of 'float64' in a future version. Specify a dtype explicitly to silence this warning.
  self._capital_gains = pd.Series()

2026-06-10 20:05:02,280:WARNING:c:\Users\DELL\anaconda3\envs\p11_env\Lib\site-packages\yfinance\scrapers\history.py:396: FutureWarning: The default dtype for empty Series will be 'object' instead of 'float64' in a future version. Specify a dtype explicitly to silence this warning.
  self._capital_gains = pd.Series()

2026-06-10 20:05:02,742:WARNING:c:\Users\DELL\anaconda3\envs\p11_env\Lib\site-packages\yfinance\scrapers\history.py:396: FutureWarning: The default dtype for empty Series will be 'object' instead of 'float64' in a future version. Specify a dtype explicitly to silence this warning.
  self._capital_gains = pd.Series()

2026-06-10 20:05:03,063:WARNING:c:\Users\DELL\anaconda3\envs\p11_env\Lib\site-packages\yfinance\scrapers\history.py:396: FutureWarning: The default dtype for empty Series will be 'object' instead of 'float64' in a future version. Specify a dtype explicitly to silence this warning.
  self._capital_gains = pd.Series()

2026-06-10 20:05:03,618:WARNING:c:\Users\DELL\anaconda3\envs\p11_env\Lib\site-packages\yfinance\scrapers\history.py:396: FutureWarning: The default dtype for empty Series will be 'object' instead of 'float64' in a future version. Specify a dtype explicitly to silence this warning.
  self._capital_gains = pd.Series()

2026-06-10 20:05:03,663:WARNING:c:\Users\DELL\anaconda3\envs\p11_env\Lib\site-packages\yfinance\scrapers\history.py:396: FutureWarning: The default dtype for empty Series will be 'object' instead of 'float64' in a future version. Specify a dtype explicitly to silence this warning.
  self._capital_gains = pd.Series()

2026-06-10 20:05:04,079:WARNING:c:\Users\DELL\anaconda3\envs\p11_env\Lib\site-packages\yfinance\scrapers\history.py:396: FutureWarning: The default dtype for empty Series will be 'object' instead of 'float64' in a future version. Specify a dtype explicitly to silence this warning.
  self._capital_gains = pd.Series()

2026-06-10 20:05:04,633:WARNING:c:\Users\DELL\anaconda3\envs\p11_env\Lib\site-packages\yfinance\scrapers\history.py:396: FutureWarning: The default dtype for empty Series will be 'object' instead of 'float64' in a future version. Specify a dtype explicitly to silence this warning.
  self._capital_gains = pd.Series()

2026-06-10 20:05:04,746:WARNING:c:\Users\DELL\anaconda3\envs\p11_env\Lib\site-packages\yfinance\scrapers\history.py:396: FutureWarning: The default dtype for empty Series will be 'object' instead of 'float64' in a future version. Specify a dtype explicitly to silence this warning.
  self._capital_gains = pd.Series()

2026-06-10 20:05:04,912:WARNING:c:\Users\DELL\anaconda3\envs\p11_env\Lib\site-packages\yfinance\scrapers\history.py:396: FutureWarning: The default dtype for empty Series will be 'object' instead of 'float64' in a future version. Specify a dtype explicitly to silence this warning.
  self._capital_gains = pd.Series()

2026-06-10 20:05:05,317:WARNING:c:\Users\DELL\anaconda3\envs\p11_env\Lib\site-packages\yfinance\scrapers\history.py:396: FutureWarning: The default dtype for empty Series will be 'object' instead of 'float64' in a future version. Specify a dtype explicitly to silence this warning.
  self._capital_gains = pd.Series()

2026-06-10 20:05:05,636:WARNING:c:\Users\DELL\anaconda3\envs\p11_env\Lib\site-packages\yfinance\scrapers\history.py:396: FutureWarning: The default dtype for empty Series will be 'object' instead of 'float64' in a future version. Specify a dtype explicitly to silence this warning.
  self._capital_gains = pd.Series()

2026-06-10 20:05:06,016:WARNING:c:\Users\DELL\anaconda3\envs\p11_env\Lib\site-packages\yfinance\scrapers\history.py:396: FutureWarning: The default dtype for empty Series will be 'object' instead of 'float64' in a future version. Specify a dtype explicitly to silence this warning.
  self._capital_gains = pd.Series()

2026-06-10 20:05:06,065:WARNING:c:\Users\DELL\anaconda3\envs\p11_env\Lib\site-packages\yfinance\scrapers\history.py:396: FutureWarning: The default dtype for empty Series will be 'object' instead of 'float64' in a future version. Specify a dtype explicitly to silence this warning.
  self._capital_gains = pd.Series()

2026-06-10 20:05:06,794:WARNING:c:\Users\DELL\anaconda3\envs\p11_env\Lib\site-packages\yfinance\scrapers\history.py:396: FutureWarning: The default dtype for empty Series will be 'object' instead of 'float64' in a future version. Specify a dtype explicitly to silence this warning.
  self._capital_gains = pd.Series()

2026-06-10 20:05:07,228:WARNING:c:\Users\DELL\anaconda3\envs\p11_env\Lib\site-packages\yfinance\scrapers\history.py:396: FutureWarning: The default dtype for empty Series will be 'object' instead of 'float64' in a future version. Specify a dtype explicitly to silence this warning.
  self._capital_gains = pd.Series()

2026-06-10 20:05:07,694:WARNING:c:\Users\DELL\anaconda3\envs\p11_env\Lib\site-packages\yfinance\scrapers\history.py:396: FutureWarning: The default dtype for empty Series will be 'object' instead of 'float64' in a future version. Specify a dtype explicitly to silence this warning.
  self._capital_gains = pd.Series()

2026-06-10 20:05:07,718:WARNING:c:\Users\DELL\anaconda3\envs\p11_env\Lib\site-packages\yfinance\scrapers\history.py:396: FutureWarning: The default dtype for empty Series will be 'object' instead of 'float64' in a future version. Specify a dtype explicitly to silence this warning.
  self._capital_gains = pd.Series()

2026-06-10 20:11:44,634:INFO:PyCaret ClassificationExperiment
2026-06-10 20:11:44,634:INFO:Logging name: clf-default-name
2026-06-10 20:11:44,634:INFO:ML Usecase: MLUsecase.CLASSIFICATION
2026-06-10 20:11:44,634:INFO:version 3.2.0
2026-06-10 20:11:44,634:INFO:Initializing setup()
2026-06-10 20:11:44,634:INFO:self.USI: 21d7
2026-06-10 20:11:44,634:INFO:self._variable_keys: {'USI', 'gpu_n_jobs_param', 'y_test', 'exp_name_log', 'gpu_param', 'log_plots_param', 'X_train', 'idx', '_available_plots', 'target_param', 'data', 'fold_groups_param', 'html_param', 'X', 'logging_param', 'fold_generator', 'y', 'fix_imbalance', 'fold_shuffle_param', 'y_train', '_ml_usecase', 'pipeline', 'X_test', 'exp_id', 'is_multiclass', 'memory', 'seed', 'n_jobs_param'}
2026-06-10 20:11:44,636:INFO:Checking environment
2026-06-10 20:11:44,636:INFO:python_version: 3.11.15
2026-06-10 20:11:44,636:INFO:python_build: ('main', 'Mar 11 2026 17:12:15')
2026-06-10 20:11:44,636:INFO:machine: AMD64
2026-06-10 20:11:44,636:INFO:platform: Windows-10-10.0.26200-SP0
2026-06-10 20:11:44,636:INFO:Memory: svmem(total=16889192448, available=3285012480, percent=80.5, used=13604179968, free=3285012480)
2026-06-10 20:11:44,636:INFO:Physical Core: 4
2026-06-10 20:11:44,636:INFO:Logical Core: 8
2026-06-10 20:11:44,636:INFO:Checking libraries
2026-06-10 20:11:44,636:INFO:System:
2026-06-10 20:11:44,638:INFO:    python: 3.11.15 | packaged by Anaconda, Inc. | (main, Mar 11 2026, 17:12:15) [MSC v.1942 64 bit (AMD64)]
2026-06-10 20:11:44,638:INFO:executable: c:\Users\DELL\anaconda3\envs\p11_env\python.exe
2026-06-10 20:11:44,638:INFO:   machine: Windows-10-10.0.26200-SP0
2026-06-10 20:11:44,638:INFO:PyCaret required dependencies:
2026-06-10 20:11:44,643:WARNING:c:\Users\DELL\anaconda3\envs\p11_env\Lib\site-packages\_distutils_hack\__init__.py:30: UserWarning: Setuptools is replacing distutils. Support for replacing an already imported distutils is deprecated. In the future, this condition will fail. Register concerns at https://github.com/pypa/setuptools/issues/new?template=distutils-deprecation.yml
  warnings.warn(

2026-06-10 20:11:44,921:INFO:                 pip: 26.1.1
2026-06-10 20:11:44,921:INFO:          setuptools: 82.0.1
2026-06-10 20:11:44,921:INFO:             pycaret: 3.2.0
2026-06-10 20:11:44,921:INFO:             IPython: 9.14.1
2026-06-10 20:11:44,930:INFO:          ipywidgets: 8.1.8
2026-06-10 20:11:44,930:INFO:                tqdm: 4.68.1
2026-06-10 20:11:44,930:INFO:               numpy: 1.25.2
2026-06-10 20:11:44,930:INFO:              pandas: 1.5.3
2026-06-10 20:11:44,930:INFO:              jinja2: 3.1.6
2026-06-10 20:11:44,930:INFO:               scipy: 1.10.1
2026-06-10 20:11:44,930:INFO:              joblib: 1.2.0
2026-06-10 20:11:44,930:INFO:             sklearn: 1.2.2
2026-06-10 20:11:44,930:INFO:                pyod: 3.6.0
2026-06-10 20:11:44,930:INFO:            imblearn: 0.12.4
2026-06-10 20:11:44,930:INFO:   category_encoders: 2.7.0
2026-06-10 20:11:44,930:INFO:            lightgbm: 4.6.0
2026-06-10 20:11:44,930:INFO:               numba: 0.65.1
2026-06-10 20:11:44,930:INFO:            requests: 2.34.2
2026-06-10 20:11:44,930:INFO:          matplotlib: 3.7.5
2026-06-10 20:11:44,930:INFO:          scikitplot: 0.3.7
2026-06-10 20:11:44,930:INFO:         yellowbrick: 1.5
2026-06-10 20:11:44,930:INFO:              plotly: 6.8.0
2026-06-10 20:11:44,930:INFO:    plotly-resampler: Not installed
2026-06-10 20:11:44,930:INFO:             kaleido: 1.3.0
2026-06-10 20:11:44,930:INFO:           schemdraw: 0.15
2026-06-10 20:11:44,930:INFO:         statsmodels: 0.14.6
2026-06-10 20:11:44,930:INFO:              sktime: 0.21.1
2026-06-10 20:11:44,930:INFO:               tbats: 1.1.3
2026-06-10 20:11:44,930:INFO:            pmdarima: 2.0.4
2026-06-10 20:11:44,930:INFO:              psutil: 7.2.2
2026-06-10 20:11:44,930:INFO:          markupsafe: 3.0.3
2026-06-10 20:11:44,930:INFO:             pickle5: Not installed
2026-06-10 20:11:44,930:INFO:         cloudpickle: 3.1.2
2026-06-10 20:11:44,930:INFO:         deprecation: 2.1.0
2026-06-10 20:11:44,930:INFO:              xxhash: 3.7.0
2026-06-10 20:11:44,930:INFO:           wurlitzer: Not installed
2026-06-10 20:11:44,930:INFO:PyCaret optional dependencies:
2026-06-10 20:11:45,137:INFO:                shap: 0.51.0
2026-06-10 20:11:45,137:INFO:           interpret: Not installed
2026-06-10 20:11:45,137:INFO:                umap: 0.5.12
2026-06-10 20:11:45,137:INFO:     ydata_profiling: Not installed
2026-06-10 20:11:45,137:INFO:  explainerdashboard: Not installed
2026-06-10 20:11:45,137:INFO:             autoviz: Not installed
2026-06-10 20:11:45,137:INFO:           fairlearn: Not installed
2026-06-10 20:11:45,137:INFO:          deepchecks: Not installed
2026-06-10 20:11:45,137:INFO:             xgboost: 3.2.0
2026-06-10 20:11:45,137:INFO:            catboost: 1.2.10
2026-06-10 20:11:45,137:INFO:              kmodes: 0.12.2
2026-06-10 20:11:45,137:INFO:             mlxtend: 0.24.0
2026-06-10 20:11:45,137:INFO:       statsforecast: Not installed
2026-06-10 20:11:45,137:INFO:        tune_sklearn: Not installed
2026-06-10 20:11:45,137:INFO:                 ray: Not installed
2026-06-10 20:11:45,137:INFO:            hyperopt: Not installed
2026-06-10 20:11:45,137:INFO:              optuna: 4.9.0
2026-06-10 20:11:45,137:INFO:               skopt: Not installed
2026-06-10 20:11:45,137:INFO:              mlflow: 3.13.0
2026-06-10 20:11:45,137:INFO:              gradio: Not installed
2026-06-10 20:11:45,137:INFO:             fastapi: 0.136.3
2026-06-10 20:11:45,137:INFO:             uvicorn: 0.49.0
2026-06-10 20:11:45,137:INFO:              m2cgen: Not installed
2026-06-10 20:11:45,137:INFO:           evidently: Not installed
2026-06-10 20:11:45,137:INFO:               fugue: Not installed
2026-06-10 20:11:45,137:INFO:           streamlit: 1.58.0
2026-06-10 20:11:45,137:INFO:             prophet: Not installed
2026-06-10 20:11:45,137:INFO:None
2026-06-10 20:11:45,137:INFO:Set up data.
2026-06-10 20:11:45,601:INFO:Set up folding strategy.
2026-06-10 20:11:45,601:INFO:Set up train/test split.
2026-06-10 20:11:46,204:INFO:Set up index.
2026-06-10 20:11:46,236:INFO:Assigning column types.
2026-06-10 20:11:46,554:INFO:Engine successfully changes for model 'lr' to 'sklearn'.
2026-06-10 20:11:46,649:INFO:Engine for model 'knn' has not been set explicitly, hence returning None.
2026-06-10 20:11:46,664:INFO:Engine for model 'rbfsvm' has not been set explicitly, hence returning None.
2026-06-10 20:11:46,766:INFO:Soft dependency imported: xgboost: 3.2.0
2026-06-10 20:11:46,776:INFO:Soft dependency imported: catboost: 1.2.10
2026-06-10 20:11:47,048:INFO:Engine for model 'knn' has not been set explicitly, hence returning None.
2026-06-10 20:11:47,048:INFO:Engine for model 'rbfsvm' has not been set explicitly, hence returning None.
2026-06-10 20:11:47,114:INFO:Soft dependency imported: xgboost: 3.2.0
2026-06-10 20:11:47,128:INFO:Soft dependency imported: catboost: 1.2.10
2026-06-10 20:11:47,128:INFO:Engine successfully changes for model 'knn' to 'sklearn'.
2026-06-10 20:11:47,240:INFO:Engine for model 'rbfsvm' has not been set explicitly, hence returning None.
2026-06-10 20:11:47,292:INFO:Soft dependency imported: xgboost: 3.2.0
2026-06-10 20:11:47,299:INFO:Soft dependency imported: catboost: 1.2.10
2026-06-10 20:11:47,393:INFO:Engine for model 'rbfsvm' has not been set explicitly, hence returning None.
2026-06-10 20:11:47,462:INFO:Soft dependency imported: xgboost: 3.2.0
2026-06-10 20:11:47,462:INFO:Soft dependency imported: catboost: 1.2.10
2026-06-10 20:11:47,462:INFO:Engine successfully changes for model 'rbfsvm' to 'sklearn'.
2026-06-10 20:11:47,669:INFO:Soft dependency imported: xgboost: 3.2.0
2026-06-10 20:11:47,669:INFO:Soft dependency imported: catboost: 1.2.10
2026-06-10 20:11:47,860:INFO:Soft dependency imported: xgboost: 3.2.0
2026-06-10 20:11:47,873:INFO:Soft dependency imported: catboost: 1.2.10
2026-06-10 20:11:47,875:INFO:Preparing preprocessing pipeline...
2026-06-10 20:11:47,923:INFO:Set up simple imputation.
2026-06-10 20:11:47,923:INFO:Set up imbalanced handling.
2026-06-10 20:11:47,923:INFO:Set up feature normalization.
2026-06-10 20:11:56,450:INFO:Finished creating preprocessing pipeline.
2026-06-10 20:11:56,480:INFO:Pipeline: Pipeline(memory=FastMemory(location=C:\Users\DELL\AppData\Local\Temp\joblib),
         steps=[('numerical_imputer',
                 TransformerWrapper(exclude=None,
                                    include=['return_1d', 'return_3d',
                                             'return_5d', 'return_10d',
                                             'return_20d', 'overnight_gap',
                                             'body_size', 'upper_shadow',
                                             'lower_shadow', 'hl_range',
                                             'close_position', 'dist_sma_5',
                                             'dist_ema_5', 'dist_sma_10',
                                             'dist_ema_10', 'd...
                                                              strategy='most_frequent',
                                                              verbose='deprecated'))),
                ('balance',
                 TransformerWrapper(exclude=None, include=None,
                                    transformer=FixImbalancer(estimator=SMOTE(k_neighbors=5,
                                                                              n_jobs=None,
                                                                              random_state=40,
                                                                              sampling_strategy='auto')))),
                ('normalize',
                 TransformerWrapper(exclude=None, include=None,
                                    transformer=StandardScaler(copy=True,
                                                               with_mean=True,
                                                               with_std=True)))],
         verbose=False)
2026-06-10 20:11:56,480:INFO:Creating final display dataframe.
2026-06-10 20:12:06,528:INFO:Setup _display_container:                     Description             Value
0                    Session id                40
1                        Target            target
2                   Target type            Binary
3           Original data shape      (203456, 66)
4        Transformed data shape      (289061, 66)
5   Transformed train set shape      (228024, 66)
6    Transformed test set shape       (61037, 66)
7              Numeric features                65
8                    Preprocess              True
9               Imputation type            simple
10           Numeric imputation              mean
11       Categorical imputation              mode
12                Fix imbalance              True
13         Fix imbalance method             SMOTE
14                    Normalize              True
15             Normalize method            zscore
16               Fold Generator   StratifiedKFold
17                  Fold Number                10
18                     CPU Jobs                -1
19                      Use GPU             False
20               Log Experiment             False
21              Experiment Name  clf-default-name
22                          USI              21d7
2026-06-10 20:12:06,910:INFO:Soft dependency imported: xgboost: 3.2.0
2026-06-10 20:12:06,929:INFO:Soft dependency imported: catboost: 1.2.10
2026-06-10 20:12:07,346:INFO:Soft dependency imported: xgboost: 3.2.0
2026-06-10 20:12:07,363:INFO:Soft dependency imported: catboost: 1.2.10
2026-06-10 20:12:07,363:INFO:setup() successfully completed in 22.83s...............
2026-06-10 20:12:07,363:INFO:Initializing compare_models()
2026-06-10 20:12:07,363:INFO:compare_models(self=<pycaret.classification.oop.ClassificationExperiment object at 0x0000026AE0EF74D0>, include=None, exclude=None, fold=None, round=4, cross_validation=True, sort=Accuracy, n_select=1, budget_time=None, turbo=True, errors=ignore, fit_kwargs=None, groups=None, experiment_custom_tags=None, probability_threshold=None, verbose=True, parallel=None, caller_params={'self': <pycaret.classification.oop.ClassificationExperiment object at 0x0000026AE0EF74D0>, 'include': None, 'exclude': None, 'fold': None, 'round': 4, 'cross_validation': True, 'sort': 'Accuracy', 'n_select': 1, 'budget_time': None, 'turbo': True, 'errors': 'ignore', 'fit_kwargs': None, 'groups': None, 'experiment_custom_tags': None, 'probability_threshold': None, 'engine': None, 'verbose': True, 'parallel': None, '__class__': <class 'pycaret.classification.oop.ClassificationExperiment'>})
2026-06-10 20:12:07,363:INFO:Checking exceptions
2026-06-10 20:12:07,700:INFO:Preparing display monitor
2026-06-10 20:12:07,779:INFO:Initializing Logistic Regression
2026-06-10 20:12:07,779:INFO:Total runtime is 0.0 minutes
2026-06-10 20:12:07,791:INFO:SubProcess create_model() called ==================================
2026-06-10 20:12:07,793:INFO:Initializing create_model()
2026-06-10 20:12:07,793:INFO:create_model(self=<pycaret.classification.oop.ClassificationExperiment object at 0x0000026AE0EF74D0>, estimator=lr, fold=StratifiedKFold(n_splits=10, random_state=None, shuffle=False), round=4, cross_validation=True, predict=True, fit_kwargs={}, groups=None, refit=False, probability_threshold=None, experiment_custom_tags=None, verbose=False, system=False, add_to_model_list=True, metrics=None, display=<pycaret.internal.display.display.CommonDisplay object at 0x0000026ADF1BAC10>, model_only=True, return_train_score=False, error_score=0.0, kwargs={})
2026-06-10 20:12:07,795:INFO:Checking exceptions
2026-06-10 20:12:07,795:INFO:Importing libraries
2026-06-10 20:12:07,796:INFO:Copying training dataset
2026-06-10 20:12:08,295:INFO:Defining folds
2026-06-10 20:12:08,295:INFO:Declaring metric variables
2026-06-10 20:12:08,314:INFO:Importing untrained model
2026-06-10 20:12:08,314:INFO:Logistic Regression Imported successfully
2026-06-10 20:12:08,348:INFO:Starting cross validation
2026-06-10 20:12:08,353:INFO:Cross validating with StratifiedKFold(n_splits=10, random_state=None, shuffle=False), n_jobs=-1
2026-06-10 20:12:28,296:WARNING:c:\Users\DELL\anaconda3\envs\p11_env\Lib\site-packages\_distutils_hack\__init__.py:30: UserWarning: Setuptools is replacing distutils. Support for replacing an already imported distutils is deprecated. In the future, this condition will fail. Register concerns at https://github.com/pypa/setuptools/issues/new?template=distutils-deprecation.yml
  warnings.warn(

2026-06-10 20:12:28,370:WARNING:c:\Users\DELL\anaconda3\envs\p11_env\Lib\site-packages\_distutils_hack\__init__.py:30: UserWarning: Setuptools is replacing distutils. Support for replacing an already imported distutils is deprecated. In the future, this condition will fail. Register concerns at https://github.com/pypa/setuptools/issues/new?template=distutils-deprecation.yml
  warnings.warn(

2026-06-10 20:12:28,370:WARNING:c:\Users\DELL\anaconda3\envs\p11_env\Lib\site-packages\_distutils_hack\__init__.py:30: UserWarning: Setuptools is replacing distutils. Support for replacing an already imported distutils is deprecated. In the future, this condition will fail. Register concerns at https://github.com/pypa/setuptools/issues/new?template=distutils-deprecation.yml
  warnings.warn(

2026-06-10 20:12:28,372:WARNING:c:\Users\DELL\anaconda3\envs\p11_env\Lib\site-packages\_distutils_hack\__init__.py:30: UserWarning: Setuptools is replacing distutils. Support for replacing an already imported distutils is deprecated. In the future, this condition will fail. Register concerns at https://github.com/pypa/setuptools/issues/new?template=distutils-deprecation.yml
  warnings.warn(

2026-06-10 20:12:28,408:WARNING:c:\Users\DELL\anaconda3\envs\p11_env\Lib\site-packages\_distutils_hack\__init__.py:30: UserWarning: Setuptools is replacing distutils. Support for replacing an already imported distutils is deprecated. In the future, this condition will fail. Register concerns at https://github.com/pypa/setuptools/issues/new?template=distutils-deprecation.yml
  warnings.warn(

2026-06-10 20:12:28,417:WARNING:c:\Users\DELL\anaconda3\envs\p11_env\Lib\site-packages\_distutils_hack\__init__.py:30: UserWarning: Setuptools is replacing distutils. Support for replacing an already imported distutils is deprecated. In the future, this condition will fail. Register concerns at https://github.com/pypa/setuptools/issues/new?template=distutils-deprecation.yml
  warnings.warn(

2026-06-10 20:12:28,527:WARNING:c:\Users\DELL\anaconda3\envs\p11_env\Lib\site-packages\_distutils_hack\__init__.py:30: UserWarning: Setuptools is replacing distutils. Support for replacing an already imported distutils is deprecated. In the future, this condition will fail. Register concerns at https://github.com/pypa/setuptools/issues/new?template=distutils-deprecation.yml
  warnings.warn(

2026-06-10 20:12:28,696:WARNING:c:\Users\DELL\anaconda3\envs\p11_env\Lib\site-packages\_distutils_hack\__init__.py:30: UserWarning: Setuptools is replacing distutils. Support for replacing an already imported distutils is deprecated. In the future, this condition will fail. Register concerns at https://github.com/pypa/setuptools/issues/new?template=distutils-deprecation.yml
  warnings.warn(

2026-06-10 20:15:18,098:INFO:Calculating mean and std
2026-06-10 20:15:18,099:INFO:Creating metrics dataframe
2026-06-10 20:15:18,107:INFO:Uploading results into container
2026-06-10 20:15:18,107:INFO:Uploading model into container now
2026-06-10 20:15:18,119:INFO:_master_model_container: 1
2026-06-10 20:15:18,119:INFO:_display_container: 2
2026-06-10 20:15:18,119:INFO:LogisticRegression(C=1.0, class_weight=None, dual=False, fit_intercept=True,
                   intercept_scaling=1, l1_ratio=None, max_iter=1000,
                   multi_class='auto', n_jobs=None, penalty='l2',
                   random_state=40, solver='lbfgs', tol=0.0001, verbose=0,
                   warm_start=False)
2026-06-10 20:15:18,119:INFO:create_model() successfully completed......................................
2026-06-10 20:15:19,510:INFO:SubProcess create_model() end ==================================
2026-06-10 20:15:19,510:INFO:Creating metrics dataframe
2026-06-10 20:15:19,533:INFO:Initializing K Neighbors Classifier
2026-06-10 20:15:19,533:INFO:Total runtime is 3.195910322666168 minutes
2026-06-10 20:15:19,542:INFO:SubProcess create_model() called ==================================
2026-06-10 20:15:19,542:INFO:Initializing create_model()
2026-06-10 20:15:19,542:INFO:create_model(self=<pycaret.classification.oop.ClassificationExperiment object at 0x0000026AE0EF74D0>, estimator=knn, fold=StratifiedKFold(n_splits=10, random_state=None, shuffle=False), round=4, cross_validation=True, predict=True, fit_kwargs={}, groups=None, refit=False, probability_threshold=None, experiment_custom_tags=None, verbose=False, system=False, add_to_model_list=True, metrics=None, display=<pycaret.internal.display.display.CommonDisplay object at 0x0000026ADF1BAC10>, model_only=True, return_train_score=False, error_score=0.0, kwargs={})
2026-06-10 20:15:19,542:INFO:Checking exceptions
2026-06-10 20:15:19,542:INFO:Importing libraries
2026-06-10 20:15:19,542:INFO:Copying training dataset
2026-06-10 20:15:19,845:INFO:Defining folds
2026-06-10 20:15:19,845:INFO:Declaring metric variables
2026-06-10 20:15:19,854:INFO:Importing untrained model
2026-06-10 20:15:19,862:INFO:K Neighbors Classifier Imported successfully
2026-06-10 20:15:19,871:INFO:Starting cross validation
2026-06-10 20:15:19,879:INFO:Cross validating with StratifiedKFold(n_splits=10, random_state=None, shuffle=False), n_jobs=-1
2026-06-10 20:27:14,813:INFO:Calculating mean and std
2026-06-10 20:27:14,815:INFO:Creating metrics dataframe
2026-06-10 20:27:14,823:INFO:Uploading results into container
2026-06-10 20:27:14,823:INFO:Uploading model into container now
2026-06-10 20:27:14,823:INFO:_master_model_container: 2
2026-06-10 20:27:14,823:INFO:_display_container: 2
2026-06-10 20:27:14,823:INFO:KNeighborsClassifier(algorithm='auto', leaf_size=30, metric='minkowski',
                     metric_params=None, n_jobs=-1, n_neighbors=5, p=2,
                     weights='uniform')
2026-06-10 20:27:14,823:INFO:create_model() successfully completed......................................
2026-06-10 20:27:16,090:INFO:SubProcess create_model() end ==================================
2026-06-10 20:27:16,090:INFO:Creating metrics dataframe
2026-06-10 20:27:16,115:INFO:Initializing Naive Bayes
2026-06-10 20:27:16,116:INFO:Total runtime is 15.138949362436929 minutes
2026-06-10 20:27:16,125:INFO:SubProcess create_model() called ==================================
2026-06-10 20:27:16,125:INFO:Initializing create_model()
2026-06-10 20:27:16,125:INFO:create_model(self=<pycaret.classification.oop.ClassificationExperiment object at 0x0000026AE0EF74D0>, estimator=nb, fold=StratifiedKFold(n_splits=10, random_state=None, shuffle=False), round=4, cross_validation=True, predict=True, fit_kwargs={}, groups=None, refit=False, probability_threshold=None, experiment_custom_tags=None, verbose=False, system=False, add_to_model_list=True, metrics=None, display=<pycaret.internal.display.display.CommonDisplay object at 0x0000026ADF1BAC10>, model_only=True, return_train_score=False, error_score=0.0, kwargs={})
2026-06-10 20:27:16,125:INFO:Checking exceptions
2026-06-10 20:27:16,125:INFO:Importing libraries
2026-06-10 20:27:16,125:INFO:Copying training dataset
2026-06-10 20:27:16,462:INFO:Defining folds
2026-06-10 20:27:16,462:INFO:Declaring metric variables
2026-06-10 20:27:16,478:INFO:Importing untrained model
2026-06-10 20:27:16,489:INFO:Naive Bayes Imported successfully
2026-06-10 20:27:16,515:INFO:Starting cross validation
2026-06-10 20:27:16,529:INFO:Cross validating with StratifiedKFold(n_splits=10, random_state=None, shuffle=False), n_jobs=-1
2026-06-10 20:29:22,413:INFO:Calculating mean and std
2026-06-10 20:29:22,413:INFO:Creating metrics dataframe
2026-06-10 20:29:22,432:INFO:Uploading results into container
2026-06-10 20:29:22,435:INFO:Uploading model into container now
2026-06-10 20:29:22,436:INFO:_master_model_container: 3
2026-06-10 20:29:22,436:INFO:_display_container: 2
2026-06-10 20:29:22,440:INFO:GaussianNB(priors=None, var_smoothing=1e-09)
2026-06-10 20:29:22,441:INFO:create_model() successfully completed......................................
2026-06-10 20:29:23,843:INFO:SubProcess create_model() end ==================================
2026-06-10 20:29:23,843:INFO:Creating metrics dataframe
2026-06-10 20:29:23,860:INFO:Initializing Decision Tree Classifier
2026-06-10 20:29:23,860:INFO:Total runtime is 17.268015297253925 minutes
2026-06-10 20:29:23,879:INFO:SubProcess create_model() called ==================================
2026-06-10 20:29:23,879:INFO:Initializing create_model()
2026-06-10 20:29:23,879:INFO:create_model(self=<pycaret.classification.oop.ClassificationExperiment object at 0x0000026AE0EF74D0>, estimator=dt, fold=StratifiedKFold(n_splits=10, random_state=None, shuffle=False), round=4, cross_validation=True, predict=True, fit_kwargs={}, groups=None, refit=False, probability_threshold=None, experiment_custom_tags=None, verbose=False, system=False, add_to_model_list=True, metrics=None, display=<pycaret.internal.display.display.CommonDisplay object at 0x0000026ADF1BAC10>, model_only=True, return_train_score=False, error_score=0.0, kwargs={})
2026-06-10 20:29:23,879:INFO:Checking exceptions
2026-06-10 20:29:23,879:INFO:Importing libraries
2026-06-10 20:29:23,879:INFO:Copying training dataset
2026-06-10 20:29:24,146:INFO:Defining folds
2026-06-10 20:29:24,146:INFO:Declaring metric variables
2026-06-10 20:29:24,168:INFO:Importing untrained model
2026-06-10 20:29:24,177:INFO:Decision Tree Classifier Imported successfully
2026-06-10 20:29:24,192:INFO:Starting cross validation
2026-06-10 20:29:24,201:INFO:Cross validating with StratifiedKFold(n_splits=10, random_state=None, shuffle=False), n_jobs=-1
2026-06-10 20:41:38,969:INFO:Calculating mean and std
2026-06-10 20:41:38,971:INFO:Creating metrics dataframe
2026-06-10 20:41:38,974:INFO:Uploading results into container
2026-06-10 20:41:38,974:INFO:Uploading model into container now
2026-06-10 20:41:38,974:INFO:_master_model_container: 4
2026-06-10 20:41:38,974:INFO:_display_container: 2
2026-06-10 20:41:38,974:INFO:DecisionTreeClassifier(ccp_alpha=0.0, class_weight=None, criterion='gini',
                       max_depth=None, max_features=None, max_leaf_nodes=None,
                       min_impurity_decrease=0.0, min_samples_leaf=1,
                       min_samples_split=2, min_weight_fraction_leaf=0.0,
                       random_state=40, splitter='best')
2026-06-10 20:41:38,974:INFO:create_model() successfully completed......................................
2026-06-10 20:41:39,935:INFO:SubProcess create_model() end ==================================
2026-06-10 20:41:39,935:INFO:Creating metrics dataframe
2026-06-10 20:41:39,942:INFO:Initializing SVM - Linear Kernel
2026-06-10 20:41:39,942:INFO:Total runtime is 29.536051189899442 minutes
2026-06-10 20:41:39,958:INFO:SubProcess create_model() called ==================================
2026-06-10 20:41:39,958:INFO:Initializing create_model()
2026-06-10 20:41:39,958:INFO:create_model(self=<pycaret.classification.oop.ClassificationExperiment object at 0x0000026AE0EF74D0>, estimator=svm, fold=StratifiedKFold(n_splits=10, random_state=None, shuffle=False), round=4, cross_validation=True, predict=True, fit_kwargs={}, groups=None, refit=False, probability_threshold=None, experiment_custom_tags=None, verbose=False, system=False, add_to_model_list=True, metrics=None, display=<pycaret.internal.display.display.CommonDisplay object at 0x0000026ADF1BAC10>, model_only=True, return_train_score=False, error_score=0.0, kwargs={})
2026-06-10 20:41:39,963:INFO:Checking exceptions
2026-06-10 20:41:39,963:INFO:Importing libraries
2026-06-10 20:41:39,963:INFO:Copying training dataset
2026-06-10 20:41:40,343:INFO:Defining folds
2026-06-10 20:41:40,357:INFO:Declaring metric variables
2026-06-10 20:41:40,367:INFO:Importing untrained model
2026-06-10 20:41:40,378:INFO:SVM - Linear Kernel Imported successfully
2026-06-10 20:41:40,398:INFO:Starting cross validation
2026-06-10 20:41:40,409:INFO:Cross validating with StratifiedKFold(n_splits=10, random_state=None, shuffle=False), n_jobs=-1
2026-06-10 20:43:19,498:WARNING:c:\Users\DELL\anaconda3\envs\p11_env\Lib\site-packages\pycaret\internal\metrics.py:190: FitFailedWarning: Metric 'make_scorer(roc_auc_score, needs_proba=True, error_score=0.0, average=weighted, multi_class=ovr)' failed and error score 0.0 has been returned instead. If this is a custom metric, this usually means that the error is in the metric code. Full exception below:
Traceback (most recent call last):
  File "c:\Users\DELL\anaconda3\envs\p11_env\Lib\site-packages\sklearn\metrics\_scorer.py", line 76, in _cached_call
    return cache[method]
           ~~~~~^^^^^^^^
KeyError: 'predict_proba'

During handling of the above exception, another exception occurred:

Traceback (most recent call last):
  File "c:\Users\DELL\anaconda3\envs\p11_env\Lib\site-packages\pycaret\internal\metrics.py", line 182, in _score
    return super()._score(
           ^^^^^^^^^^^^^^^
  File "c:\Users\DELL\anaconda3\envs\p11_env\Lib\site-packages\sklearn\metrics\_scorer.py", line 316, in _score
    y_pred = method_caller(clf, "predict_proba", X)
             ^^^^^^^^^^^^^^^^^^^^^^^^^^^^^^^^^^^^^^
  File "c:\Users\DELL\anaconda3\envs\p11_env\Lib\site-packages\sklearn\metrics\_scorer.py", line 78, in _cached_call
    result = getattr(estimator, method)(*args, **kwargs)
             ^^^^^^^^^^^^^^^^^^^^^^^^^^
  File "c:\Users\DELL\anaconda3\envs\p11_env\Lib\site-packages\pycaret\internal\pipeline.py", line 127, in __getattr__
    return getattr(self._final_estimator, name)
           ^^^^^^^^^^^^^^^^^^^^^^^^^^^^^^^^^^^^
  File "c:\Users\DELL\anaconda3\envs\p11_env\Lib\site-packages\sklearn\utils\_available_if.py", line 32, in __get__
    if not self.check(obj):
           ^^^^^^^^^^^^^^^
  File "c:\Users\DELL\anaconda3\envs\p11_env\Lib\site-packages\sklearn\linear_model\_stochastic_gradient.py", line 1235, in _check_proba
    raise AttributeError(
AttributeError: probability estimates are not available for loss='hinge'

  warnings.warn(

2026-06-10 20:43:24,662:WARNING:c:\Users\DELL\anaconda3\envs\p11_env\Lib\site-packages\pycaret\internal\metrics.py:190: FitFailedWarning: Metric 'make_scorer(roc_auc_score, needs_proba=True, error_score=0.0, average=weighted, multi_class=ovr)' failed and error score 0.0 has been returned instead. If this is a custom metric, this usually means that the error is in the metric code. Full exception below:
Traceback (most recent call last):
  File "c:\Users\DELL\anaconda3\envs\p11_env\Lib\site-packages\sklearn\metrics\_scorer.py", line 76, in _cached_call
    return cache[method]
           ~~~~~^^^^^^^^
KeyError: 'predict_proba'

During handling of the above exception, another exception occurred:

Traceback (most recent call last):
  File "c:\Users\DELL\anaconda3\envs\p11_env\Lib\site-packages\pycaret\internal\metrics.py", line 182, in _score
    return super()._score(
           ^^^^^^^^^^^^^^^
  File "c:\Users\DELL\anaconda3\envs\p11_env\Lib\site-packages\sklearn\metrics\_scorer.py", line 316, in _score
    y_pred = method_caller(clf, "predict_proba", X)
             ^^^^^^^^^^^^^^^^^^^^^^^^^^^^^^^^^^^^^^
  File "c:\Users\DELL\anaconda3\envs\p11_env\Lib\site-packages\sklearn\metrics\_scorer.py", line 78, in _cached_call
    result = getattr(estimator, method)(*args, **kwargs)
             ^^^^^^^^^^^^^^^^^^^^^^^^^^
  File "c:\Users\DELL\anaconda3\envs\p11_env\Lib\site-packages\pycaret\internal\pipeline.py", line 127, in __getattr__
    return getattr(self._final_estimator, name)
           ^^^^^^^^^^^^^^^^^^^^^^^^^^^^^^^^^^^^
  File "c:\Users\DELL\anaconda3\envs\p11_env\Lib\site-packages\sklearn\utils\_available_if.py", line 32, in __get__
    if not self.check(obj):
           ^^^^^^^^^^^^^^^
  File "c:\Users\DELL\anaconda3\envs\p11_env\Lib\site-packages\sklearn\linear_model\_stochastic_gradient.py", line 1235, in _check_proba
    raise AttributeError(
AttributeError: probability estimates are not available for loss='hinge'

  warnings.warn(

2026-06-10 20:43:26,603:WARNING:c:\Users\DELL\anaconda3\envs\p11_env\Lib\site-packages\pycaret\internal\metrics.py:190: FitFailedWarning: Metric 'make_scorer(roc_auc_score, needs_proba=True, error_score=0.0, average=weighted, multi_class=ovr)' failed and error score 0.0 has been returned instead. If this is a custom metric, this usually means that the error is in the metric code. Full exception below:
Traceback (most recent call last):
  File "c:\Users\DELL\anaconda3\envs\p11_env\Lib\site-packages\sklearn\metrics\_scorer.py", line 76, in _cached_call
    return cache[method]
           ~~~~~^^^^^^^^
KeyError: 'predict_proba'

During handling of the above exception, another exception occurred:

Traceback (most recent call last):
  File "c:\Users\DELL\anaconda3\envs\p11_env\Lib\site-packages\pycaret\internal\metrics.py", line 182, in _score
    return super()._score(
           ^^^^^^^^^^^^^^^
  File "c:\Users\DELL\anaconda3\envs\p11_env\Lib\site-packages\sklearn\metrics\_scorer.py", line 316, in _score
    y_pred = method_caller(clf, "predict_proba", X)
             ^^^^^^^^^^^^^^^^^^^^^^^^^^^^^^^^^^^^^^
  File "c:\Users\DELL\anaconda3\envs\p11_env\Lib\site-packages\sklearn\metrics\_scorer.py", line 78, in _cached_call
    result = getattr(estimator, method)(*args, **kwargs)
             ^^^^^^^^^^^^^^^^^^^^^^^^^^
  File "c:\Users\DELL\anaconda3\envs\p11_env\Lib\site-packages\pycaret\internal\pipeline.py", line 127, in __getattr__
    return getattr(self._final_estimator, name)
           ^^^^^^^^^^^^^^^^^^^^^^^^^^^^^^^^^^^^
  File "c:\Users\DELL\anaconda3\envs\p11_env\Lib\site-packages\sklearn\utils\_available_if.py", line 32, in __get__
    if not self.check(obj):
           ^^^^^^^^^^^^^^^
  File "c:\Users\DELL\anaconda3\envs\p11_env\Lib\site-packages\sklearn\linear_model\_stochastic_gradient.py", line 1235, in _check_proba
    raise AttributeError(
AttributeError: probability estimates are not available for loss='hinge'

  warnings.warn(

2026-06-10 20:43:28,396:WARNING:c:\Users\DELL\anaconda3\envs\p11_env\Lib\site-packages\pycaret\internal\metrics.py:190: FitFailedWarning: Metric 'make_scorer(roc_auc_score, needs_proba=True, error_score=0.0, average=weighted, multi_class=ovr)' failed and error score 0.0 has been returned instead. If this is a custom metric, this usually means that the error is in the metric code. Full exception below:
Traceback (most recent call last):
  File "c:\Users\DELL\anaconda3\envs\p11_env\Lib\site-packages\sklearn\metrics\_scorer.py", line 76, in _cached_call
    return cache[method]
           ~~~~~^^^^^^^^
KeyError: 'predict_proba'

During handling of the above exception, another exception occurred:

Traceback (most recent call last):
  File "c:\Users\DELL\anaconda3\envs\p11_env\Lib\site-packages\pycaret\internal\metrics.py", line 182, in _score
    return super()._score(
           ^^^^^^^^^^^^^^^
  File "c:\Users\DELL\anaconda3\envs\p11_env\Lib\site-packages\sklearn\metrics\_scorer.py", line 316, in _score
    y_pred = method_caller(clf, "predict_proba", X)
             ^^^^^^^^^^^^^^^^^^^^^^^^^^^^^^^^^^^^^^
  File "c:\Users\DELL\anaconda3\envs\p11_env\Lib\site-packages\sklearn\metrics\_scorer.py", line 78, in _cached_call
    result = getattr(estimator, method)(*args, **kwargs)
             ^^^^^^^^^^^^^^^^^^^^^^^^^^
  File "c:\Users\DELL\anaconda3\envs\p11_env\Lib\site-packages\pycaret\internal\pipeline.py", line 127, in __getattr__
    return getattr(self._final_estimator, name)
           ^^^^^^^^^^^^^^^^^^^^^^^^^^^^^^^^^^^^
  File "c:\Users\DELL\anaconda3\envs\p11_env\Lib\site-packages\sklearn\utils\_available_if.py", line 32, in __get__
    if not self.check(obj):
           ^^^^^^^^^^^^^^^
  File "c:\Users\DELL\anaconda3\envs\p11_env\Lib\site-packages\sklearn\linear_model\_stochastic_gradient.py", line 1235, in _check_proba
    raise AttributeError(
AttributeError: probability estimates are not available for loss='hinge'

  warnings.warn(

2026-06-10 20:43:30,407:WARNING:c:\Users\DELL\anaconda3\envs\p11_env\Lib\site-packages\pycaret\internal\metrics.py:190: FitFailedWarning: Metric 'make_scorer(roc_auc_score, needs_proba=True, error_score=0.0, average=weighted, multi_class=ovr)' failed and error score 0.0 has been returned instead. If this is a custom metric, this usually means that the error is in the metric code. Full exception below:
Traceback (most recent call last):
  File "c:\Users\DELL\anaconda3\envs\p11_env\Lib\site-packages\sklearn\metrics\_scorer.py", line 76, in _cached_call
    return cache[method]
           ~~~~~^^^^^^^^
KeyError: 'predict_proba'

During handling of the above exception, another exception occurred:

Traceback (most recent call last):
  File "c:\Users\DELL\anaconda3\envs\p11_env\Lib\site-packages\pycaret\internal\metrics.py", line 182, in _score
    return super()._score(
           ^^^^^^^^^^^^^^^
  File "c:\Users\DELL\anaconda3\envs\p11_env\Lib\site-packages\sklearn\metrics\_scorer.py", line 316, in _score
    y_pred = method_caller(clf, "predict_proba", X)
             ^^^^^^^^^^^^^^^^^^^^^^^^^^^^^^^^^^^^^^
  File "c:\Users\DELL\anaconda3\envs\p11_env\Lib\site-packages\sklearn\metrics\_scorer.py", line 78, in _cached_call
    result = getattr(estimator, method)(*args, **kwargs)
             ^^^^^^^^^^^^^^^^^^^^^^^^^^
  File "c:\Users\DELL\anaconda3\envs\p11_env\Lib\site-packages\pycaret\internal\pipeline.py", line 127, in __getattr__
    return getattr(self._final_estimator, name)
           ^^^^^^^^^^^^^^^^^^^^^^^^^^^^^^^^^^^^
  File "c:\Users\DELL\anaconda3\envs\p11_env\Lib\site-packages\sklearn\utils\_available_if.py", line 32, in __get__
    if not self.check(obj):
           ^^^^^^^^^^^^^^^
  File "c:\Users\DELL\anaconda3\envs\p11_env\Lib\site-packages\sklearn\linear_model\_stochastic_gradient.py", line 1235, in _check_proba
    raise AttributeError(
AttributeError: probability estimates are not available for loss='hinge'

  warnings.warn(

2026-06-10 20:43:31,669:WARNING:c:\Users\DELL\anaconda3\envs\p11_env\Lib\site-packages\pycaret\internal\metrics.py:190: FitFailedWarning: Metric 'make_scorer(roc_auc_score, needs_proba=True, error_score=0.0, average=weighted, multi_class=ovr)' failed and error score 0.0 has been returned instead. If this is a custom metric, this usually means that the error is in the metric code. Full exception below:
Traceback (most recent call last):
  File "c:\Users\DELL\anaconda3\envs\p11_env\Lib\site-packages\sklearn\metrics\_scorer.py", line 76, in _cached_call
    return cache[method]
           ~~~~~^^^^^^^^
KeyError: 'predict_proba'

During handling of the above exception, another exception occurred:

Traceback (most recent call last):
  File "c:\Users\DELL\anaconda3\envs\p11_env\Lib\site-packages\pycaret\internal\metrics.py", line 182, in _score
    return super()._score(
           ^^^^^^^^^^^^^^^
  File "c:\Users\DELL\anaconda3\envs\p11_env\Lib\site-packages\sklearn\metrics\_scorer.py", line 316, in _score
    y_pred = method_caller(clf, "predict_proba", X)
             ^^^^^^^^^^^^^^^^^^^^^^^^^^^^^^^^^^^^^^
  File "c:\Users\DELL\anaconda3\envs\p11_env\Lib\site-packages\sklearn\metrics\_scorer.py", line 78, in _cached_call
    result = getattr(estimator, method)(*args, **kwargs)
             ^^^^^^^^^^^^^^^^^^^^^^^^^^
  File "c:\Users\DELL\anaconda3\envs\p11_env\Lib\site-packages\pycaret\internal\pipeline.py", line 127, in __getattr__
    return getattr(self._final_estimator, name)
           ^^^^^^^^^^^^^^^^^^^^^^^^^^^^^^^^^^^^
  File "c:\Users\DELL\anaconda3\envs\p11_env\Lib\site-packages\sklearn\utils\_available_if.py", line 32, in __get__
    if not self.check(obj):
           ^^^^^^^^^^^^^^^
  File "c:\Users\DELL\anaconda3\envs\p11_env\Lib\site-packages\sklearn\linear_model\_stochastic_gradient.py", line 1235, in _check_proba
    raise AttributeError(
AttributeError: probability estimates are not available for loss='hinge'

  warnings.warn(

2026-06-10 20:43:32,245:WARNING:c:\Users\DELL\anaconda3\envs\p11_env\Lib\site-packages\pycaret\internal\metrics.py:190: FitFailedWarning: Metric 'make_scorer(roc_auc_score, needs_proba=True, error_score=0.0, average=weighted, multi_class=ovr)' failed and error score 0.0 has been returned instead. If this is a custom metric, this usually means that the error is in the metric code. Full exception below:
Traceback (most recent call last):
  File "c:\Users\DELL\anaconda3\envs\p11_env\Lib\site-packages\sklearn\metrics\_scorer.py", line 76, in _cached_call
    return cache[method]
           ~~~~~^^^^^^^^
KeyError: 'predict_proba'

During handling of the above exception, another exception occurred:

Traceback (most recent call last):
  File "c:\Users\DELL\anaconda3\envs\p11_env\Lib\site-packages\pycaret\internal\metrics.py", line 182, in _score
    return super()._score(
           ^^^^^^^^^^^^^^^
  File "c:\Users\DELL\anaconda3\envs\p11_env\Lib\site-packages\sklearn\metrics\_scorer.py", line 316, in _score
    y_pred = method_caller(clf, "predict_proba", X)
             ^^^^^^^^^^^^^^^^^^^^^^^^^^^^^^^^^^^^^^
  File "c:\Users\DELL\anaconda3\envs\p11_env\Lib\site-packages\sklearn\metrics\_scorer.py", line 78, in _cached_call
    result = getattr(estimator, method)(*args, **kwargs)
             ^^^^^^^^^^^^^^^^^^^^^^^^^^
  File "c:\Users\DELL\anaconda3\envs\p11_env\Lib\site-packages\pycaret\internal\pipeline.py", line 127, in __getattr__
    return getattr(self._final_estimator, name)
           ^^^^^^^^^^^^^^^^^^^^^^^^^^^^^^^^^^^^
  File "c:\Users\DELL\anaconda3\envs\p11_env\Lib\site-packages\sklearn\utils\_available_if.py", line 32, in __get__
    if not self.check(obj):
           ^^^^^^^^^^^^^^^
  File "c:\Users\DELL\anaconda3\envs\p11_env\Lib\site-packages\sklearn\linear_model\_stochastic_gradient.py", line 1235, in _check_proba
    raise AttributeError(
AttributeError: probability estimates are not available for loss='hinge'

  warnings.warn(

2026-06-10 20:43:32,885:WARNING:c:\Users\DELL\anaconda3\envs\p11_env\Lib\site-packages\pycaret\internal\metrics.py:190: FitFailedWarning: Metric 'make_scorer(roc_auc_score, needs_proba=True, error_score=0.0, average=weighted, multi_class=ovr)' failed and error score 0.0 has been returned instead. If this is a custom metric, this usually means that the error is in the metric code. Full exception below:
Traceback (most recent call last):
  File "c:\Users\DELL\anaconda3\envs\p11_env\Lib\site-packages\sklearn\metrics\_scorer.py", line 76, in _cached_call
    return cache[method]
           ~~~~~^^^^^^^^
KeyError: 'predict_proba'

During handling of the above exception, another exception occurred:

Traceback (most recent call last):
  File "c:\Users\DELL\anaconda3\envs\p11_env\Lib\site-packages\pycaret\internal\metrics.py", line 182, in _score
    return super()._score(
           ^^^^^^^^^^^^^^^
  File "c:\Users\DELL\anaconda3\envs\p11_env\Lib\site-packages\sklearn\metrics\_scorer.py", line 316, in _score
    y_pred = method_caller(clf, "predict_proba", X)
             ^^^^^^^^^^^^^^^^^^^^^^^^^^^^^^^^^^^^^^
  File "c:\Users\DELL\anaconda3\envs\p11_env\Lib\site-packages\sklearn\metrics\_scorer.py", line 78, in _cached_call
    result = getattr(estimator, method)(*args, **kwargs)
             ^^^^^^^^^^^^^^^^^^^^^^^^^^
  File "c:\Users\DELL\anaconda3\envs\p11_env\Lib\site-packages\pycaret\internal\pipeline.py", line 127, in __getattr__
    return getattr(self._final_estimator, name)
           ^^^^^^^^^^^^^^^^^^^^^^^^^^^^^^^^^^^^
  File "c:\Users\DELL\anaconda3\envs\p11_env\Lib\site-packages\sklearn\utils\_available_if.py", line 32, in __get__
    if not self.check(obj):
           ^^^^^^^^^^^^^^^
  File "c:\Users\DELL\anaconda3\envs\p11_env\Lib\site-packages\sklearn\linear_model\_stochastic_gradient.py", line 1235, in _check_proba
    raise AttributeError(
AttributeError: probability estimates are not available for loss='hinge'

  warnings.warn(

2026-06-10 20:44:28,102:WARNING:c:\Users\DELL\anaconda3\envs\p11_env\Lib\site-packages\pycaret\internal\metrics.py:190: FitFailedWarning: Metric 'make_scorer(roc_auc_score, needs_proba=True, error_score=0.0, average=weighted, multi_class=ovr)' failed and error score 0.0 has been returned instead. If this is a custom metric, this usually means that the error is in the metric code. Full exception below:
Traceback (most recent call last):
  File "c:\Users\DELL\anaconda3\envs\p11_env\Lib\site-packages\sklearn\metrics\_scorer.py", line 76, in _cached_call
    return cache[method]
           ~~~~~^^^^^^^^
KeyError: 'predict_proba'

During handling of the above exception, another exception occurred:

Traceback (most recent call last):
  File "c:\Users\DELL\anaconda3\envs\p11_env\Lib\site-packages\pycaret\internal\metrics.py", line 182, in _score
    return super()._score(
           ^^^^^^^^^^^^^^^
  File "c:\Users\DELL\anaconda3\envs\p11_env\Lib\site-packages\sklearn\metrics\_scorer.py", line 316, in _score
    y_pred = method_caller(clf, "predict_proba", X)
             ^^^^^^^^^^^^^^^^^^^^^^^^^^^^^^^^^^^^^^
  File "c:\Users\DELL\anaconda3\envs\p11_env\Lib\site-packages\sklearn\metrics\_scorer.py", line 78, in _cached_call
    result = getattr(estimator, method)(*args, **kwargs)
             ^^^^^^^^^^^^^^^^^^^^^^^^^^
  File "c:\Users\DELL\anaconda3\envs\p11_env\Lib\site-packages\pycaret\internal\pipeline.py", line 127, in __getattr__
    return getattr(self._final_estimator, name)
           ^^^^^^^^^^^^^^^^^^^^^^^^^^^^^^^^^^^^
  File "c:\Users\DELL\anaconda3\envs\p11_env\Lib\site-packages\sklearn\utils\_available_if.py", line 32, in __get__
    if not self.check(obj):
           ^^^^^^^^^^^^^^^
  File "c:\Users\DELL\anaconda3\envs\p11_env\Lib\site-packages\sklearn\linear_model\_stochastic_gradient.py", line 1235, in _check_proba
    raise AttributeError(
AttributeError: probability estimates are not available for loss='hinge'

  warnings.warn(

2026-06-10 20:44:30,070:WARNING:c:\Users\DELL\anaconda3\envs\p11_env\Lib\site-packages\pycaret\internal\metrics.py:190: FitFailedWarning: Metric 'make_scorer(roc_auc_score, needs_proba=True, error_score=0.0, average=weighted, multi_class=ovr)' failed and error score 0.0 has been returned instead. If this is a custom metric, this usually means that the error is in the metric code. Full exception below:
Traceback (most recent call last):
  File "c:\Users\DELL\anaconda3\envs\p11_env\Lib\site-packages\sklearn\metrics\_scorer.py", line 76, in _cached_call
    return cache[method]
           ~~~~~^^^^^^^^
KeyError: 'predict_proba'

During handling of the above exception, another exception occurred:

Traceback (most recent call last):
  File "c:\Users\DELL\anaconda3\envs\p11_env\Lib\site-packages\pycaret\internal\metrics.py", line 182, in _score
    return super()._score(
           ^^^^^^^^^^^^^^^
  File "c:\Users\DELL\anaconda3\envs\p11_env\Lib\site-packages\sklearn\metrics\_scorer.py", line 316, in _score
    y_pred = method_caller(clf, "predict_proba", X)
             ^^^^^^^^^^^^^^^^^^^^^^^^^^^^^^^^^^^^^^
  File "c:\Users\DELL\anaconda3\envs\p11_env\Lib\site-packages\sklearn\metrics\_scorer.py", line 78, in _cached_call
    result = getattr(estimator, method)(*args, **kwargs)
             ^^^^^^^^^^^^^^^^^^^^^^^^^^
  File "c:\Users\DELL\anaconda3\envs\p11_env\Lib\site-packages\pycaret\internal\pipeline.py", line 127, in __getattr__
    return getattr(self._final_estimator, name)
           ^^^^^^^^^^^^^^^^^^^^^^^^^^^^^^^^^^^^
  File "c:\Users\DELL\anaconda3\envs\p11_env\Lib\site-packages\sklearn\utils\_available_if.py", line 32, in __get__
    if not self.check(obj):
           ^^^^^^^^^^^^^^^
  File "c:\Users\DELL\anaconda3\envs\p11_env\Lib\site-packages\sklearn\linear_model\_stochastic_gradient.py", line 1235, in _check_proba
    raise AttributeError(
AttributeError: probability estimates are not available for loss='hinge'

  warnings.warn(

2026-06-10 20:44:30,592:INFO:Calculating mean and std
2026-06-10 20:44:30,601:INFO:Creating metrics dataframe
2026-06-10 20:44:30,641:INFO:Uploading results into container
2026-06-10 20:44:30,646:INFO:Uploading model into container now
2026-06-10 20:44:30,656:INFO:_master_model_container: 5
2026-06-10 20:44:30,658:INFO:_display_container: 2
2026-06-10 20:44:30,665:INFO:SGDClassifier(alpha=0.0001, average=False, class_weight=None,
              early_stopping=False, epsilon=0.1, eta0=0.001, fit_intercept=True,
              l1_ratio=0.15, learning_rate='optimal', loss='hinge',
              max_iter=1000, n_iter_no_change=5, n_jobs=-1, penalty='l2',
              power_t=0.5, random_state=40, shuffle=True, tol=0.001,
              validation_fraction=0.1, verbose=0, warm_start=False)
2026-06-10 20:44:30,666:INFO:create_model() successfully completed......................................
2026-06-10 20:44:33,331:INFO:SubProcess create_model() end ==================================
2026-06-10 20:44:33,332:INFO:Creating metrics dataframe
2026-06-10 20:44:33,403:INFO:Initializing Ridge Classifier
2026-06-10 20:44:33,406:INFO:Total runtime is 32.42711945374806 minutes
2026-06-10 20:44:33,432:INFO:SubProcess create_model() called ==================================
2026-06-10 20:44:33,434:INFO:Initializing create_model()
2026-06-10 20:44:33,434:INFO:create_model(self=<pycaret.classification.oop.ClassificationExperiment object at 0x0000026AE0EF74D0>, estimator=ridge, fold=StratifiedKFold(n_splits=10, random_state=None, shuffle=False), round=4, cross_validation=True, predict=True, fit_kwargs={}, groups=None, refit=False, probability_threshold=None, experiment_custom_tags=None, verbose=False, system=False, add_to_model_list=True, metrics=None, display=<pycaret.internal.display.display.CommonDisplay object at 0x0000026ADF1BAC10>, model_only=True, return_train_score=False, error_score=0.0, kwargs={})
2026-06-10 20:44:33,434:INFO:Checking exceptions
2026-06-10 20:44:33,434:INFO:Importing libraries
2026-06-10 20:44:33,434:INFO:Copying training dataset
2026-06-10 20:44:34,509:INFO:Defining folds
2026-06-10 20:44:34,512:INFO:Declaring metric variables
2026-06-10 20:44:34,550:INFO:Importing untrained model
2026-06-10 20:44:34,583:INFO:Ridge Classifier Imported successfully
2026-06-10 20:44:34,647:INFO:Starting cross validation
2026-06-10 20:44:34,672:INFO:Cross validating with StratifiedKFold(n_splits=10, random_state=None, shuffle=False), n_jobs=-1
2026-06-10 20:45:52,934:WARNING:c:\Users\DELL\anaconda3\envs\p11_env\Lib\site-packages\pycaret\internal\metrics.py:190: FitFailedWarning: Metric 'make_scorer(roc_auc_score, needs_proba=True, error_score=0.0, average=weighted, multi_class=ovr)' failed and error score 0.0 has been returned instead. If this is a custom metric, this usually means that the error is in the metric code. Full exception below:
Traceback (most recent call last):
  File "c:\Users\DELL\anaconda3\envs\p11_env\Lib\site-packages\sklearn\metrics\_scorer.py", line 76, in _cached_call
    return cache[method]
           ~~~~~^^^^^^^^
KeyError: 'predict_proba'

During handling of the above exception, another exception occurred:

Traceback (most recent call last):
  File "c:\Users\DELL\anaconda3\envs\p11_env\Lib\site-packages\pycaret\internal\metrics.py", line 182, in _score
    return super()._score(
           ^^^^^^^^^^^^^^^
  File "c:\Users\DELL\anaconda3\envs\p11_env\Lib\site-packages\sklearn\metrics\_scorer.py", line 316, in _score
    y_pred = method_caller(clf, "predict_proba", X)
             ^^^^^^^^^^^^^^^^^^^^^^^^^^^^^^^^^^^^^^
  File "c:\Users\DELL\anaconda3\envs\p11_env\Lib\site-packages\sklearn\metrics\_scorer.py", line 78, in _cached_call
    result = getattr(estimator, method)(*args, **kwargs)
             ^^^^^^^^^^^^^^^^^^^^^^^^^^
  File "c:\Users\DELL\anaconda3\envs\p11_env\Lib\site-packages\pycaret\internal\pipeline.py", line 127, in __getattr__
    return getattr(self._final_estimator, name)
           ^^^^^^^^^^^^^^^^^^^^^^^^^^^^^^^^^^^^
AttributeError: 'RidgeClassifier' object has no attribute 'predict_proba'

  warnings.warn(

2026-06-10 20:45:55,112:WARNING:c:\Users\DELL\anaconda3\envs\p11_env\Lib\site-packages\pycaret\internal\metrics.py:190: FitFailedWarning: Metric 'make_scorer(roc_auc_score, needs_proba=True, error_score=0.0, average=weighted, multi_class=ovr)' failed and error score 0.0 has been returned instead. If this is a custom metric, this usually means that the error is in the metric code. Full exception below:
Traceback (most recent call last):
  File "c:\Users\DELL\anaconda3\envs\p11_env\Lib\site-packages\sklearn\metrics\_scorer.py", line 76, in _cached_call
    return cache[method]
           ~~~~~^^^^^^^^
KeyError: 'predict_proba'

During handling of the above exception, another exception occurred:

Traceback (most recent call last):
  File "c:\Users\DELL\anaconda3\envs\p11_env\Lib\site-packages\pycaret\internal\metrics.py", line 182, in _score
    return super()._score(
           ^^^^^^^^^^^^^^^
  File "c:\Users\DELL\anaconda3\envs\p11_env\Lib\site-packages\sklearn\metrics\_scorer.py", line 316, in _score
    y_pred = method_caller(clf, "predict_proba", X)
             ^^^^^^^^^^^^^^^^^^^^^^^^^^^^^^^^^^^^^^
  File "c:\Users\DELL\anaconda3\envs\p11_env\Lib\site-packages\sklearn\metrics\_scorer.py", line 78, in _cached_call
    result = getattr(estimator, method)(*args, **kwargs)
             ^^^^^^^^^^^^^^^^^^^^^^^^^^
  File "c:\Users\DELL\anaconda3\envs\p11_env\Lib\site-packages\pycaret\internal\pipeline.py", line 127, in __getattr__
    return getattr(self._final_estimator, name)
           ^^^^^^^^^^^^^^^^^^^^^^^^^^^^^^^^^^^^
AttributeError: 'RidgeClassifier' object has no attribute 'predict_proba'

  warnings.warn(

2026-06-10 20:45:56,891:WARNING:c:\Users\DELL\anaconda3\envs\p11_env\Lib\site-packages\pycaret\internal\metrics.py:190: FitFailedWarning: Metric 'make_scorer(roc_auc_score, needs_proba=True, error_score=0.0, average=weighted, multi_class=ovr)' failed and error score 0.0 has been returned instead. If this is a custom metric, this usually means that the error is in the metric code. Full exception below:
Traceback (most recent call last):
  File "c:\Users\DELL\anaconda3\envs\p11_env\Lib\site-packages\sklearn\metrics\_scorer.py", line 76, in _cached_call
    return cache[method]
           ~~~~~^^^^^^^^
KeyError: 'predict_proba'

During handling of the above exception, another exception occurred:

Traceback (most recent call last):
  File "c:\Users\DELL\anaconda3\envs\p11_env\Lib\site-packages\pycaret\internal\metrics.py", line 182, in _score
    return super()._score(
           ^^^^^^^^^^^^^^^
  File "c:\Users\DELL\anaconda3\envs\p11_env\Lib\site-packages\sklearn\metrics\_scorer.py", line 316, in _score
    y_pred = method_caller(clf, "predict_proba", X)
             ^^^^^^^^^^^^^^^^^^^^^^^^^^^^^^^^^^^^^^
  File "c:\Users\DELL\anaconda3\envs\p11_env\Lib\site-packages\sklearn\metrics\_scorer.py", line 78, in _cached_call
    result = getattr(estimator, method)(*args, **kwargs)
             ^^^^^^^^^^^^^^^^^^^^^^^^^^
  File "c:\Users\DELL\anaconda3\envs\p11_env\Lib\site-packages\pycaret\internal\pipeline.py", line 127, in __getattr__
    return getattr(self._final_estimator, name)
           ^^^^^^^^^^^^^^^^^^^^^^^^^^^^^^^^^^^^
AttributeError: 'RidgeClassifier' object has no attribute 'predict_proba'

  warnings.warn(

2026-06-10 20:45:57,801:WARNING:c:\Users\DELL\anaconda3\envs\p11_env\Lib\site-packages\pycaret\internal\metrics.py:190: FitFailedWarning: Metric 'make_scorer(roc_auc_score, needs_proba=True, error_score=0.0, average=weighted, multi_class=ovr)' failed and error score 0.0 has been returned instead. If this is a custom metric, this usually means that the error is in the metric code. Full exception below:
Traceback (most recent call last):
  File "c:\Users\DELL\anaconda3\envs\p11_env\Lib\site-packages\sklearn\metrics\_scorer.py", line 76, in _cached_call
    return cache[method]
           ~~~~~^^^^^^^^
KeyError: 'predict_proba'

During handling of the above exception, another exception occurred:

Traceback (most recent call last):
  File "c:\Users\DELL\anaconda3\envs\p11_env\Lib\site-packages\pycaret\internal\metrics.py", line 182, in _score
    return super()._score(
           ^^^^^^^^^^^^^^^
  File "c:\Users\DELL\anaconda3\envs\p11_env\Lib\site-packages\sklearn\metrics\_scorer.py", line 316, in _score
    y_pred = method_caller(clf, "predict_proba", X)
             ^^^^^^^^^^^^^^^^^^^^^^^^^^^^^^^^^^^^^^
  File "c:\Users\DELL\anaconda3\envs\p11_env\Lib\site-packages\sklearn\metrics\_scorer.py", line 78, in _cached_call
    result = getattr(estimator, method)(*args, **kwargs)
             ^^^^^^^^^^^^^^^^^^^^^^^^^^
  File "c:\Users\DELL\anaconda3\envs\p11_env\Lib\site-packages\pycaret\internal\pipeline.py", line 127, in __getattr__
    return getattr(self._final_estimator, name)
           ^^^^^^^^^^^^^^^^^^^^^^^^^^^^^^^^^^^^
AttributeError: 'RidgeClassifier' object has no attribute 'predict_proba'

  warnings.warn(

2026-06-10 20:46:00,349:WARNING:c:\Users\DELL\anaconda3\envs\p11_env\Lib\site-packages\pycaret\internal\metrics.py:190: FitFailedWarning: Metric 'make_scorer(roc_auc_score, needs_proba=True, error_score=0.0, average=weighted, multi_class=ovr)' failed and error score 0.0 has been returned instead. If this is a custom metric, this usually means that the error is in the metric code. Full exception below:
Traceback (most recent call last):
  File "c:\Users\DELL\anaconda3\envs\p11_env\Lib\site-packages\sklearn\metrics\_scorer.py", line 76, in _cached_call
    return cache[method]
           ~~~~~^^^^^^^^
KeyError: 'predict_proba'

During handling of the above exception, another exception occurred:

Traceback (most recent call last):
  File "c:\Users\DELL\anaconda3\envs\p11_env\Lib\site-packages\pycaret\internal\metrics.py", line 182, in _score
    return super()._score(
           ^^^^^^^^^^^^^^^
  File "c:\Users\DELL\anaconda3\envs\p11_env\Lib\site-packages\sklearn\metrics\_scorer.py", line 316, in _score
    y_pred = method_caller(clf, "predict_proba", X)
             ^^^^^^^^^^^^^^^^^^^^^^^^^^^^^^^^^^^^^^
  File "c:\Users\DELL\anaconda3\envs\p11_env\Lib\site-packages\sklearn\metrics\_scorer.py", line 78, in _cached_call
    result = getattr(estimator, method)(*args, **kwargs)
             ^^^^^^^^^^^^^^^^^^^^^^^^^^
  File "c:\Users\DELL\anaconda3\envs\p11_env\Lib\site-packages\pycaret\internal\pipeline.py", line 127, in __getattr__
    return getattr(self._final_estimator, name)
           ^^^^^^^^^^^^^^^^^^^^^^^^^^^^^^^^^^^^
AttributeError: 'RidgeClassifier' object has no attribute 'predict_proba'

  warnings.warn(

2026-06-10 20:46:00,563:WARNING:c:\Users\DELL\anaconda3\envs\p11_env\Lib\site-packages\pycaret\internal\metrics.py:190: FitFailedWarning: Metric 'make_scorer(roc_auc_score, needs_proba=True, error_score=0.0, average=weighted, multi_class=ovr)' failed and error score 0.0 has been returned instead. If this is a custom metric, this usually means that the error is in the metric code. Full exception below:
Traceback (most recent call last):
  File "c:\Users\DELL\anaconda3\envs\p11_env\Lib\site-packages\sklearn\metrics\_scorer.py", line 76, in _cached_call
    return cache[method]
           ~~~~~^^^^^^^^
KeyError: 'predict_proba'

During handling of the above exception, another exception occurred:

Traceback (most recent call last):
  File "c:\Users\DELL\anaconda3\envs\p11_env\Lib\site-packages\pycaret\internal\metrics.py", line 182, in _score
    return super()._score(
           ^^^^^^^^^^^^^^^
  File "c:\Users\DELL\anaconda3\envs\p11_env\Lib\site-packages\sklearn\metrics\_scorer.py", line 316, in _score
    y_pred = method_caller(clf, "predict_proba", X)
             ^^^^^^^^^^^^^^^^^^^^^^^^^^^^^^^^^^^^^^
  File "c:\Users\DELL\anaconda3\envs\p11_env\Lib\site-packages\sklearn\metrics\_scorer.py", line 78, in _cached_call
    result = getattr(estimator, method)(*args, **kwargs)
             ^^^^^^^^^^^^^^^^^^^^^^^^^^
  File "c:\Users\DELL\anaconda3\envs\p11_env\Lib\site-packages\pycaret\internal\pipeline.py", line 127, in __getattr__
    return getattr(self._final_estimator, name)
           ^^^^^^^^^^^^^^^^^^^^^^^^^^^^^^^^^^^^
AttributeError: 'RidgeClassifier' object has no attribute 'predict_proba'

  warnings.warn(

2026-06-10 20:46:03,831:WARNING:c:\Users\DELL\anaconda3\envs\p11_env\Lib\site-packages\pycaret\internal\metrics.py:190: FitFailedWarning: Metric 'make_scorer(roc_auc_score, needs_proba=True, error_score=0.0, average=weighted, multi_class=ovr)' failed and error score 0.0 has been returned instead. If this is a custom metric, this usually means that the error is in the metric code. Full exception below:
Traceback (most recent call last):
  File "c:\Users\DELL\anaconda3\envs\p11_env\Lib\site-packages\sklearn\metrics\_scorer.py", line 76, in _cached_call
    return cache[method]
           ~~~~~^^^^^^^^
KeyError: 'predict_proba'

During handling of the above exception, another exception occurred:

Traceback (most recent call last):
  File "c:\Users\DELL\anaconda3\envs\p11_env\Lib\site-packages\pycaret\internal\metrics.py", line 182, in _score
    return super()._score(
           ^^^^^^^^^^^^^^^
  File "c:\Users\DELL\anaconda3\envs\p11_env\Lib\site-packages\sklearn\metrics\_scorer.py", line 316, in _score
    y_pred = method_caller(clf, "predict_proba", X)
             ^^^^^^^^^^^^^^^^^^^^^^^^^^^^^^^^^^^^^^
  File "c:\Users\DELL\anaconda3\envs\p11_env\Lib\site-packages\sklearn\metrics\_scorer.py", line 78, in _cached_call
    result = getattr(estimator, method)(*args, **kwargs)
             ^^^^^^^^^^^^^^^^^^^^^^^^^^
  File "c:\Users\DELL\anaconda3\envs\p11_env\Lib\site-packages\pycaret\internal\pipeline.py", line 127, in __getattr__
    return getattr(self._final_estimator, name)
           ^^^^^^^^^^^^^^^^^^^^^^^^^^^^^^^^^^^^
AttributeError: 'RidgeClassifier' object has no attribute 'predict_proba'

  warnings.warn(

2026-06-10 20:46:07,211:WARNING:c:\Users\DELL\anaconda3\envs\p11_env\Lib\site-packages\pycaret\internal\metrics.py:190: FitFailedWarning: Metric 'make_scorer(roc_auc_score, needs_proba=True, error_score=0.0, average=weighted, multi_class=ovr)' failed and error score 0.0 has been returned instead. If this is a custom metric, this usually means that the error is in the metric code. Full exception below:
Traceback (most recent call last):
  File "c:\Users\DELL\anaconda3\envs\p11_env\Lib\site-packages\sklearn\metrics\_scorer.py", line 76, in _cached_call
    return cache[method]
           ~~~~~^^^^^^^^
KeyError: 'predict_proba'

During handling of the above exception, another exception occurred:

Traceback (most recent call last):
  File "c:\Users\DELL\anaconda3\envs\p11_env\Lib\site-packages\pycaret\internal\metrics.py", line 182, in _score
    return super()._score(
           ^^^^^^^^^^^^^^^
  File "c:\Users\DELL\anaconda3\envs\p11_env\Lib\site-packages\sklearn\metrics\_scorer.py", line 316, in _score
    y_pred = method_caller(clf, "predict_proba", X)
             ^^^^^^^^^^^^^^^^^^^^^^^^^^^^^^^^^^^^^^
  File "c:\Users\DELL\anaconda3\envs\p11_env\Lib\site-packages\sklearn\metrics\_scorer.py", line 78, in _cached_call
    result = getattr(estimator, method)(*args, **kwargs)
             ^^^^^^^^^^^^^^^^^^^^^^^^^^
  File "c:\Users\DELL\anaconda3\envs\p11_env\Lib\site-packages\pycaret\internal\pipeline.py", line 127, in __getattr__
    return getattr(self._final_estimator, name)
           ^^^^^^^^^^^^^^^^^^^^^^^^^^^^^^^^^^^^
AttributeError: 'RidgeClassifier' object has no attribute 'predict_proba'

  warnings.warn(

2026-06-10 20:46:45,877:WARNING:c:\Users\DELL\anaconda3\envs\p11_env\Lib\site-packages\pycaret\internal\metrics.py:190: FitFailedWarning: Metric 'make_scorer(roc_auc_score, needs_proba=True, error_score=0.0, average=weighted, multi_class=ovr)' failed and error score 0.0 has been returned instead. If this is a custom metric, this usually means that the error is in the metric code. Full exception below:
Traceback (most recent call last):
  File "c:\Users\DELL\anaconda3\envs\p11_env\Lib\site-packages\sklearn\metrics\_scorer.py", line 76, in _cached_call
    return cache[method]
           ~~~~~^^^^^^^^
KeyError: 'predict_proba'

During handling of the above exception, another exception occurred:

Traceback (most recent call last):
  File "c:\Users\DELL\anaconda3\envs\p11_env\Lib\site-packages\pycaret\internal\metrics.py", line 182, in _score
    return super()._score(
           ^^^^^^^^^^^^^^^
  File "c:\Users\DELL\anaconda3\envs\p11_env\Lib\site-packages\sklearn\metrics\_scorer.py", line 316, in _score
    y_pred = method_caller(clf, "predict_proba", X)
             ^^^^^^^^^^^^^^^^^^^^^^^^^^^^^^^^^^^^^^
  File "c:\Users\DELL\anaconda3\envs\p11_env\Lib\site-packages\sklearn\metrics\_scorer.py", line 78, in _cached_call
    result = getattr(estimator, method)(*args, **kwargs)
             ^^^^^^^^^^^^^^^^^^^^^^^^^^
  File "c:\Users\DELL\anaconda3\envs\p11_env\Lib\site-packages\pycaret\internal\pipeline.py", line 127, in __getattr__
    return getattr(self._final_estimator, name)
           ^^^^^^^^^^^^^^^^^^^^^^^^^^^^^^^^^^^^
AttributeError: 'RidgeClassifier' object has no attribute 'predict_proba'

  warnings.warn(

2026-06-10 20:46:46,762:WARNING:c:\Users\DELL\anaconda3\envs\p11_env\Lib\site-packages\pycaret\internal\metrics.py:190: FitFailedWarning: Metric 'make_scorer(roc_auc_score, needs_proba=True, error_score=0.0, average=weighted, multi_class=ovr)' failed and error score 0.0 has been returned instead. If this is a custom metric, this usually means that the error is in the metric code. Full exception below:
Traceback (most recent call last):
  File "c:\Users\DELL\anaconda3\envs\p11_env\Lib\site-packages\sklearn\metrics\_scorer.py", line 76, in _cached_call
    return cache[method]
           ~~~~~^^^^^^^^
KeyError: 'predict_proba'

During handling of the above exception, another exception occurred:

Traceback (most recent call last):
  File "c:\Users\DELL\anaconda3\envs\p11_env\Lib\site-packages\pycaret\internal\metrics.py", line 182, in _score
    return super()._score(
           ^^^^^^^^^^^^^^^
  File "c:\Users\DELL\anaconda3\envs\p11_env\Lib\site-packages\sklearn\metrics\_scorer.py", line 316, in _score
    y_pred = method_caller(clf, "predict_proba", X)
             ^^^^^^^^^^^^^^^^^^^^^^^^^^^^^^^^^^^^^^
  File "c:\Users\DELL\anaconda3\envs\p11_env\Lib\site-packages\sklearn\metrics\_scorer.py", line 78, in _cached_call
    result = getattr(estimator, method)(*args, **kwargs)
             ^^^^^^^^^^^^^^^^^^^^^^^^^^
  File "c:\Users\DELL\anaconda3\envs\p11_env\Lib\site-packages\pycaret\internal\pipeline.py", line 127, in __getattr__
    return getattr(self._final_estimator, name)
           ^^^^^^^^^^^^^^^^^^^^^^^^^^^^^^^^^^^^
AttributeError: 'RidgeClassifier' object has no attribute 'predict_proba'

  warnings.warn(

2026-06-10 20:46:47,295:INFO:Calculating mean and std
2026-06-10 20:46:47,295:INFO:Creating metrics dataframe
2026-06-10 20:46:47,338:INFO:Uploading results into container
2026-06-10 20:46:47,347:INFO:Uploading model into container now
2026-06-10 20:46:47,350:INFO:_master_model_container: 6
2026-06-10 20:46:47,351:INFO:_display_container: 2
2026-06-10 20:46:47,354:INFO:RidgeClassifier(alpha=1.0, class_weight=None, copy_X=True, fit_intercept=True,
                max_iter=None, positive=False, random_state=40, solver='auto',
                tol=0.0001)
2026-06-10 20:46:47,354:INFO:create_model() successfully completed......................................
2026-06-10 20:46:49,883:INFO:SubProcess create_model() end ==================================
2026-06-10 20:46:49,884:INFO:Creating metrics dataframe
2026-06-10 20:46:49,972:INFO:Initializing Random Forest Classifier
2026-06-10 20:46:49,974:INFO:Total runtime is 34.703258585929866 minutes
2026-06-10 20:46:50,001:INFO:SubProcess create_model() called ==================================
2026-06-10 20:46:50,004:INFO:Initializing create_model()
2026-06-10 20:46:50,004:INFO:create_model(self=<pycaret.classification.oop.ClassificationExperiment object at 0x0000026AE0EF74D0>, estimator=rf, fold=StratifiedKFold(n_splits=10, random_state=None, shuffle=False), round=4, cross_validation=True, predict=True, fit_kwargs={}, groups=None, refit=False, probability_threshold=None, experiment_custom_tags=None, verbose=False, system=False, add_to_model_list=True, metrics=None, display=<pycaret.internal.display.display.CommonDisplay object at 0x0000026ADF1BAC10>, model_only=True, return_train_score=False, error_score=0.0, kwargs={})
2026-06-10 20:46:50,005:INFO:Checking exceptions
2026-06-10 20:46:50,006:INFO:Importing libraries
2026-06-10 20:46:50,007:INFO:Copying training dataset
2026-06-10 20:46:51,200:INFO:Defining folds
2026-06-10 20:46:51,200:INFO:Declaring metric variables
2026-06-10 20:46:51,245:INFO:Importing untrained model
2026-06-10 20:46:51,296:INFO:Random Forest Classifier Imported successfully
2026-06-10 20:46:51,354:INFO:Starting cross validation
2026-06-10 20:46:51,387:INFO:Cross validating with StratifiedKFold(n_splits=10, random_state=None, shuffle=False), n_jobs=-1
2026-06-10 22:38:05,971:INFO:Calculating mean and std
2026-06-10 22:38:05,985:INFO:Creating metrics dataframe
2026-06-10 22:38:06,044:INFO:Uploading results into container
2026-06-10 22:38:06,054:INFO:Uploading model into container now
2026-06-10 22:38:06,059:INFO:_master_model_container: 7
2026-06-10 22:38:06,060:INFO:_display_container: 2
2026-06-10 22:38:06,065:INFO:RandomForestClassifier(bootstrap=True, ccp_alpha=0.0, class_weight=None,
                       criterion='gini', max_depth=None, max_features='sqrt',
                       max_leaf_nodes=None, max_samples=None,
                       min_impurity_decrease=0.0, min_samples_leaf=1,
                       min_samples_split=2, min_weight_fraction_leaf=0.0,
                       n_estimators=100, n_jobs=-1, oob_score=False,
                       random_state=40, verbose=0, warm_start=False)
2026-06-10 22:38:06,068:INFO:create_model() successfully completed......................................
2026-06-10 22:38:09,442:INFO:SubProcess create_model() end ==================================
2026-06-10 22:38:09,442:INFO:Creating metrics dataframe
2026-06-10 22:38:09,594:INFO:Initializing Quadratic Discriminant Analysis
2026-06-10 22:38:09,599:INFO:Total runtime is 146.03030231396357 minutes
2026-06-10 22:38:09,647:INFO:SubProcess create_model() called ==================================
2026-06-10 22:38:09,654:INFO:Initializing create_model()
2026-06-10 22:38:09,654:INFO:create_model(self=<pycaret.classification.oop.ClassificationExperiment object at 0x0000026AE0EF74D0>, estimator=qda, fold=StratifiedKFold(n_splits=10, random_state=None, shuffle=False), round=4, cross_validation=True, predict=True, fit_kwargs={}, groups=None, refit=False, probability_threshold=None, experiment_custom_tags=None, verbose=False, system=False, add_to_model_list=True, metrics=None, display=<pycaret.internal.display.display.CommonDisplay object at 0x0000026ADF1BAC10>, model_only=True, return_train_score=False, error_score=0.0, kwargs={})
2026-06-10 22:38:09,656:INFO:Checking exceptions
2026-06-10 22:38:09,656:INFO:Importing libraries
2026-06-10 22:38:09,656:INFO:Copying training dataset
2026-06-10 22:38:11,399:INFO:Defining folds
2026-06-10 22:38:11,402:INFO:Declaring metric variables
2026-06-10 22:38:11,470:INFO:Importing untrained model
2026-06-10 22:38:11,521:INFO:Quadratic Discriminant Analysis Imported successfully
2026-06-10 22:38:11,628:INFO:Starting cross validation
2026-06-10 22:38:11,674:INFO:Cross validating with StratifiedKFold(n_splits=10, random_state=None, shuffle=False), n_jobs=-1
2026-06-10 22:39:10,905:WARNING:c:\Users\DELL\anaconda3\envs\p11_env\Lib\site-packages\_distutils_hack\__init__.py:30: UserWarning: Setuptools is replacing distutils. Support for replacing an already imported distutils is deprecated. In the future, this condition will fail. Register concerns at https://github.com/pypa/setuptools/issues/new?template=distutils-deprecation.yml
  warnings.warn(

2026-06-10 22:39:14,827:WARNING:c:\Users\DELL\anaconda3\envs\p11_env\Lib\site-packages\_distutils_hack\__init__.py:30: UserWarning: Setuptools is replacing distutils. Support for replacing an already imported distutils is deprecated. In the future, this condition will fail. Register concerns at https://github.com/pypa/setuptools/issues/new?template=distutils-deprecation.yml
  warnings.warn(

2026-06-10 22:39:15,686:WARNING:c:\Users\DELL\anaconda3\envs\p11_env\Lib\site-packages\_distutils_hack\__init__.py:30: UserWarning: Setuptools is replacing distutils. Support for replacing an already imported distutils is deprecated. In the future, this condition will fail. Register concerns at https://github.com/pypa/setuptools/issues/new?template=distutils-deprecation.yml
  warnings.warn(

2026-06-10 22:39:15,709:WARNING:c:\Users\DELL\anaconda3\envs\p11_env\Lib\site-packages\_distutils_hack\__init__.py:30: UserWarning: Setuptools is replacing distutils. Support for replacing an already imported distutils is deprecated. In the future, this condition will fail. Register concerns at https://github.com/pypa/setuptools/issues/new?template=distutils-deprecation.yml
  warnings.warn(

2026-06-10 22:39:15,993:WARNING:c:\Users\DELL\anaconda3\envs\p11_env\Lib\site-packages\_distutils_hack\__init__.py:30: UserWarning: Setuptools is replacing distutils. Support for replacing an already imported distutils is deprecated. In the future, this condition will fail. Register concerns at https://github.com/pypa/setuptools/issues/new?template=distutils-deprecation.yml
  warnings.warn(

2026-06-10 22:39:16,201:WARNING:c:\Users\DELL\anaconda3\envs\p11_env\Lib\site-packages\_distutils_hack\__init__.py:30: UserWarning: Setuptools is replacing distutils. Support for replacing an already imported distutils is deprecated. In the future, this condition will fail. Register concerns at https://github.com/pypa/setuptools/issues/new?template=distutils-deprecation.yml
  warnings.warn(

2026-06-10 22:39:25,278:WARNING:c:\Users\DELL\anaconda3\envs\p11_env\Lib\site-packages\sklearn\discriminant_analysis.py:926: UserWarning: Variables are collinear
  warnings.warn("Variables are collinear")

2026-06-10 22:39:25,383:WARNING:c:\Users\DELL\anaconda3\envs\p11_env\Lib\site-packages\sklearn\discriminant_analysis.py:926: UserWarning: Variables are collinear
  warnings.warn("Variables are collinear")

2026-06-10 22:40:42,046:WARNING:c:\Users\DELL\anaconda3\envs\p11_env\Lib\site-packages\sklearn\discriminant_analysis.py:926: UserWarning: Variables are collinear
  warnings.warn("Variables are collinear")

2026-06-10 22:40:44,497:WARNING:c:\Users\DELL\anaconda3\envs\p11_env\Lib\site-packages\sklearn\discriminant_analysis.py:926: UserWarning: Variables are collinear
  warnings.warn("Variables are collinear")

2026-06-10 22:40:47,404:WARNING:c:\Users\DELL\anaconda3\envs\p11_env\Lib\site-packages\sklearn\discriminant_analysis.py:926: UserWarning: Variables are collinear
  warnings.warn("Variables are collinear")

2026-06-10 22:40:48,068:WARNING:c:\Users\DELL\anaconda3\envs\p11_env\Lib\site-packages\sklearn\discriminant_analysis.py:926: UserWarning: Variables are collinear
  warnings.warn("Variables are collinear")

2026-06-10 22:40:57,458:WARNING:c:\Users\DELL\anaconda3\envs\p11_env\Lib\site-packages\sklearn\discriminant_analysis.py:926: UserWarning: Variables are collinear
  warnings.warn("Variables are collinear")

2026-06-10 22:40:57,694:WARNING:c:\Users\DELL\anaconda3\envs\p11_env\Lib\site-packages\sklearn\discriminant_analysis.py:926: UserWarning: Variables are collinear
  warnings.warn("Variables are collinear")

2026-06-10 22:41:03,857:WARNING:c:\Users\DELL\anaconda3\envs\p11_env\Lib\site-packages\sklearn\discriminant_analysis.py:926: UserWarning: Variables are collinear
  warnings.warn("Variables are collinear")

2026-06-10 22:41:06,723:WARNING:c:\Users\DELL\anaconda3\envs\p11_env\Lib\site-packages\sklearn\discriminant_analysis.py:926: UserWarning: Variables are collinear
  warnings.warn("Variables are collinear")

2026-06-10 22:41:12,692:INFO:Calculating mean and std
2026-06-10 22:41:12,694:INFO:Creating metrics dataframe
2026-06-10 22:41:12,742:INFO:Uploading results into container
2026-06-10 22:41:12,751:INFO:Uploading model into container now
2026-06-10 22:41:12,757:INFO:_master_model_container: 8
2026-06-10 22:41:12,758:INFO:_display_container: 2
2026-06-10 22:41:12,762:INFO:QuadraticDiscriminantAnalysis(priors=None, reg_param=0.0,
                              store_covariance=False, tol=0.0001)
2026-06-10 22:41:12,763:INFO:create_model() successfully completed......................................
2026-06-10 22:41:15,669:INFO:SubProcess create_model() end ==================================
2026-06-10 22:41:15,669:INFO:Creating metrics dataframe
2026-06-10 22:41:15,757:INFO:Initializing Ada Boost Classifier
2026-06-10 22:41:15,765:INFO:Total runtime is 149.1330977400144 minutes
2026-06-10 22:41:15,793:INFO:SubProcess create_model() called ==================================
2026-06-10 22:41:15,793:INFO:Initializing create_model()
2026-06-10 22:41:15,798:INFO:create_model(self=<pycaret.classification.oop.ClassificationExperiment object at 0x0000026AE0EF74D0>, estimator=ada, fold=StratifiedKFold(n_splits=10, random_state=None, shuffle=False), round=4, cross_validation=True, predict=True, fit_kwargs={}, groups=None, refit=False, probability_threshold=None, experiment_custom_tags=None, verbose=False, system=False, add_to_model_list=True, metrics=None, display=<pycaret.internal.display.display.CommonDisplay object at 0x0000026ADF1BAC10>, model_only=True, return_train_score=False, error_score=0.0, kwargs={})
2026-06-10 22:41:15,798:INFO:Checking exceptions
2026-06-10 22:41:15,798:INFO:Importing libraries
2026-06-10 22:41:15,798:INFO:Copying training dataset
2026-06-10 22:41:17,073:INFO:Defining folds
2026-06-10 22:41:17,075:INFO:Declaring metric variables
2026-06-10 22:41:17,130:INFO:Importing untrained model
2026-06-10 22:41:17,182:INFO:Ada Boost Classifier Imported successfully
2026-06-10 22:41:17,275:INFO:Starting cross validation
2026-06-10 22:41:17,319:INFO:Cross validating with StratifiedKFold(n_splits=10, random_state=None, shuffle=False), n_jobs=-1
2026-06-10 23:42:00,003:INFO:Calculating mean and std
2026-06-10 23:42:00,005:INFO:Creating metrics dataframe
2026-06-10 23:42:00,021:INFO:Uploading results into container
2026-06-10 23:42:00,027:INFO:Uploading model into container now
2026-06-10 23:42:00,028:INFO:_master_model_container: 9
2026-06-10 23:42:00,028:INFO:_display_container: 2
2026-06-10 23:42:00,029:INFO:AdaBoostClassifier(algorithm='SAMME.R', base_estimator='deprecated',
                   estimator=None, learning_rate=1.0, n_estimators=50,
                   random_state=40)
2026-06-10 23:42:00,029:INFO:create_model() successfully completed......................................
2026-06-10 23:42:01,361:INFO:SubProcess create_model() end ==================================
2026-06-10 23:42:01,375:INFO:Creating metrics dataframe
2026-06-10 23:42:01,408:INFO:Initializing Gradient Boosting Classifier
2026-06-10 23:42:01,408:INFO:Total runtime is 209.8938266356786 minutes
2026-06-10 23:42:01,410:INFO:SubProcess create_model() called ==================================
2026-06-10 23:42:01,410:INFO:Initializing create_model()
2026-06-10 23:42:01,410:INFO:create_model(self=<pycaret.classification.oop.ClassificationExperiment object at 0x0000026AE0EF74D0>, estimator=gbc, fold=StratifiedKFold(n_splits=10, random_state=None, shuffle=False), round=4, cross_validation=True, predict=True, fit_kwargs={}, groups=None, refit=False, probability_threshold=None, experiment_custom_tags=None, verbose=False, system=False, add_to_model_list=True, metrics=None, display=<pycaret.internal.display.display.CommonDisplay object at 0x0000026ADF1BAC10>, model_only=True, return_train_score=False, error_score=0.0, kwargs={})
2026-06-10 23:42:01,410:INFO:Checking exceptions
2026-06-10 23:42:01,410:INFO:Importing libraries
2026-06-10 23:42:01,410:INFO:Copying training dataset
2026-06-10 23:42:01,828:INFO:Defining folds
2026-06-10 23:42:01,828:INFO:Declaring metric variables
2026-06-10 23:42:01,828:INFO:Importing untrained model
2026-06-10 23:42:01,846:INFO:Gradient Boosting Classifier Imported successfully
2026-06-10 23:42:01,867:INFO:Starting cross validation
2026-06-10 23:42:01,878:INFO:Cross validating with StratifiedKFold(n_splits=10, random_state=None, shuffle=False), n_jobs=-1
2026-06-10 23:42:59,738:WARNING:c:\Users\DELL\anaconda3\envs\p11_env\Lib\site-packages\_distutils_hack\__init__.py:30: UserWarning: Setuptools is replacing distutils. Support for replacing an already imported distutils is deprecated. In the future, this condition will fail. Register concerns at https://github.com/pypa/setuptools/issues/new?template=distutils-deprecation.yml
  warnings.warn(

2026-06-10 23:42:59,831:WARNING:c:\Users\DELL\anaconda3\envs\p11_env\Lib\site-packages\_distutils_hack\__init__.py:30: UserWarning: Setuptools is replacing distutils. Support for replacing an already imported distutils is deprecated. In the future, this condition will fail. Register concerns at https://github.com/pypa/setuptools/issues/new?template=distutils-deprecation.yml
  warnings.warn(

2026-06-10 23:42:59,886:WARNING:c:\Users\DELL\anaconda3\envs\p11_env\Lib\site-packages\_distutils_hack\__init__.py:30: UserWarning: Setuptools is replacing distutils. Support for replacing an already imported distutils is deprecated. In the future, this condition will fail. Register concerns at https://github.com/pypa/setuptools/issues/new?template=distutils-deprecation.yml
  warnings.warn(

2026-06-10 23:42:59,912:WARNING:c:\Users\DELL\anaconda3\envs\p11_env\Lib\site-packages\_distutils_hack\__init__.py:30: UserWarning: Setuptools is replacing distutils. Support for replacing an already imported distutils is deprecated. In the future, this condition will fail. Register concerns at https://github.com/pypa/setuptools/issues/new?template=distutils-deprecation.yml
  warnings.warn(

2026-06-10 23:43:00,213:WARNING:c:\Users\DELL\anaconda3\envs\p11_env\Lib\site-packages\_distutils_hack\__init__.py:30: UserWarning: Setuptools is replacing distutils. Support for replacing an already imported distutils is deprecated. In the future, this condition will fail. Register concerns at https://github.com/pypa/setuptools/issues/new?template=distutils-deprecation.yml
  warnings.warn(

2026-06-10 23:43:00,297:WARNING:c:\Users\DELL\anaconda3\envs\p11_env\Lib\site-packages\_distutils_hack\__init__.py:30: UserWarning: Setuptools is replacing distutils. Support for replacing an already imported distutils is deprecated. In the future, this condition will fail. Register concerns at https://github.com/pypa/setuptools/issues/new?template=distutils-deprecation.yml
  warnings.warn(

2026-06-11 05:09:44,558:INFO:Calculating mean and std
2026-06-11 05:09:44,560:INFO:Creating metrics dataframe
2026-06-11 05:09:44,563:INFO:Uploading results into container
2026-06-11 05:09:44,564:INFO:Uploading model into container now
2026-06-11 05:09:44,564:INFO:_master_model_container: 10
2026-06-11 05:09:44,564:INFO:_display_container: 2
2026-06-11 05:09:44,565:INFO:GradientBoostingClassifier(ccp_alpha=0.0, criterion='friedman_mse', init=None,
                           learning_rate=0.1, loss='log_loss', max_depth=3,
                           max_features=None, max_leaf_nodes=None,
                           min_impurity_decrease=0.0, min_samples_leaf=1,
                           min_samples_split=2, min_weight_fraction_leaf=0.0,
                           n_estimators=100, n_iter_no_change=None,
                           random_state=40, subsample=1.0, tol=0.0001,
                           validation_fraction=0.1, verbose=0,
                           warm_start=False)
2026-06-11 05:09:44,565:INFO:create_model() successfully completed......................................
2026-06-11 05:09:45,291:INFO:SubProcess create_model() end ==================================
2026-06-11 05:09:45,291:INFO:Creating metrics dataframe
2026-06-11 05:09:45,307:INFO:Initializing Linear Discriminant Analysis
2026-06-11 05:09:45,307:INFO:Total runtime is 537.6254742383957 minutes
2026-06-11 05:09:45,307:INFO:SubProcess create_model() called ==================================
2026-06-11 05:09:45,307:INFO:Initializing create_model()
2026-06-11 05:09:45,307:INFO:create_model(self=<pycaret.classification.oop.ClassificationExperiment object at 0x0000026AE0EF74D0>, estimator=lda, fold=StratifiedKFold(n_splits=10, random_state=None, shuffle=False), round=4, cross_validation=True, predict=True, fit_kwargs={}, groups=None, refit=False, probability_threshold=None, experiment_custom_tags=None, verbose=False, system=False, add_to_model_list=True, metrics=None, display=<pycaret.internal.display.display.CommonDisplay object at 0x0000026ADF1BAC10>, model_only=True, return_train_score=False, error_score=0.0, kwargs={})
2026-06-11 05:09:45,307:INFO:Checking exceptions
2026-06-11 05:09:45,307:INFO:Importing libraries
2026-06-11 05:09:45,307:INFO:Copying training dataset
2026-06-11 05:09:45,474:INFO:Defining folds
2026-06-11 05:09:45,474:INFO:Declaring metric variables
2026-06-11 05:09:45,474:INFO:Importing untrained model
2026-06-11 05:09:45,491:INFO:Linear Discriminant Analysis Imported successfully
2026-06-11 05:09:45,491:INFO:Starting cross validation
2026-06-11 05:09:45,500:INFO:Cross validating with StratifiedKFold(n_splits=10, random_state=None, shuffle=False), n_jobs=-1
2026-06-11 05:10:01,405:WARNING:c:\Users\DELL\anaconda3\envs\p11_env\Lib\site-packages\_distutils_hack\__init__.py:30: UserWarning: Setuptools is replacing distutils. Support for replacing an already imported distutils is deprecated. In the future, this condition will fail. Register concerns at https://github.com/pypa/setuptools/issues/new?template=distutils-deprecation.yml
  warnings.warn(

2026-06-11 05:10:02,147:WARNING:c:\Users\DELL\anaconda3\envs\p11_env\Lib\site-packages\_distutils_hack\__init__.py:30: UserWarning: Setuptools is replacing distutils. Support for replacing an already imported distutils is deprecated. In the future, this condition will fail. Register concerns at https://github.com/pypa/setuptools/issues/new?template=distutils-deprecation.yml
  warnings.warn(

2026-06-11 05:10:02,316:WARNING:c:\Users\DELL\anaconda3\envs\p11_env\Lib\site-packages\_distutils_hack\__init__.py:30: UserWarning: Setuptools is replacing distutils. Support for replacing an already imported distutils is deprecated. In the future, this condition will fail. Register concerns at https://github.com/pypa/setuptools/issues/new?template=distutils-deprecation.yml
  warnings.warn(

2026-06-11 05:10:02,526:WARNING:c:\Users\DELL\anaconda3\envs\p11_env\Lib\site-packages\_distutils_hack\__init__.py:30: UserWarning: Setuptools is replacing distutils. Support for replacing an already imported distutils is deprecated. In the future, this condition will fail. Register concerns at https://github.com/pypa/setuptools/issues/new?template=distutils-deprecation.yml
  warnings.warn(

2026-06-11 05:10:02,614:WARNING:c:\Users\DELL\anaconda3\envs\p11_env\Lib\site-packages\_distutils_hack\__init__.py:30: UserWarning: Setuptools is replacing distutils. Support for replacing an already imported distutils is deprecated. In the future, this condition will fail. Register concerns at https://github.com/pypa/setuptools/issues/new?template=distutils-deprecation.yml
  warnings.warn(

2026-06-11 05:10:02,863:WARNING:c:\Users\DELL\anaconda3\envs\p11_env\Lib\site-packages\_distutils_hack\__init__.py:30: UserWarning: Setuptools is replacing distutils. Support for replacing an already imported distutils is deprecated. In the future, this condition will fail. Register concerns at https://github.com/pypa/setuptools/issues/new?template=distutils-deprecation.yml
  warnings.warn(

2026-06-11 05:11:05,156:INFO:Calculating mean and std
2026-06-11 05:11:05,157:INFO:Creating metrics dataframe
2026-06-11 05:11:05,167:INFO:Uploading results into container
2026-06-11 05:11:05,169:INFO:Uploading model into container now
2026-06-11 05:11:05,169:INFO:_master_model_container: 11
2026-06-11 05:11:05,169:INFO:_display_container: 2
2026-06-11 05:11:05,171:INFO:LinearDiscriminantAnalysis(covariance_estimator=None, n_components=None,
                           priors=None, shrinkage=None, solver='svd',
                           store_covariance=False, tol=0.0001)
2026-06-11 05:11:05,171:INFO:create_model() successfully completed......................................
2026-06-11 05:11:06,206:INFO:SubProcess create_model() end ==================================
2026-06-11 05:11:06,206:INFO:Creating metrics dataframe
2026-06-11 05:11:06,223:INFO:Initializing Extra Trees Classifier
2026-06-11 05:11:06,223:INFO:Total runtime is 538.9740711053212 minutes
2026-06-11 05:11:06,240:INFO:SubProcess create_model() called ==================================
2026-06-11 05:11:06,240:INFO:Initializing create_model()
2026-06-11 05:11:06,240:INFO:create_model(self=<pycaret.classification.oop.ClassificationExperiment object at 0x0000026AE0EF74D0>, estimator=et, fold=StratifiedKFold(n_splits=10, random_state=None, shuffle=False), round=4, cross_validation=True, predict=True, fit_kwargs={}, groups=None, refit=False, probability_threshold=None, experiment_custom_tags=None, verbose=False, system=False, add_to_model_list=True, metrics=None, display=<pycaret.internal.display.display.CommonDisplay object at 0x0000026ADF1BAC10>, model_only=True, return_train_score=False, error_score=0.0, kwargs={})
2026-06-11 05:11:06,240:INFO:Checking exceptions
2026-06-11 05:11:06,240:INFO:Importing libraries
2026-06-11 05:11:06,240:INFO:Copying training dataset
2026-06-11 05:11:06,503:INFO:Defining folds
2026-06-11 05:11:06,505:INFO:Declaring metric variables
2026-06-11 05:11:06,513:INFO:Importing untrained model
2026-06-11 05:11:06,516:INFO:Extra Trees Classifier Imported successfully
2026-06-11 05:11:06,528:INFO:Starting cross validation
2026-06-11 05:11:06,541:INFO:Cross validating with StratifiedKFold(n_splits=10, random_state=None, shuffle=False), n_jobs=-1
2026-06-11 05:17:06,936:INFO:Calculating mean and std
2026-06-11 05:17:06,938:INFO:Creating metrics dataframe
2026-06-11 05:17:06,943:INFO:Uploading results into container
2026-06-11 05:17:06,943:INFO:Uploading model into container now
2026-06-11 05:17:06,943:INFO:_master_model_container: 12
2026-06-11 05:17:06,943:INFO:_display_container: 2
2026-06-11 05:17:06,943:INFO:ExtraTreesClassifier(bootstrap=False, ccp_alpha=0.0, class_weight=None,
                     criterion='gini', max_depth=None, max_features='sqrt',
                     max_leaf_nodes=None, max_samples=None,
                     min_impurity_decrease=0.0, min_samples_leaf=1,
                     min_samples_split=2, min_weight_fraction_leaf=0.0,
                     n_estimators=100, n_jobs=-1, oob_score=False,
                     random_state=40, verbose=0, warm_start=False)
2026-06-11 05:17:06,943:INFO:create_model() successfully completed......................................
2026-06-11 05:17:07,927:INFO:SubProcess create_model() end ==================================
2026-06-11 05:17:07,927:INFO:Creating metrics dataframe
2026-06-11 05:17:07,946:INFO:Initializing Extreme Gradient Boosting
2026-06-11 05:17:07,947:INFO:Total runtime is 545.0028074463207 minutes
2026-06-11 05:17:07,952:INFO:SubProcess create_model() called ==================================
2026-06-11 05:17:07,953:INFO:Initializing create_model()
2026-06-11 05:17:07,954:INFO:create_model(self=<pycaret.classification.oop.ClassificationExperiment object at 0x0000026AE0EF74D0>, estimator=xgboost, fold=StratifiedKFold(n_splits=10, random_state=None, shuffle=False), round=4, cross_validation=True, predict=True, fit_kwargs={}, groups=None, refit=False, probability_threshold=None, experiment_custom_tags=None, verbose=False, system=False, add_to_model_list=True, metrics=None, display=<pycaret.internal.display.display.CommonDisplay object at 0x0000026ADF1BAC10>, model_only=True, return_train_score=False, error_score=0.0, kwargs={})
2026-06-11 05:17:07,954:INFO:Checking exceptions
2026-06-11 05:17:07,954:INFO:Importing libraries
2026-06-11 05:17:07,954:INFO:Copying training dataset
2026-06-11 05:17:08,195:INFO:Defining folds
2026-06-11 05:17:08,195:INFO:Declaring metric variables
2026-06-11 05:17:08,205:INFO:Importing untrained model
2026-06-11 05:17:08,213:INFO:Extreme Gradient Boosting Imported successfully
2026-06-11 05:17:08,216:INFO:Starting cross validation
2026-06-11 05:17:08,229:INFO:Cross validating with StratifiedKFold(n_splits=10, random_state=None, shuffle=False), n_jobs=-1
2026-06-11 05:19:13,952:INFO:Calculating mean and std
2026-06-11 05:19:13,952:INFO:Creating metrics dataframe
2026-06-11 05:19:13,959:INFO:Uploading results into container
2026-06-11 05:19:13,959:INFO:Uploading model into container now
2026-06-11 05:19:13,959:INFO:_master_model_container: 13
2026-06-11 05:19:13,959:INFO:_display_container: 2
2026-06-11 05:19:13,959:INFO:XGBClassifier(base_score=None, booster='gbtree', callbacks=None,
              colsample_bylevel=None, colsample_bynode=None,
              colsample_bytree=None, device='cpu', early_stopping_rounds=None,
              enable_categorical=False, eval_metric=None, feature_types=None,
              feature_weights=None, gamma=None, grow_policy=None,
              importance_type=None, interaction_constraints=None,
              learning_rate=None, max_bin=None, max_cat_threshold=None,
              max_cat_to_onehot=None, max_delta_step=None, max_depth=None,
              max_leaves=None, min_child_weight=None, missing=nan,
              monotone_constraints=None, multi_strategy=None, n_estimators=None,
              n_jobs=-1, num_parallel_tree=None, ...)
2026-06-11 05:19:13,959:INFO:create_model() successfully completed......................................
2026-06-11 05:19:14,682:INFO:SubProcess create_model() end ==================================
2026-06-11 05:19:14,682:INFO:Creating metrics dataframe
2026-06-11 05:19:14,692:INFO:Initializing Light Gradient Boosting Machine
2026-06-11 05:19:14,692:INFO:Total runtime is 547.1152222037314 minutes
2026-06-11 05:19:14,710:INFO:SubProcess create_model() called ==================================
2026-06-11 05:19:14,711:INFO:Initializing create_model()
2026-06-11 05:19:14,711:INFO:create_model(self=<pycaret.classification.oop.ClassificationExperiment object at 0x0000026AE0EF74D0>, estimator=lightgbm, fold=StratifiedKFold(n_splits=10, random_state=None, shuffle=False), round=4, cross_validation=True, predict=True, fit_kwargs={}, groups=None, refit=False, probability_threshold=None, experiment_custom_tags=None, verbose=False, system=False, add_to_model_list=True, metrics=None, display=<pycaret.internal.display.display.CommonDisplay object at 0x0000026ADF1BAC10>, model_only=True, return_train_score=False, error_score=0.0, kwargs={})
2026-06-11 05:19:14,711:INFO:Checking exceptions
2026-06-11 05:19:14,711:INFO:Importing libraries
2026-06-11 05:19:14,711:INFO:Copying training dataset
2026-06-11 05:19:14,839:INFO:Defining folds
2026-06-11 05:19:14,839:INFO:Declaring metric variables
2026-06-11 05:19:14,859:INFO:Importing untrained model
2026-06-11 05:19:14,861:INFO:Light Gradient Boosting Machine Imported successfully
2026-06-11 05:19:14,861:INFO:Starting cross validation
2026-06-11 05:19:14,861:INFO:Cross validating with StratifiedKFold(n_splits=10, random_state=None, shuffle=False), n_jobs=-1
2026-06-11 05:20:49,225:INFO:Calculating mean and std
2026-06-11 05:20:49,225:INFO:Creating metrics dataframe
2026-06-11 05:20:49,225:INFO:Uploading results into container
2026-06-11 05:20:49,225:INFO:Uploading model into container now
2026-06-11 05:20:49,225:INFO:_master_model_container: 14
2026-06-11 05:20:49,225:INFO:_display_container: 2
2026-06-11 05:20:49,225:INFO:LGBMClassifier(boosting_type='gbdt', class_weight=None, colsample_bytree=1.0,
               importance_type='split', learning_rate=0.1, max_depth=-1,
               min_child_samples=20, min_child_weight=0.001, min_split_gain=0.0,
               n_estimators=100, n_jobs=-1, num_leaves=31, objective=None,
               random_state=40, reg_alpha=0.0, reg_lambda=0.0, subsample=1.0,
               subsample_for_bin=200000, subsample_freq=0)
2026-06-11 05:20:49,225:INFO:create_model() successfully completed......................................
2026-06-11 05:20:50,103:INFO:SubProcess create_model() end ==================================
2026-06-11 05:20:50,103:INFO:Creating metrics dataframe
2026-06-11 05:20:50,138:INFO:Initializing CatBoost Classifier
2026-06-11 05:20:50,138:INFO:Total runtime is 548.7059809207915 minutes
2026-06-11 05:20:50,143:INFO:SubProcess create_model() called ==================================
2026-06-11 05:20:50,145:INFO:Initializing create_model()
2026-06-11 05:20:50,145:INFO:create_model(self=<pycaret.classification.oop.ClassificationExperiment object at 0x0000026AE0EF74D0>, estimator=catboost, fold=StratifiedKFold(n_splits=10, random_state=None, shuffle=False), round=4, cross_validation=True, predict=True, fit_kwargs={}, groups=None, refit=False, probability_threshold=None, experiment_custom_tags=None, verbose=False, system=False, add_to_model_list=True, metrics=None, display=<pycaret.internal.display.display.CommonDisplay object at 0x0000026ADF1BAC10>, model_only=True, return_train_score=False, error_score=0.0, kwargs={})
2026-06-11 05:20:50,145:INFO:Checking exceptions
2026-06-11 05:20:50,145:INFO:Importing libraries
2026-06-11 05:20:50,145:INFO:Copying training dataset
2026-06-11 05:20:50,336:INFO:Defining folds
2026-06-11 05:20:50,336:INFO:Declaring metric variables
2026-06-11 05:20:50,353:INFO:Importing untrained model
2026-06-11 05:20:50,361:INFO:CatBoost Classifier Imported successfully
2026-06-11 05:20:50,374:INFO:Starting cross validation
2026-06-11 05:20:50,374:INFO:Cross validating with StratifiedKFold(n_splits=10, random_state=None, shuffle=False), n_jobs=-1
2026-06-11 05:34:09,007:INFO:Calculating mean and std
2026-06-11 05:34:09,010:INFO:Creating metrics dataframe
2026-06-11 05:34:09,023:INFO:Uploading results into container
2026-06-11 05:34:09,026:INFO:Uploading model into container now
2026-06-11 05:34:09,026:INFO:_master_model_container: 15
2026-06-11 05:34:09,026:INFO:_display_container: 2
2026-06-11 05:34:09,026:INFO:CatBoostClassifier(border_count=254, random_state=40, task_type='CPU', verbose=False)
2026-06-11 05:34:09,026:INFO:create_model() successfully completed......................................
2026-06-11 05:34:10,274:INFO:SubProcess create_model() end ==================================
2026-06-11 05:34:10,274:INFO:Creating metrics dataframe
2026-06-11 05:34:10,303:INFO:Initializing Dummy Classifier
2026-06-11 05:34:10,303:INFO:Total runtime is 562.0420735796291 minutes
2026-06-11 05:34:10,308:INFO:SubProcess create_model() called ==================================
2026-06-11 05:34:10,312:INFO:Initializing create_model()
2026-06-11 05:34:10,312:INFO:create_model(self=<pycaret.classification.oop.ClassificationExperiment object at 0x0000026AE0EF74D0>, estimator=dummy, fold=StratifiedKFold(n_splits=10, random_state=None, shuffle=False), round=4, cross_validation=True, predict=True, fit_kwargs={}, groups=None, refit=False, probability_threshold=None, experiment_custom_tags=None, verbose=False, system=False, add_to_model_list=True, metrics=None, display=<pycaret.internal.display.display.CommonDisplay object at 0x0000026ADF1BAC10>, model_only=True, return_train_score=False, error_score=0.0, kwargs={})
2026-06-11 05:34:10,312:INFO:Checking exceptions
2026-06-11 05:34:10,312:INFO:Importing libraries
2026-06-11 05:34:10,313:INFO:Copying training dataset
2026-06-11 05:34:10,716:INFO:Defining folds
2026-06-11 05:34:10,716:INFO:Declaring metric variables
2026-06-11 05:34:10,727:INFO:Importing untrained model
2026-06-11 05:34:10,737:INFO:Dummy Classifier Imported successfully
2026-06-11 05:34:10,772:INFO:Starting cross validation
2026-06-11 05:34:10,780:INFO:Cross validating with StratifiedKFold(n_splits=10, random_state=None, shuffle=False), n_jobs=-1
2026-06-11 05:34:35,749:WARNING:c:\Users\DELL\anaconda3\envs\p11_env\Lib\site-packages\sklearn\metrics\_classification.py:1344: UndefinedMetricWarning: Precision is ill-defined and being set to 0.0 due to no predicted samples. Use `zero_division` parameter to control this behavior.
  _warn_prf(average, modifier, msg_start, len(result))

2026-06-11 05:34:35,865:WARNING:c:\Users\DELL\anaconda3\envs\p11_env\Lib\site-packages\sklearn\metrics\_classification.py:1344: UndefinedMetricWarning: Precision is ill-defined and being set to 0.0 due to no predicted samples. Use `zero_division` parameter to control this behavior.
  _warn_prf(average, modifier, msg_start, len(result))

2026-06-11 05:34:35,986:WARNING:c:\Users\DELL\anaconda3\envs\p11_env\Lib\site-packages\sklearn\metrics\_classification.py:1344: UndefinedMetricWarning: Precision is ill-defined and being set to 0.0 due to no predicted samples. Use `zero_division` parameter to control this behavior.
  _warn_prf(average, modifier, msg_start, len(result))

2026-06-11 05:34:36,016:WARNING:c:\Users\DELL\anaconda3\envs\p11_env\Lib\site-packages\sklearn\metrics\_classification.py:1344: UndefinedMetricWarning: Precision is ill-defined and being set to 0.0 due to no predicted samples. Use `zero_division` parameter to control this behavior.
  _warn_prf(average, modifier, msg_start, len(result))

2026-06-11 05:34:38,036:WARNING:c:\Users\DELL\anaconda3\envs\p11_env\Lib\site-packages\sklearn\metrics\_classification.py:1344: UndefinedMetricWarning: Precision is ill-defined and being set to 0.0 due to no predicted samples. Use `zero_division` parameter to control this behavior.
  _warn_prf(average, modifier, msg_start, len(result))

2026-06-11 05:34:38,073:WARNING:c:\Users\DELL\anaconda3\envs\p11_env\Lib\site-packages\sklearn\metrics\_classification.py:1344: UndefinedMetricWarning: Precision is ill-defined and being set to 0.0 due to no predicted samples. Use `zero_division` parameter to control this behavior.
  _warn_prf(average, modifier, msg_start, len(result))

2026-06-11 05:34:38,130:WARNING:c:\Users\DELL\anaconda3\envs\p11_env\Lib\site-packages\sklearn\metrics\_classification.py:1344: UndefinedMetricWarning: Precision is ill-defined and being set to 0.0 due to no predicted samples. Use `zero_division` parameter to control this behavior.
  _warn_prf(average, modifier, msg_start, len(result))

2026-06-11 05:34:38,167:WARNING:c:\Users\DELL\anaconda3\envs\p11_env\Lib\site-packages\sklearn\metrics\_classification.py:1344: UndefinedMetricWarning: Precision is ill-defined and being set to 0.0 due to no predicted samples. Use `zero_division` parameter to control this behavior.
  _warn_prf(average, modifier, msg_start, len(result))

2026-06-11 05:34:47,740:WARNING:c:\Users\DELL\anaconda3\envs\p11_env\Lib\site-packages\sklearn\metrics\_classification.py:1344: UndefinedMetricWarning: Precision is ill-defined and being set to 0.0 due to no predicted samples. Use `zero_division` parameter to control this behavior.
  _warn_prf(average, modifier, msg_start, len(result))

2026-06-11 05:34:47,869:WARNING:c:\Users\DELL\anaconda3\envs\p11_env\Lib\site-packages\sklearn\metrics\_classification.py:1344: UndefinedMetricWarning: Precision is ill-defined and being set to 0.0 due to no predicted samples. Use `zero_division` parameter to control this behavior.
  _warn_prf(average, modifier, msg_start, len(result))

2026-06-11 05:34:48,195:INFO:Calculating mean and std
2026-06-11 05:34:48,195:INFO:Creating metrics dataframe
2026-06-11 05:34:48,195:INFO:Uploading results into container
2026-06-11 05:34:48,195:INFO:Uploading model into container now
2026-06-11 05:34:48,195:INFO:_master_model_container: 16
2026-06-11 05:34:48,195:INFO:_display_container: 2
2026-06-11 05:34:48,195:INFO:DummyClassifier(constant=None, random_state=40, strategy='prior')
2026-06-11 05:34:48,195:INFO:create_model() successfully completed......................................
2026-06-11 05:34:49,008:INFO:SubProcess create_model() end ==================================
2026-06-11 05:34:49,010:INFO:Creating metrics dataframe
2026-06-11 05:34:49,043:INFO:Initializing create_model()
2026-06-11 05:34:49,043:INFO:create_model(self=<pycaret.classification.oop.ClassificationExperiment object at 0x0000026AE0EF74D0>, estimator=DummyClassifier(constant=None, random_state=40, strategy='prior'), fold=StratifiedKFold(n_splits=10, random_state=None, shuffle=False), round=4, cross_validation=False, predict=False, fit_kwargs={}, groups=None, refit=True, probability_threshold=None, experiment_custom_tags=None, verbose=False, system=False, add_to_model_list=True, metrics=None, display=None, model_only=True, return_train_score=False, error_score=0.0, kwargs={})
2026-06-11 05:34:49,043:INFO:Checking exceptions
2026-06-11 05:34:49,059:INFO:Importing libraries
2026-06-11 05:34:49,059:INFO:Copying training dataset
2026-06-11 05:34:49,256:INFO:Defining folds
2026-06-11 05:34:49,256:INFO:Declaring metric variables
2026-06-11 05:34:49,256:INFO:Importing untrained model
2026-06-11 05:34:49,256:INFO:Declaring custom model
2026-06-11 05:34:49,256:INFO:Dummy Classifier Imported successfully
2026-06-11 05:34:49,260:INFO:Cross validation set to False
2026-06-11 05:34:49,260:INFO:Fitting Model
2026-06-11 05:34:54,169:INFO:DummyClassifier(constant=None, random_state=40, strategy='prior')
2026-06-11 05:34:54,169:INFO:create_model() successfully completed......................................
2026-06-11 05:34:54,936:INFO:_master_model_container: 16
2026-06-11 05:34:54,936:INFO:_display_container: 2
2026-06-11 05:34:54,936:INFO:DummyClassifier(constant=None, random_state=40, strategy='prior')
2026-06-11 05:34:54,936:INFO:compare_models() successfully completed......................................
2026-06-11 05:34:54,989:INFO:Initializing create_model()
2026-06-11 05:34:54,989:INFO:create_model(self=<pycaret.classification.oop.ClassificationExperiment object at 0x0000026AE0EF74D0>, estimator=et, fold=None, round=4, cross_validation=True, predict=True, fit_kwargs=None, groups=None, refit=True, probability_threshold=None, experiment_custom_tags=None, verbose=True, system=True, add_to_model_list=True, metrics=None, display=None, model_only=True, return_train_score=False, error_score=0.0, kwargs={})
2026-06-11 05:34:54,989:INFO:Checking exceptions
2026-06-11 05:34:55,018:INFO:Importing libraries
2026-06-11 05:34:55,019:INFO:Copying training dataset
2026-06-11 05:34:55,194:INFO:Defining folds
2026-06-11 05:34:55,194:INFO:Declaring metric variables
2026-06-11 05:34:55,204:INFO:Importing untrained model
2026-06-11 05:34:55,205:INFO:Extra Trees Classifier Imported successfully
2026-06-11 05:34:55,205:INFO:Starting cross validation
2026-06-11 05:34:55,219:INFO:Cross validating with StratifiedKFold(n_splits=10, random_state=None, shuffle=False), n_jobs=-1
2026-06-11 05:39:51,744:INFO:Calculating mean and std
2026-06-11 05:39:51,771:INFO:Creating metrics dataframe
2026-06-11 05:39:51,829:INFO:Finalizing model
2026-06-11 05:40:24,898:INFO:Uploading results into container
2026-06-11 05:40:24,901:INFO:Uploading model into container now
2026-06-11 05:40:24,941:INFO:_master_model_container: 17
2026-06-11 05:40:24,941:INFO:_display_container: 3
2026-06-11 05:40:24,943:INFO:ExtraTreesClassifier(bootstrap=False, ccp_alpha=0.0, class_weight=None,
                     criterion='gini', max_depth=None, max_features='sqrt',
                     max_leaf_nodes=None, max_samples=None,
                     min_impurity_decrease=0.0, min_samples_leaf=1,
                     min_samples_split=2, min_weight_fraction_leaf=0.0,
                     n_estimators=100, n_jobs=-1, oob_score=False,
                     random_state=40, verbose=0, warm_start=False)
2026-06-11 05:40:24,943:INFO:create_model() successfully completed......................................
2026-06-11 05:40:26,528:INFO:Initializing tune_model()
2026-06-11 05:40:26,528:INFO:tune_model(self=<pycaret.classification.oop.ClassificationExperiment object at 0x0000026AE0EF74D0>, estimator=ExtraTreesClassifier(bootstrap=False, ccp_alpha=0.0, class_weight=None,
                     criterion='gini', max_depth=None, max_features='sqrt',
                     max_leaf_nodes=None, max_samples=None,
                     min_impurity_decrease=0.0, min_samples_leaf=1,
                     min_samples_split=2, min_weight_fraction_leaf=0.0,
                     n_estimators=100, n_jobs=-1, oob_score=False,
                     random_state=40, verbose=0, warm_start=False), fold=None, round=4, n_iter=10, custom_grid=None, optimize=Precision, custom_scorer=None, search_library=scikit-learn, search_algorithm=None, early_stopping=False, early_stopping_max_iters=10, choose_better=True, fit_kwargs=None, groups=None, return_tuner=False, verbose=True, tuner_verbose=True, return_train_score=False, kwargs={})
2026-06-11 05:40:26,528:INFO:Checking exceptions
2026-06-11 05:40:26,653:INFO:Copying training dataset
2026-06-11 05:40:26,933:INFO:Checking base model
2026-06-11 05:40:26,933:INFO:Base model : Extra Trees Classifier
2026-06-11 05:40:26,941:INFO:Declaring metric variables
2026-06-11 05:40:26,947:INFO:Defining Hyperparameters
2026-06-11 05:40:28,007:INFO:Tuning with n_jobs=-1
2026-06-11 05:40:28,007:INFO:Initializing RandomizedSearchCV
2026-06-11 05:40:54,927:WARNING:c:\Users\DELL\anaconda3\envs\p11_env\Lib\site-packages\sklearn\metrics\_classification.py:1344: UndefinedMetricWarning: Precision is ill-defined and being set to 0.0 due to no predicted samples. Use `zero_division` parameter to control this behavior.
  _warn_prf(average, modifier, msg_start, len(result))

2026-06-11 05:40:59,038:WARNING:c:\Users\DELL\anaconda3\envs\p11_env\Lib\site-packages\sklearn\metrics\_classification.py:1344: UndefinedMetricWarning: Precision is ill-defined and being set to 0.0 due to no predicted samples. Use `zero_division` parameter to control this behavior.
  _warn_prf(average, modifier, msg_start, len(result))

2026-06-11 05:40:59,495:WARNING:c:\Users\DELL\anaconda3\envs\p11_env\Lib\site-packages\sklearn\metrics\_classification.py:1344: UndefinedMetricWarning: Precision is ill-defined and being set to 0.0 due to no predicted samples. Use `zero_division` parameter to control this behavior.
  _warn_prf(average, modifier, msg_start, len(result))

2026-06-11 05:41:01,694:WARNING:c:\Users\DELL\anaconda3\envs\p11_env\Lib\site-packages\sklearn\metrics\_classification.py:1344: UndefinedMetricWarning: Precision is ill-defined and being set to 0.0 due to no predicted samples. Use `zero_division` parameter to control this behavior.
  _warn_prf(average, modifier, msg_start, len(result))

2026-06-11 05:41:02,804:WARNING:c:\Users\DELL\anaconda3\envs\p11_env\Lib\site-packages\sklearn\metrics\_classification.py:1344: UndefinedMetricWarning: Precision is ill-defined and being set to 0.0 due to no predicted samples. Use `zero_division` parameter to control this behavior.
  _warn_prf(average, modifier, msg_start, len(result))

2026-06-11 05:41:03,743:WARNING:c:\Users\DELL\anaconda3\envs\p11_env\Lib\site-packages\sklearn\metrics\_classification.py:1344: UndefinedMetricWarning: Precision is ill-defined and being set to 0.0 due to no predicted samples. Use `zero_division` parameter to control this behavior.
  _warn_prf(average, modifier, msg_start, len(result))

2026-06-11 05:41:04,106:WARNING:c:\Users\DELL\anaconda3\envs\p11_env\Lib\site-packages\sklearn\metrics\_classification.py:1344: UndefinedMetricWarning: Precision is ill-defined and being set to 0.0 due to no predicted samples. Use `zero_division` parameter to control this behavior.
  _warn_prf(average, modifier, msg_start, len(result))

2026-06-11 05:41:04,223:WARNING:c:\Users\DELL\anaconda3\envs\p11_env\Lib\site-packages\sklearn\metrics\_classification.py:1344: UndefinedMetricWarning: Precision is ill-defined and being set to 0.0 due to no predicted samples. Use `zero_division` parameter to control this behavior.
  _warn_prf(average, modifier, msg_start, len(result))

2026-06-11 05:41:32,208:WARNING:c:\Users\DELL\anaconda3\envs\p11_env\Lib\site-packages\sklearn\metrics\_classification.py:1344: UndefinedMetricWarning: Precision is ill-defined and being set to 0.0 due to no predicted samples. Use `zero_division` parameter to control this behavior.
  _warn_prf(average, modifier, msg_start, len(result))

2026-06-11 05:41:34,650:WARNING:c:\Users\DELL\anaconda3\envs\p11_env\Lib\site-packages\sklearn\metrics\_classification.py:1344: UndefinedMetricWarning: Precision is ill-defined and being set to 0.0 due to no predicted samples. Use `zero_division` parameter to control this behavior.
  _warn_prf(average, modifier, msg_start, len(result))

2026-06-11 05:42:51,442:WARNING:c:\Users\DELL\anaconda3\envs\p11_env\Lib\site-packages\sklearn\metrics\_classification.py:1344: UndefinedMetricWarning: Precision is ill-defined and being set to 0.0 due to no predicted samples. Use `zero_division` parameter to control this behavior.
  _warn_prf(average, modifier, msg_start, len(result))

2026-06-11 05:42:57,219:WARNING:c:\Users\DELL\anaconda3\envs\p11_env\Lib\site-packages\sklearn\metrics\_classification.py:1344: UndefinedMetricWarning: Precision is ill-defined and being set to 0.0 due to no predicted samples. Use `zero_division` parameter to control this behavior.
  _warn_prf(average, modifier, msg_start, len(result))

2026-06-11 05:42:57,727:WARNING:c:\Users\DELL\anaconda3\envs\p11_env\Lib\site-packages\sklearn\metrics\_classification.py:1344: UndefinedMetricWarning: Precision is ill-defined and being set to 0.0 due to no predicted samples. Use `zero_division` parameter to control this behavior.
  _warn_prf(average, modifier, msg_start, len(result))

2026-06-11 05:42:58,520:WARNING:c:\Users\DELL\anaconda3\envs\p11_env\Lib\site-packages\sklearn\metrics\_classification.py:1344: UndefinedMetricWarning: Precision is ill-defined and being set to 0.0 due to no predicted samples. Use `zero_division` parameter to control this behavior.
  _warn_prf(average, modifier, msg_start, len(result))

2026-06-11 05:43:44,776:WARNING:c:\Users\DELL\anaconda3\envs\p11_env\Lib\site-packages\sklearn\metrics\_classification.py:1344: UndefinedMetricWarning: Precision is ill-defined and being set to 0.0 due to no predicted samples. Use `zero_division` parameter to control this behavior.
  _warn_prf(average, modifier, msg_start, len(result))

2026-06-11 05:43:45,397:WARNING:c:\Users\DELL\anaconda3\envs\p11_env\Lib\site-packages\sklearn\metrics\_classification.py:1344: UndefinedMetricWarning: Precision is ill-defined and being set to 0.0 due to no predicted samples. Use `zero_division` parameter to control this behavior.
  _warn_prf(average, modifier, msg_start, len(result))

2026-06-11 05:43:50,464:WARNING:c:\Users\DELL\anaconda3\envs\p11_env\Lib\site-packages\sklearn\metrics\_classification.py:1344: UndefinedMetricWarning: Precision is ill-defined and being set to 0.0 due to no predicted samples. Use `zero_division` parameter to control this behavior.
  _warn_prf(average, modifier, msg_start, len(result))

2026-06-11 05:43:54,041:WARNING:c:\Users\DELL\anaconda3\envs\p11_env\Lib\site-packages\sklearn\metrics\_classification.py:1344: UndefinedMetricWarning: Precision is ill-defined and being set to 0.0 due to no predicted samples. Use `zero_division` parameter to control this behavior.
  _warn_prf(average, modifier, msg_start, len(result))

2026-06-11 05:44:19,503:WARNING:c:\Users\DELL\anaconda3\envs\p11_env\Lib\site-packages\sklearn\metrics\_classification.py:1344: UndefinedMetricWarning: Precision is ill-defined and being set to 0.0 due to no predicted samples. Use `zero_division` parameter to control this behavior.
  _warn_prf(average, modifier, msg_start, len(result))

2026-06-11 05:44:29,408:WARNING:c:\Users\DELL\anaconda3\envs\p11_env\Lib\site-packages\sklearn\metrics\_classification.py:1344: UndefinedMetricWarning: Precision is ill-defined and being set to 0.0 due to no predicted samples. Use `zero_division` parameter to control this behavior.
  _warn_prf(average, modifier, msg_start, len(result))

2026-06-11 05:51:10,559:WARNING:c:\Users\DELL\anaconda3\envs\p11_env\Lib\site-packages\sklearn\metrics\_classification.py:1344: UndefinedMetricWarning: Precision is ill-defined and being set to 0.0 due to no predicted samples. Use `zero_division` parameter to control this behavior.
  _warn_prf(average, modifier, msg_start, len(result))

2026-06-11 05:51:51,562:WARNING:c:\Users\DELL\anaconda3\envs\p11_env\Lib\site-packages\sklearn\metrics\_classification.py:1344: UndefinedMetricWarning: Precision is ill-defined and being set to 0.0 due to no predicted samples. Use `zero_division` parameter to control this behavior.
  _warn_prf(average, modifier, msg_start, len(result))

2026-06-11 05:52:35,515:WARNING:c:\Users\DELL\anaconda3\envs\p11_env\Lib\site-packages\sklearn\metrics\_classification.py:1344: UndefinedMetricWarning: Precision is ill-defined and being set to 0.0 due to no predicted samples. Use `zero_division` parameter to control this behavior.
  _warn_prf(average, modifier, msg_start, len(result))

2026-06-11 05:57:54,778:INFO:best_params: {'actual_estimator__n_estimators': 220, 'actual_estimator__min_samples_split': 9, 'actual_estimator__min_samples_leaf': 5, 'actual_estimator__min_impurity_decrease': 0, 'actual_estimator__max_features': 'sqrt', 'actual_estimator__max_depth': 10, 'actual_estimator__criterion': 'entropy', 'actual_estimator__class_weight': 'balanced', 'actual_estimator__bootstrap': False}
2026-06-11 05:57:54,781:INFO:Hyperparameter search completed
2026-06-11 05:57:54,783:INFO:SubProcess create_model() called ==================================
2026-06-11 05:57:54,785:INFO:Initializing create_model()
2026-06-11 05:57:54,786:INFO:create_model(self=<pycaret.classification.oop.ClassificationExperiment object at 0x0000026AE0EF74D0>, estimator=ExtraTreesClassifier(bootstrap=False, ccp_alpha=0.0, class_weight=None,
                     criterion='gini', max_depth=None, max_features='sqrt',
                     max_leaf_nodes=None, max_samples=None,
                     min_impurity_decrease=0.0, min_samples_leaf=1,
                     min_samples_split=2, min_weight_fraction_leaf=0.0,
                     n_estimators=100, n_jobs=-1, oob_score=False,
                     random_state=40, verbose=0, warm_start=False), fold=StratifiedKFold(n_splits=10, random_state=None, shuffle=False), round=4, cross_validation=True, predict=True, fit_kwargs={}, groups=None, refit=True, probability_threshold=None, experiment_custom_tags=None, verbose=True, system=False, add_to_model_list=True, metrics=None, display=<pycaret.internal.display.display.CommonDisplay object at 0x0000026A9067F1D0>, model_only=True, return_train_score=False, error_score=0.0, kwargs={'n_estimators': 220, 'min_samples_split': 9, 'min_samples_leaf': 5, 'min_impurity_decrease': 0, 'max_features': 'sqrt', 'max_depth': 10, 'criterion': 'entropy', 'class_weight': 'balanced', 'bootstrap': False})
2026-06-11 05:57:54,786:INFO:Checking exceptions
2026-06-11 05:57:54,786:INFO:Importing libraries
2026-06-11 05:57:54,788:INFO:Copying training dataset
2026-06-11 05:57:55,222:INFO:Defining folds
2026-06-11 05:57:55,223:INFO:Declaring metric variables
2026-06-11 05:57:55,234:INFO:Importing untrained model
2026-06-11 05:57:55,235:INFO:Declaring custom model
2026-06-11 05:57:55,246:INFO:Extra Trees Classifier Imported successfully
2026-06-11 05:57:55,263:INFO:Starting cross validation
2026-06-11 05:57:55,271:INFO:Cross validating with StratifiedKFold(n_splits=10, random_state=None, shuffle=False), n_jobs=-1
2026-06-11 06:01:20,128:INFO:Calculating mean and std
2026-06-11 06:01:20,130:INFO:Creating metrics dataframe
2026-06-11 06:01:20,143:INFO:Finalizing model
2026-06-11 06:01:42,367:INFO:Uploading results into container
2026-06-11 06:01:42,370:INFO:Uploading model into container now
2026-06-11 06:01:42,371:INFO:_master_model_container: 18
2026-06-11 06:01:42,372:INFO:_display_container: 4
2026-06-11 06:01:42,372:INFO:ExtraTreesClassifier(bootstrap=False, ccp_alpha=0.0, class_weight='balanced',
                     criterion='entropy', max_depth=10, max_features='sqrt',
                     max_leaf_nodes=None, max_samples=None,
                     min_impurity_decrease=0, min_samples_leaf=5,
                     min_samples_split=9, min_weight_fraction_leaf=0.0,
                     n_estimators=220, n_jobs=-1, oob_score=False,
                     random_state=40, verbose=0, warm_start=False)
2026-06-11 06:01:42,372:INFO:create_model() successfully completed......................................
2026-06-11 06:01:43,245:INFO:SubProcess create_model() end ==================================
2026-06-11 06:01:43,245:INFO:choose_better activated
2026-06-11 06:01:43,247:INFO:SubProcess create_model() called ==================================
2026-06-11 06:01:43,249:INFO:Initializing create_model()
2026-06-11 06:01:43,249:INFO:create_model(self=<pycaret.classification.oop.ClassificationExperiment object at 0x0000026AE0EF74D0>, estimator=ExtraTreesClassifier(bootstrap=False, ccp_alpha=0.0, class_weight=None,
                     criterion='gini', max_depth=None, max_features='sqrt',
                     max_leaf_nodes=None, max_samples=None,
                     min_impurity_decrease=0.0, min_samples_leaf=1,
                     min_samples_split=2, min_weight_fraction_leaf=0.0,
                     n_estimators=100, n_jobs=-1, oob_score=False,
                     random_state=40, verbose=0, warm_start=False), fold=StratifiedKFold(n_splits=10, random_state=None, shuffle=False), round=4, cross_validation=True, predict=True, fit_kwargs={}, groups=None, refit=True, probability_threshold=None, experiment_custom_tags=None, verbose=False, system=False, add_to_model_list=True, metrics=None, display=None, model_only=True, return_train_score=False, error_score=0.0, kwargs={})
2026-06-11 06:01:43,249:INFO:Checking exceptions
2026-06-11 06:01:43,249:INFO:Importing libraries
2026-06-11 06:01:43,249:INFO:Copying training dataset
2026-06-11 06:01:43,412:INFO:Defining folds
2026-06-11 06:01:43,413:INFO:Declaring metric variables
2026-06-11 06:01:43,414:INFO:Importing untrained model
2026-06-11 06:01:43,414:INFO:Declaring custom model
2026-06-11 06:01:43,414:INFO:Extra Trees Classifier Imported successfully
2026-06-11 06:01:43,414:INFO:Starting cross validation
2026-06-11 06:01:43,414:INFO:Cross validating with StratifiedKFold(n_splits=10, random_state=None, shuffle=False), n_jobs=-1
2026-06-11 06:06:32,191:INFO:Calculating mean and std
2026-06-11 06:06:32,193:INFO:Creating metrics dataframe
2026-06-11 06:06:32,196:INFO:Finalizing model
2026-06-11 06:07:04,009:INFO:Uploading results into container
2026-06-11 06:07:04,009:INFO:Uploading model into container now
2026-06-11 06:07:04,009:INFO:_master_model_container: 19
2026-06-11 06:07:04,009:INFO:_display_container: 5
2026-06-11 06:07:04,009:INFO:ExtraTreesClassifier(bootstrap=False, ccp_alpha=0.0, class_weight=None,
                     criterion='gini', max_depth=None, max_features='sqrt',
                     max_leaf_nodes=None, max_samples=None,
                     min_impurity_decrease=0.0, min_samples_leaf=1,
                     min_samples_split=2, min_weight_fraction_leaf=0.0,
                     n_estimators=100, n_jobs=-1, oob_score=False,
                     random_state=40, verbose=0, warm_start=False)
2026-06-11 06:07:04,009:INFO:create_model() successfully completed......................................
2026-06-11 06:07:05,119:INFO:SubProcess create_model() end ==================================
2026-06-11 06:07:05,119:INFO:ExtraTreesClassifier(bootstrap=False, ccp_alpha=0.0, class_weight=None,
                     criterion='gini', max_depth=None, max_features='sqrt',
                     max_leaf_nodes=None, max_samples=None,
                     min_impurity_decrease=0.0, min_samples_leaf=1,
                     min_samples_split=2, min_weight_fraction_leaf=0.0,
                     n_estimators=100, n_jobs=-1, oob_score=False,
                     random_state=40, verbose=0, warm_start=False) result for Prec. is 0.4916
2026-06-11 06:07:05,119:INFO:ExtraTreesClassifier(bootstrap=False, ccp_alpha=0.0, class_weight='balanced',
                     criterion='entropy', max_depth=10, max_features='sqrt',
                     max_leaf_nodes=None, max_samples=None,
                     min_impurity_decrease=0, min_samples_leaf=5,
                     min_samples_split=9, min_weight_fraction_leaf=0.0,
                     n_estimators=220, n_jobs=-1, oob_score=False,
                     random_state=40, verbose=0, warm_start=False) result for Prec. is 0.3069
2026-06-11 06:07:05,119:INFO:ExtraTreesClassifier(bootstrap=False, ccp_alpha=0.0, class_weight=None,
                     criterion='gini', max_depth=None, max_features='sqrt',
                     max_leaf_nodes=None, max_samples=None,
                     min_impurity_decrease=0.0, min_samples_leaf=1,
                     min_samples_split=2, min_weight_fraction_leaf=0.0,
                     n_estimators=100, n_jobs=-1, oob_score=False,
                     random_state=40, verbose=0, warm_start=False) is best model
2026-06-11 06:07:05,119:INFO:choose_better completed
2026-06-11 06:07:05,119:INFO:Original model was better than the tuned model, hence it will be returned. NOTE: The display metrics are for the tuned model (not the original one).
2026-06-11 06:07:05,152:INFO:_master_model_container: 19
2026-06-11 06:07:05,152:INFO:_display_container: 4
2026-06-11 06:07:05,158:INFO:ExtraTreesClassifier(bootstrap=False, ccp_alpha=0.0, class_weight=None,
                     criterion='gini', max_depth=None, max_features='sqrt',
                     max_leaf_nodes=None, max_samples=None,
                     min_impurity_decrease=0.0, min_samples_leaf=1,
                     min_samples_split=2, min_weight_fraction_leaf=0.0,
                     n_estimators=100, n_jobs=-1, oob_score=False,
                     random_state=40, verbose=0, warm_start=False)
2026-06-11 06:07:05,158:INFO:tune_model() successfully completed......................................
2026-06-11 06:07:37,465:WARNING:C:\Users\DELL\AppData\Local\Temp\ipykernel_19136\3175216543.py:22: FutureWarning: The NumPy global RNG was seeded by calling `np.random.seed`. In a future version this function will no longer use the global RNG. Pass `rng` explicitly to opt-in to the new behaviour and silence this warning.
  shap.summary_plot(shap_values_to_plot, X_sample, plot_type="bar", max_display=5)

2026-06-11 06:07:37,733:WARNING:C:\Users\DELL\AppData\Local\Temp\ipykernel_19136\3175216543.py:25: FutureWarning: The NumPy global RNG was seeded by calling `np.random.seed`. In a future version this function will no longer use the global RNG. Pass `rng` explicitly to opt-in to the new behaviour and silence this warning.
  shap.summary_plot(shap_values_to_plot, X_sample, max_display=5)

2026-06-11 07:53:36,888:WARNING:C:\Users\DELL\AppData\Local\Temp\ipykernel_19136\3175216543.py:22: FutureWarning: The NumPy global RNG was seeded by calling `np.random.seed`. In a future version this function will no longer use the global RNG. Pass `rng` explicitly to opt-in to the new behaviour and silence this warning.
  shap.summary_plot(shap_values_to_plot, X_sample, plot_type="bar", max_display=5)

2026-06-11 07:53:36,979:WARNING:C:\Users\DELL\AppData\Local\Temp\ipykernel_19136\3175216543.py:25: FutureWarning: The NumPy global RNG was seeded by calling `np.random.seed`. In a future version this function will no longer use the global RNG. Pass `rng` explicitly to opt-in to the new behaviour and silence this warning.
  shap.summary_plot(shap_values_to_plot, X_sample, max_display=5)

2026-06-15 14:38:42,957:WARNING:
'cuml' is a soft dependency and not included in the pycaret installation. Please run: `pip install cuml` to install.
2026-06-15 14:38:42,957:WARNING:
'cuml' is a soft dependency and not included in the pycaret installation. Please run: `pip install cuml` to install.
2026-06-15 14:38:42,957:WARNING:
'cuml' is a soft dependency and not included in the pycaret installation. Please run: `pip install cuml` to install.
2026-06-15 14:38:42,957:WARNING:
'cuml' is a soft dependency and not included in the pycaret installation. Please run: `pip install cuml` to install.
2026-06-15 14:40:55,312:WARNING:c:\Users\DELL\anaconda3\envs\p11_env\Lib\site-packages\yfinance\scrapers\history.py:396: FutureWarning: The default dtype for empty Series will be 'object' instead of 'float64' in a future version. Specify a dtype explicitly to silence this warning.
  self._capital_gains = pd.Series()

2026-06-15 14:40:56,221:WARNING:c:\Users\DELL\anaconda3\envs\p11_env\Lib\site-packages\yfinance\scrapers\history.py:396: FutureWarning: The default dtype for empty Series will be 'object' instead of 'float64' in a future version. Specify a dtype explicitly to silence this warning.
  self._capital_gains = pd.Series()

2026-06-15 14:40:57,668:WARNING:c:\Users\DELL\anaconda3\envs\p11_env\Lib\site-packages\yfinance\scrapers\history.py:396: FutureWarning: The default dtype for empty Series will be 'object' instead of 'float64' in a future version. Specify a dtype explicitly to silence this warning.
  self._capital_gains = pd.Series()

2026-06-15 14:40:57,970:WARNING:c:\Users\DELL\anaconda3\envs\p11_env\Lib\site-packages\yfinance\scrapers\history.py:396: FutureWarning: The default dtype for empty Series will be 'object' instead of 'float64' in a future version. Specify a dtype explicitly to silence this warning.
  self._capital_gains = pd.Series()

2026-06-15 14:40:58,833:WARNING:c:\Users\DELL\anaconda3\envs\p11_env\Lib\site-packages\yfinance\scrapers\history.py:396: FutureWarning: The default dtype for empty Series will be 'object' instead of 'float64' in a future version. Specify a dtype explicitly to silence this warning.
  self._capital_gains = pd.Series()

2026-06-15 14:41:00,367:WARNING:c:\Users\DELL\anaconda3\envs\p11_env\Lib\site-packages\yfinance\scrapers\history.py:396: FutureWarning: The default dtype for empty Series will be 'object' instead of 'float64' in a future version. Specify a dtype explicitly to silence this warning.
  self._capital_gains = pd.Series()

2026-06-15 14:41:01,313:WARNING:c:\Users\DELL\anaconda3\envs\p11_env\Lib\site-packages\yfinance\scrapers\history.py:396: FutureWarning: The default dtype for empty Series will be 'object' instead of 'float64' in a future version. Specify a dtype explicitly to silence this warning.
  self._capital_gains = pd.Series()

2026-06-15 14:41:02,533:WARNING:c:\Users\DELL\anaconda3\envs\p11_env\Lib\site-packages\yfinance\scrapers\history.py:396: FutureWarning: The default dtype for empty Series will be 'object' instead of 'float64' in a future version. Specify a dtype explicitly to silence this warning.
  self._capital_gains = pd.Series()

2026-06-15 14:41:04,154:WARNING:c:\Users\DELL\anaconda3\envs\p11_env\Lib\site-packages\yfinance\scrapers\history.py:396: FutureWarning: The default dtype for empty Series will be 'object' instead of 'float64' in a future version. Specify a dtype explicitly to silence this warning.
  self._capital_gains = pd.Series()

2026-06-15 14:41:05,786:WARNING:c:\Users\DELL\anaconda3\envs\p11_env\Lib\site-packages\yfinance\scrapers\history.py:396: FutureWarning: The default dtype for empty Series will be 'object' instead of 'float64' in a future version. Specify a dtype explicitly to silence this warning.
  self._capital_gains = pd.Series()

2026-06-15 14:41:07,068:WARNING:c:\Users\DELL\anaconda3\envs\p11_env\Lib\site-packages\yfinance\scrapers\history.py:396: FutureWarning: The default dtype for empty Series will be 'object' instead of 'float64' in a future version. Specify a dtype explicitly to silence this warning.
  self._capital_gains = pd.Series()

2026-06-15 14:41:08,084:WARNING:c:\Users\DELL\anaconda3\envs\p11_env\Lib\site-packages\yfinance\scrapers\history.py:396: FutureWarning: The default dtype for empty Series will be 'object' instead of 'float64' in a future version. Specify a dtype explicitly to silence this warning.
  self._capital_gains = pd.Series()

2026-06-15 14:41:09,206:WARNING:c:\Users\DELL\anaconda3\envs\p11_env\Lib\site-packages\yfinance\scrapers\history.py:396: FutureWarning: The default dtype for empty Series will be 'object' instead of 'float64' in a future version. Specify a dtype explicitly to silence this warning.
  self._capital_gains = pd.Series()

2026-06-15 14:41:10,443:WARNING:c:\Users\DELL\anaconda3\envs\p11_env\Lib\site-packages\yfinance\scrapers\history.py:396: FutureWarning: The default dtype for empty Series will be 'object' instead of 'float64' in a future version. Specify a dtype explicitly to silence this warning.
  self._capital_gains = pd.Series()

2026-06-15 14:41:11,698:WARNING:c:\Users\DELL\anaconda3\envs\p11_env\Lib\site-packages\yfinance\scrapers\history.py:396: FutureWarning: The default dtype for empty Series will be 'object' instead of 'float64' in a future version. Specify a dtype explicitly to silence this warning.
  self._capital_gains = pd.Series()

2026-06-15 14:41:13,166:WARNING:c:\Users\DELL\anaconda3\envs\p11_env\Lib\site-packages\yfinance\scrapers\history.py:396: FutureWarning: The default dtype for empty Series will be 'object' instead of 'float64' in a future version. Specify a dtype explicitly to silence this warning.
  self._capital_gains = pd.Series()

2026-06-15 14:41:14,257:WARNING:c:\Users\DELL\anaconda3\envs\p11_env\Lib\site-packages\yfinance\scrapers\history.py:396: FutureWarning: The default dtype for empty Series will be 'object' instead of 'float64' in a future version. Specify a dtype explicitly to silence this warning.
  self._capital_gains = pd.Series()

2026-06-15 14:41:15,693:WARNING:c:\Users\DELL\anaconda3\envs\p11_env\Lib\site-packages\yfinance\scrapers\history.py:396: FutureWarning: The default dtype for empty Series will be 'object' instead of 'float64' in a future version. Specify a dtype explicitly to silence this warning.
  self._capital_gains = pd.Series()

2026-06-15 14:41:16,358:WARNING:c:\Users\DELL\anaconda3\envs\p11_env\Lib\site-packages\yfinance\scrapers\history.py:396: FutureWarning: The default dtype for empty Series will be 'object' instead of 'float64' in a future version. Specify a dtype explicitly to silence this warning.
  self._capital_gains = pd.Series()

2026-06-15 14:41:17,322:WARNING:c:\Users\DELL\anaconda3\envs\p11_env\Lib\site-packages\yfinance\scrapers\history.py:396: FutureWarning: The default dtype for empty Series will be 'object' instead of 'float64' in a future version. Specify a dtype explicitly to silence this warning.
  self._capital_gains = pd.Series()

2026-06-15 14:41:18,649:WARNING:c:\Users\DELL\anaconda3\envs\p11_env\Lib\site-packages\yfinance\scrapers\history.py:396: FutureWarning: The default dtype for empty Series will be 'object' instead of 'float64' in a future version. Specify a dtype explicitly to silence this warning.
  self._capital_gains = pd.Series()

2026-06-15 14:41:20,203:WARNING:c:\Users\DELL\anaconda3\envs\p11_env\Lib\site-packages\yfinance\scrapers\history.py:396: FutureWarning: The default dtype for empty Series will be 'object' instead of 'float64' in a future version. Specify a dtype explicitly to silence this warning.
  self._capital_gains = pd.Series()

2026-06-15 14:41:22,203:WARNING:c:\Users\DELL\anaconda3\envs\p11_env\Lib\site-packages\yfinance\scrapers\history.py:396: FutureWarning: The default dtype for empty Series will be 'object' instead of 'float64' in a future version. Specify a dtype explicitly to silence this warning.
  self._capital_gains = pd.Series()

2026-06-15 14:41:23,560:WARNING:c:\Users\DELL\anaconda3\envs\p11_env\Lib\site-packages\yfinance\scrapers\history.py:396: FutureWarning: The default dtype for empty Series will be 'object' instead of 'float64' in a future version. Specify a dtype explicitly to silence this warning.
  self._capital_gains = pd.Series()

2026-06-15 14:41:37,515:WARNING:c:\Users\DELL\anaconda3\envs\p11_env\Lib\site-packages\yfinance\scrapers\history.py:396: FutureWarning: The default dtype for empty Series will be 'object' instead of 'float64' in a future version. Specify a dtype explicitly to silence this warning.
  self._capital_gains = pd.Series()

2026-06-15 14:41:38,638:WARNING:c:\Users\DELL\anaconda3\envs\p11_env\Lib\site-packages\yfinance\scrapers\history.py:396: FutureWarning: The default dtype for empty Series will be 'object' instead of 'float64' in a future version. Specify a dtype explicitly to silence this warning.
  self._capital_gains = pd.Series()

2026-06-15 14:41:38,803:WARNING:c:\Users\DELL\anaconda3\envs\p11_env\Lib\site-packages\yfinance\scrapers\history.py:396: FutureWarning: The default dtype for empty Series will be 'object' instead of 'float64' in a future version. Specify a dtype explicitly to silence this warning.
  self._capital_gains = pd.Series()

2026-06-15 14:41:39,061:WARNING:c:\Users\DELL\anaconda3\envs\p11_env\Lib\site-packages\yfinance\scrapers\history.py:396: FutureWarning: The default dtype for empty Series will be 'object' instead of 'float64' in a future version. Specify a dtype explicitly to silence this warning.
  self._capital_gains = pd.Series()

2026-06-15 14:41:39,291:WARNING:c:\Users\DELL\anaconda3\envs\p11_env\Lib\site-packages\yfinance\scrapers\history.py:396: FutureWarning: The default dtype for empty Series will be 'object' instead of 'float64' in a future version. Specify a dtype explicitly to silence this warning.
  self._capital_gains = pd.Series()

2026-06-15 14:41:39,508:WARNING:c:\Users\DELL\anaconda3\envs\p11_env\Lib\site-packages\yfinance\scrapers\history.py:396: FutureWarning: The default dtype for empty Series will be 'object' instead of 'float64' in a future version. Specify a dtype explicitly to silence this warning.
  self._capital_gains = pd.Series()

2026-06-15 14:41:39,743:WARNING:c:\Users\DELL\anaconda3\envs\p11_env\Lib\site-packages\yfinance\scrapers\history.py:396: FutureWarning: The default dtype for empty Series will be 'object' instead of 'float64' in a future version. Specify a dtype explicitly to silence this warning.
  self._capital_gains = pd.Series()

2026-06-15 15:55:31,118:WARNING:
'cuml' is a soft dependency and not included in the pycaret installation. Please run: `pip install cuml` to install.
2026-06-15 15:55:31,118:WARNING:
'cuml' is a soft dependency and not included in the pycaret installation. Please run: `pip install cuml` to install.
2026-06-15 15:55:31,118:WARNING:
'cuml' is a soft dependency and not included in the pycaret installation. Please run: `pip install cuml` to install.
2026-06-15 15:55:31,118:WARNING:
'cuml' is a soft dependency and not included in the pycaret installation. Please run: `pip install cuml` to install.
2026-06-15 15:57:40,019:WARNING:c:\Users\DELL\anaconda3\envs\p11_env\Lib\site-packages\yfinance\scrapers\history.py:396: FutureWarning: The default dtype for empty Series will be 'object' instead of 'float64' in a future version. Specify a dtype explicitly to silence this warning.
  self._capital_gains = pd.Series()

2026-06-15 15:57:41,692:WARNING:c:\Users\DELL\anaconda3\envs\p11_env\Lib\site-packages\yfinance\scrapers\history.py:396: FutureWarning: The default dtype for empty Series will be 'object' instead of 'float64' in a future version. Specify a dtype explicitly to silence this warning.
  self._capital_gains = pd.Series()

2026-06-15 15:57:43,157:WARNING:c:\Users\DELL\anaconda3\envs\p11_env\Lib\site-packages\yfinance\scrapers\history.py:396: FutureWarning: The default dtype for empty Series will be 'object' instead of 'float64' in a future version. Specify a dtype explicitly to silence this warning.
  self._capital_gains = pd.Series()

2026-06-15 15:57:44,111:WARNING:c:\Users\DELL\anaconda3\envs\p11_env\Lib\site-packages\yfinance\scrapers\history.py:396: FutureWarning: The default dtype for empty Series will be 'object' instead of 'float64' in a future version. Specify a dtype explicitly to silence this warning.
  self._capital_gains = pd.Series()

2026-06-15 15:57:45,490:WARNING:c:\Users\DELL\anaconda3\envs\p11_env\Lib\site-packages\yfinance\scrapers\history.py:396: FutureWarning: The default dtype for empty Series will be 'object' instead of 'float64' in a future version. Specify a dtype explicitly to silence this warning.
  self._capital_gains = pd.Series()

2026-06-15 15:57:46,833:WARNING:c:\Users\DELL\anaconda3\envs\p11_env\Lib\site-packages\yfinance\scrapers\history.py:396: FutureWarning: The default dtype for empty Series will be 'object' instead of 'float64' in a future version. Specify a dtype explicitly to silence this warning.
  self._capital_gains = pd.Series()

2026-06-15 15:57:47,967:WARNING:c:\Users\DELL\anaconda3\envs\p11_env\Lib\site-packages\yfinance\scrapers\history.py:396: FutureWarning: The default dtype for empty Series will be 'object' instead of 'float64' in a future version. Specify a dtype explicitly to silence this warning.
  self._capital_gains = pd.Series()

2026-06-15 15:57:48,580:WARNING:c:\Users\DELL\anaconda3\envs\p11_env\Lib\site-packages\yfinance\scrapers\history.py:396: FutureWarning: The default dtype for empty Series will be 'object' instead of 'float64' in a future version. Specify a dtype explicitly to silence this warning.
  self._capital_gains = pd.Series()

2026-06-15 15:57:49,411:WARNING:c:\Users\DELL\anaconda3\envs\p11_env\Lib\site-packages\yfinance\scrapers\history.py:396: FutureWarning: The default dtype for empty Series will be 'object' instead of 'float64' in a future version. Specify a dtype explicitly to silence this warning.
  self._capital_gains = pd.Series()

2026-06-15 15:57:50,353:WARNING:c:\Users\DELL\anaconda3\envs\p11_env\Lib\site-packages\yfinance\scrapers\history.py:396: FutureWarning: The default dtype for empty Series will be 'object' instead of 'float64' in a future version. Specify a dtype explicitly to silence this warning.
  self._capital_gains = pd.Series()

2026-06-15 15:57:51,715:WARNING:c:\Users\DELL\anaconda3\envs\p11_env\Lib\site-packages\yfinance\scrapers\history.py:396: FutureWarning: The default dtype for empty Series will be 'object' instead of 'float64' in a future version. Specify a dtype explicitly to silence this warning.
  self._capital_gains = pd.Series()

2026-06-15 15:57:52,451:WARNING:c:\Users\DELL\anaconda3\envs\p11_env\Lib\site-packages\yfinance\scrapers\history.py:396: FutureWarning: The default dtype for empty Series will be 'object' instead of 'float64' in a future version. Specify a dtype explicitly to silence this warning.
  self._capital_gains = pd.Series()

2026-06-15 15:57:53,404:WARNING:c:\Users\DELL\anaconda3\envs\p11_env\Lib\site-packages\yfinance\scrapers\history.py:396: FutureWarning: The default dtype for empty Series will be 'object' instead of 'float64' in a future version. Specify a dtype explicitly to silence this warning.
  self._capital_gains = pd.Series()

2026-06-15 15:57:54,320:WARNING:c:\Users\DELL\anaconda3\envs\p11_env\Lib\site-packages\yfinance\scrapers\history.py:396: FutureWarning: The default dtype for empty Series will be 'object' instead of 'float64' in a future version. Specify a dtype explicitly to silence this warning.
  self._capital_gains = pd.Series()

2026-06-15 15:57:55,306:WARNING:c:\Users\DELL\anaconda3\envs\p11_env\Lib\site-packages\yfinance\scrapers\history.py:396: FutureWarning: The default dtype for empty Series will be 'object' instead of 'float64' in a future version. Specify a dtype explicitly to silence this warning.
  self._capital_gains = pd.Series()

2026-06-15 15:57:56,250:WARNING:c:\Users\DELL\anaconda3\envs\p11_env\Lib\site-packages\yfinance\scrapers\history.py:396: FutureWarning: The default dtype for empty Series will be 'object' instead of 'float64' in a future version. Specify a dtype explicitly to silence this warning.
  self._capital_gains = pd.Series()

2026-06-15 15:57:57,222:WARNING:c:\Users\DELL\anaconda3\envs\p11_env\Lib\site-packages\yfinance\scrapers\history.py:396: FutureWarning: The default dtype for empty Series will be 'object' instead of 'float64' in a future version. Specify a dtype explicitly to silence this warning.
  self._capital_gains = pd.Series()

2026-06-15 15:57:58,400:WARNING:c:\Users\DELL\anaconda3\envs\p11_env\Lib\site-packages\yfinance\scrapers\history.py:396: FutureWarning: The default dtype for empty Series will be 'object' instead of 'float64' in a future version. Specify a dtype explicitly to silence this warning.
  self._capital_gains = pd.Series()

2026-06-15 15:57:59,547:WARNING:c:\Users\DELL\anaconda3\envs\p11_env\Lib\site-packages\yfinance\scrapers\history.py:396: FutureWarning: The default dtype for empty Series will be 'object' instead of 'float64' in a future version. Specify a dtype explicitly to silence this warning.
  self._capital_gains = pd.Series()

2026-06-15 15:58:00,888:WARNING:c:\Users\DELL\anaconda3\envs\p11_env\Lib\site-packages\yfinance\scrapers\history.py:396: FutureWarning: The default dtype for empty Series will be 'object' instead of 'float64' in a future version. Specify a dtype explicitly to silence this warning.
  self._capital_gains = pd.Series()

2026-06-15 15:58:01,239:WARNING:c:\Users\DELL\anaconda3\envs\p11_env\Lib\site-packages\yfinance\scrapers\history.py:396: FutureWarning: The default dtype for empty Series will be 'object' instead of 'float64' in a future version. Specify a dtype explicitly to silence this warning.
  self._capital_gains = pd.Series()

2026-06-15 15:58:02,773:WARNING:c:\Users\DELL\anaconda3\envs\p11_env\Lib\site-packages\yfinance\scrapers\history.py:396: FutureWarning: The default dtype for empty Series will be 'object' instead of 'float64' in a future version. Specify a dtype explicitly to silence this warning.
  self._capital_gains = pd.Series()

2026-06-15 15:58:04,427:WARNING:c:\Users\DELL\anaconda3\envs\p11_env\Lib\site-packages\yfinance\scrapers\history.py:396: FutureWarning: The default dtype for empty Series will be 'object' instead of 'float64' in a future version. Specify a dtype explicitly to silence this warning.
  self._capital_gains = pd.Series()

2026-06-15 15:58:07,436:WARNING:c:\Users\DELL\anaconda3\envs\p11_env\Lib\site-packages\yfinance\scrapers\history.py:396: FutureWarning: The default dtype for empty Series will be 'object' instead of 'float64' in a future version. Specify a dtype explicitly to silence this warning.
  self._capital_gains = pd.Series()

2026-06-15 15:58:25,755:WARNING:c:\Users\DELL\anaconda3\envs\p11_env\Lib\site-packages\yfinance\scrapers\history.py:396: FutureWarning: The default dtype for empty Series will be 'object' instead of 'float64' in a future version. Specify a dtype explicitly to silence this warning.
  self._capital_gains = pd.Series()

2026-06-15 15:58:27,497:WARNING:c:\Users\DELL\anaconda3\envs\p11_env\Lib\site-packages\yfinance\scrapers\history.py:396: FutureWarning: The default dtype for empty Series will be 'object' instead of 'float64' in a future version. Specify a dtype explicitly to silence this warning.
  self._capital_gains = pd.Series()

2026-06-15 15:58:27,963:WARNING:c:\Users\DELL\anaconda3\envs\p11_env\Lib\site-packages\yfinance\scrapers\history.py:396: FutureWarning: The default dtype for empty Series will be 'object' instead of 'float64' in a future version. Specify a dtype explicitly to silence this warning.
  self._capital_gains = pd.Series()

2026-06-15 15:58:28,115:WARNING:c:\Users\DELL\anaconda3\envs\p11_env\Lib\site-packages\yfinance\scrapers\history.py:396: FutureWarning: The default dtype for empty Series will be 'object' instead of 'float64' in a future version. Specify a dtype explicitly to silence this warning.
  self._capital_gains = pd.Series()

2026-06-15 15:58:28,342:WARNING:c:\Users\DELL\anaconda3\envs\p11_env\Lib\site-packages\yfinance\scrapers\history.py:396: FutureWarning: The default dtype for empty Series will be 'object' instead of 'float64' in a future version. Specify a dtype explicitly to silence this warning.
  self._capital_gains = pd.Series()

2026-06-15 15:58:28,362:WARNING:c:\Users\DELL\anaconda3\envs\p11_env\Lib\site-packages\yfinance\scrapers\history.py:396: FutureWarning: The default dtype for empty Series will be 'object' instead of 'float64' in a future version. Specify a dtype explicitly to silence this warning.
  self._capital_gains = pd.Series()

2026-06-15 15:58:28,513:WARNING:c:\Users\DELL\anaconda3\envs\p11_env\Lib\site-packages\yfinance\scrapers\history.py:396: FutureWarning: The default dtype for empty Series will be 'object' instead of 'float64' in a future version. Specify a dtype explicitly to silence this warning.
  self._capital_gains = pd.Series()

2026-06-15 16:01:50,098:WARNING:c:\Users\DELL\anaconda3\envs\p11_env\Lib\site-packages\yfinance\scrapers\history.py:396: FutureWarning: The default dtype for empty Series will be 'object' instead of 'float64' in a future version. Specify a dtype explicitly to silence this warning.
  self._capital_gains = pd.Series()

2026-06-15 16:01:50,221:WARNING:c:\Users\DELL\anaconda3\envs\p11_env\Lib\site-packages\yfinance\scrapers\history.py:396: FutureWarning: The default dtype for empty Series will be 'object' instead of 'float64' in a future version. Specify a dtype explicitly to silence this warning.
  self._capital_gains = pd.Series()

2026-06-15 16:01:50,241:WARNING:c:\Users\DELL\anaconda3\envs\p11_env\Lib\site-packages\yfinance\scrapers\history.py:396: FutureWarning: The default dtype for empty Series will be 'object' instead of 'float64' in a future version. Specify a dtype explicitly to silence this warning.
  self._capital_gains = pd.Series()

2026-06-15 16:01:50,377:WARNING:c:\Users\DELL\anaconda3\envs\p11_env\Lib\site-packages\yfinance\scrapers\history.py:396: FutureWarning: The default dtype for empty Series will be 'object' instead of 'float64' in a future version. Specify a dtype explicitly to silence this warning.
  self._capital_gains = pd.Series()

2026-06-15 16:01:50,490:WARNING:c:\Users\DELL\anaconda3\envs\p11_env\Lib\site-packages\yfinance\scrapers\history.py:396: FutureWarning: The default dtype for empty Series will be 'object' instead of 'float64' in a future version. Specify a dtype explicitly to silence this warning.
  self._capital_gains = pd.Series()

2026-06-15 16:01:50,532:WARNING:c:\Users\DELL\anaconda3\envs\p11_env\Lib\site-packages\yfinance\scrapers\history.py:396: FutureWarning: The default dtype for empty Series will be 'object' instead of 'float64' in a future version. Specify a dtype explicitly to silence this warning.
  self._capital_gains = pd.Series()

2026-06-15 16:01:50,726:WARNING:c:\Users\DELL\anaconda3\envs\p11_env\Lib\site-packages\yfinance\scrapers\history.py:396: FutureWarning: The default dtype for empty Series will be 'object' instead of 'float64' in a future version. Specify a dtype explicitly to silence this warning.
  self._capital_gains = pd.Series()

2026-06-15 16:01:50,808:WARNING:c:\Users\DELL\anaconda3\envs\p11_env\Lib\site-packages\yfinance\scrapers\history.py:396: FutureWarning: The default dtype for empty Series will be 'object' instead of 'float64' in a future version. Specify a dtype explicitly to silence this warning.
  self._capital_gains = pd.Series()

2026-06-15 16:01:50,872:WARNING:c:\Users\DELL\anaconda3\envs\p11_env\Lib\site-packages\yfinance\scrapers\history.py:396: FutureWarning: The default dtype for empty Series will be 'object' instead of 'float64' in a future version. Specify a dtype explicitly to silence this warning.
  self._capital_gains = pd.Series()

2026-06-15 16:01:50,939:WARNING:c:\Users\DELL\anaconda3\envs\p11_env\Lib\site-packages\yfinance\scrapers\history.py:396: FutureWarning: The default dtype for empty Series will be 'object' instead of 'float64' in a future version. Specify a dtype explicitly to silence this warning.
  self._capital_gains = pd.Series()

2026-06-15 16:01:51,011:WARNING:c:\Users\DELL\anaconda3\envs\p11_env\Lib\site-packages\yfinance\scrapers\history.py:396: FutureWarning: The default dtype for empty Series will be 'object' instead of 'float64' in a future version. Specify a dtype explicitly to silence this warning.
  self._capital_gains = pd.Series()

2026-06-15 16:01:51,277:WARNING:c:\Users\DELL\anaconda3\envs\p11_env\Lib\site-packages\yfinance\scrapers\history.py:396: FutureWarning: The default dtype for empty Series will be 'object' instead of 'float64' in a future version. Specify a dtype explicitly to silence this warning.
  self._capital_gains = pd.Series()

2026-06-15 16:01:51,307:WARNING:c:\Users\DELL\anaconda3\envs\p11_env\Lib\site-packages\yfinance\scrapers\history.py:396: FutureWarning: The default dtype for empty Series will be 'object' instead of 'float64' in a future version. Specify a dtype explicitly to silence this warning.
  self._capital_gains = pd.Series()

2026-06-15 16:01:51,555:WARNING:c:\Users\DELL\anaconda3\envs\p11_env\Lib\site-packages\yfinance\scrapers\history.py:396: FutureWarning: The default dtype for empty Series will be 'object' instead of 'float64' in a future version. Specify a dtype explicitly to silence this warning.
  self._capital_gains = pd.Series()

2026-06-15 16:01:51,577:WARNING:c:\Users\DELL\anaconda3\envs\p11_env\Lib\site-packages\yfinance\scrapers\history.py:396: FutureWarning: The default dtype for empty Series will be 'object' instead of 'float64' in a future version. Specify a dtype explicitly to silence this warning.
  self._capital_gains = pd.Series()

2026-06-15 16:01:51,672:WARNING:c:\Users\DELL\anaconda3\envs\p11_env\Lib\site-packages\yfinance\scrapers\history.py:396: FutureWarning: The default dtype for empty Series will be 'object' instead of 'float64' in a future version. Specify a dtype explicitly to silence this warning.
  self._capital_gains = pd.Series()

2026-06-15 16:01:51,821:WARNING:c:\Users\DELL\anaconda3\envs\p11_env\Lib\site-packages\yfinance\scrapers\history.py:396: FutureWarning: The default dtype for empty Series will be 'object' instead of 'float64' in a future version. Specify a dtype explicitly to silence this warning.
  self._capital_gains = pd.Series()

2026-06-15 16:01:51,905:WARNING:c:\Users\DELL\anaconda3\envs\p11_env\Lib\site-packages\yfinance\scrapers\history.py:396: FutureWarning: The default dtype for empty Series will be 'object' instead of 'float64' in a future version. Specify a dtype explicitly to silence this warning.
  self._capital_gains = pd.Series()

2026-06-15 16:01:52,036:WARNING:c:\Users\DELL\anaconda3\envs\p11_env\Lib\site-packages\yfinance\scrapers\history.py:396: FutureWarning: The default dtype for empty Series will be 'object' instead of 'float64' in a future version. Specify a dtype explicitly to silence this warning.
  self._capital_gains = pd.Series()

2026-06-15 16:01:52,159:WARNING:c:\Users\DELL\anaconda3\envs\p11_env\Lib\site-packages\yfinance\scrapers\history.py:396: FutureWarning: The default dtype for empty Series will be 'object' instead of 'float64' in a future version. Specify a dtype explicitly to silence this warning.
  self._capital_gains = pd.Series()

2026-06-15 16:01:52,372:WARNING:c:\Users\DELL\anaconda3\envs\p11_env\Lib\site-packages\yfinance\scrapers\history.py:396: FutureWarning: The default dtype for empty Series will be 'object' instead of 'float64' in a future version. Specify a dtype explicitly to silence this warning.
  self._capital_gains = pd.Series()

2026-06-15 16:01:52,488:WARNING:c:\Users\DELL\anaconda3\envs\p11_env\Lib\site-packages\yfinance\scrapers\history.py:396: FutureWarning: The default dtype for empty Series will be 'object' instead of 'float64' in a future version. Specify a dtype explicitly to silence this warning.
  self._capital_gains = pd.Series()

2026-06-15 16:01:52,504:WARNING:c:\Users\DELL\anaconda3\envs\p11_env\Lib\site-packages\yfinance\scrapers\history.py:396: FutureWarning: The default dtype for empty Series will be 'object' instead of 'float64' in a future version. Specify a dtype explicitly to silence this warning.
  self._capital_gains = pd.Series()

2026-06-15 16:01:52,538:WARNING:c:\Users\DELL\anaconda3\envs\p11_env\Lib\site-packages\yfinance\scrapers\history.py:396: FutureWarning: The default dtype for empty Series will be 'object' instead of 'float64' in a future version. Specify a dtype explicitly to silence this warning.
  self._capital_gains = pd.Series()

2026-06-15 16:01:52,576:WARNING:c:\Users\DELL\anaconda3\envs\p11_env\Lib\site-packages\yfinance\scrapers\history.py:396: FutureWarning: The default dtype for empty Series will be 'object' instead of 'float64' in a future version. Specify a dtype explicitly to silence this warning.
  self._capital_gains = pd.Series()

2026-06-15 16:01:52,576:WARNING:c:\Users\DELL\anaconda3\envs\p11_env\Lib\site-packages\yfinance\scrapers\history.py:396: FutureWarning: The default dtype for empty Series will be 'object' instead of 'float64' in a future version. Specify a dtype explicitly to silence this warning.
  self._capital_gains = pd.Series()

2026-06-15 16:01:52,796:WARNING:c:\Users\DELL\anaconda3\envs\p11_env\Lib\site-packages\yfinance\scrapers\history.py:396: FutureWarning: The default dtype for empty Series will be 'object' instead of 'float64' in a future version. Specify a dtype explicitly to silence this warning.
  self._capital_gains = pd.Series()

2026-06-15 16:01:52,904:WARNING:c:\Users\DELL\anaconda3\envs\p11_env\Lib\site-packages\yfinance\scrapers\history.py:396: FutureWarning: The default dtype for empty Series will be 'object' instead of 'float64' in a future version. Specify a dtype explicitly to silence this warning.
  self._capital_gains = pd.Series()

2026-06-15 16:01:53,159:WARNING:c:\Users\DELL\anaconda3\envs\p11_env\Lib\site-packages\yfinance\scrapers\history.py:396: FutureWarning: The default dtype for empty Series will be 'object' instead of 'float64' in a future version. Specify a dtype explicitly to silence this warning.
  self._capital_gains = pd.Series()

2026-06-15 16:01:53,197:WARNING:c:\Users\DELL\anaconda3\envs\p11_env\Lib\site-packages\yfinance\scrapers\history.py:396: FutureWarning: The default dtype for empty Series will be 'object' instead of 'float64' in a future version. Specify a dtype explicitly to silence this warning.
  self._capital_gains = pd.Series()

2026-06-15 16:01:53,280:WARNING:c:\Users\DELL\anaconda3\envs\p11_env\Lib\site-packages\yfinance\scrapers\history.py:396: FutureWarning: The default dtype for empty Series will be 'object' instead of 'float64' in a future version. Specify a dtype explicitly to silence this warning.
  self._capital_gains = pd.Series()

2026-06-15 16:02:57,129:WARNING:c:\Users\DELL\anaconda3\envs\p11_env\Lib\site-packages\yfinance\scrapers\history.py:396: FutureWarning: The default dtype for empty Series will be 'object' instead of 'float64' in a future version. Specify a dtype explicitly to silence this warning.
  self._capital_gains = pd.Series()

2026-06-15 16:02:57,260:WARNING:c:\Users\DELL\anaconda3\envs\p11_env\Lib\site-packages\yfinance\scrapers\history.py:396: FutureWarning: The default dtype for empty Series will be 'object' instead of 'float64' in a future version. Specify a dtype explicitly to silence this warning.
  self._capital_gains = pd.Series()

2026-06-15 16:02:57,300:WARNING:c:\Users\DELL\anaconda3\envs\p11_env\Lib\site-packages\yfinance\scrapers\history.py:396: FutureWarning: The default dtype for empty Series will be 'object' instead of 'float64' in a future version. Specify a dtype explicitly to silence this warning.
  self._capital_gains = pd.Series()

2026-06-15 16:02:57,466:WARNING:c:\Users\DELL\anaconda3\envs\p11_env\Lib\site-packages\yfinance\scrapers\history.py:396: FutureWarning: The default dtype for empty Series will be 'object' instead of 'float64' in a future version. Specify a dtype explicitly to silence this warning.
  self._capital_gains = pd.Series()

2026-06-15 16:02:57,581:WARNING:c:\Users\DELL\anaconda3\envs\p11_env\Lib\site-packages\yfinance\scrapers\history.py:396: FutureWarning: The default dtype for empty Series will be 'object' instead of 'float64' in a future version. Specify a dtype explicitly to silence this warning.
  self._capital_gains = pd.Series()

2026-06-15 16:02:57,749:WARNING:c:\Users\DELL\anaconda3\envs\p11_env\Lib\site-packages\yfinance\scrapers\history.py:396: FutureWarning: The default dtype for empty Series will be 'object' instead of 'float64' in a future version. Specify a dtype explicitly to silence this warning.
  self._capital_gains = pd.Series()

2026-06-15 16:02:57,783:WARNING:c:\Users\DELL\anaconda3\envs\p11_env\Lib\site-packages\yfinance\scrapers\history.py:396: FutureWarning: The default dtype for empty Series will be 'object' instead of 'float64' in a future version. Specify a dtype explicitly to silence this warning.
  self._capital_gains = pd.Series()

2026-06-15 16:02:57,905:WARNING:c:\Users\DELL\anaconda3\envs\p11_env\Lib\site-packages\yfinance\scrapers\history.py:396: FutureWarning: The default dtype for empty Series will be 'object' instead of 'float64' in a future version. Specify a dtype explicitly to silence this warning.
  self._capital_gains = pd.Series()

2026-06-15 16:02:58,032:WARNING:c:\Users\DELL\anaconda3\envs\p11_env\Lib\site-packages\yfinance\scrapers\history.py:396: FutureWarning: The default dtype for empty Series will be 'object' instead of 'float64' in a future version. Specify a dtype explicitly to silence this warning.
  self._capital_gains = pd.Series()

2026-06-15 16:02:58,054:WARNING:c:\Users\DELL\anaconda3\envs\p11_env\Lib\site-packages\yfinance\scrapers\history.py:396: FutureWarning: The default dtype for empty Series will be 'object' instead of 'float64' in a future version. Specify a dtype explicitly to silence this warning.
  self._capital_gains = pd.Series()

2026-06-15 16:02:58,250:WARNING:c:\Users\DELL\anaconda3\envs\p11_env\Lib\site-packages\yfinance\scrapers\history.py:396: FutureWarning: The default dtype for empty Series will be 'object' instead of 'float64' in a future version. Specify a dtype explicitly to silence this warning.
  self._capital_gains = pd.Series()

2026-06-15 16:02:58,312:WARNING:c:\Users\DELL\anaconda3\envs\p11_env\Lib\site-packages\yfinance\scrapers\history.py:396: FutureWarning: The default dtype for empty Series will be 'object' instead of 'float64' in a future version. Specify a dtype explicitly to silence this warning.
  self._capital_gains = pd.Series()

2026-06-15 16:02:58,477:WARNING:c:\Users\DELL\anaconda3\envs\p11_env\Lib\site-packages\yfinance\scrapers\history.py:396: FutureWarning: The default dtype for empty Series will be 'object' instead of 'float64' in a future version. Specify a dtype explicitly to silence this warning.
  self._capital_gains = pd.Series()

2026-06-15 16:02:58,588:WARNING:c:\Users\DELL\anaconda3\envs\p11_env\Lib\site-packages\yfinance\scrapers\history.py:396: FutureWarning: The default dtype for empty Series will be 'object' instead of 'float64' in a future version. Specify a dtype explicitly to silence this warning.
  self._capital_gains = pd.Series()

2026-06-15 16:02:58,666:WARNING:c:\Users\DELL\anaconda3\envs\p11_env\Lib\site-packages\yfinance\scrapers\history.py:396: FutureWarning: The default dtype for empty Series will be 'object' instead of 'float64' in a future version. Specify a dtype explicitly to silence this warning.
  self._capital_gains = pd.Series()

2026-06-15 16:02:58,690:WARNING:c:\Users\DELL\anaconda3\envs\p11_env\Lib\site-packages\yfinance\scrapers\history.py:396: FutureWarning: The default dtype for empty Series will be 'object' instead of 'float64' in a future version. Specify a dtype explicitly to silence this warning.
  self._capital_gains = pd.Series()

2026-06-15 16:02:58,854:WARNING:c:\Users\DELL\anaconda3\envs\p11_env\Lib\site-packages\yfinance\scrapers\history.py:396: FutureWarning: The default dtype for empty Series will be 'object' instead of 'float64' in a future version. Specify a dtype explicitly to silence this warning.
  self._capital_gains = pd.Series()

2026-06-15 16:02:58,985:WARNING:c:\Users\DELL\anaconda3\envs\p11_env\Lib\site-packages\yfinance\scrapers\history.py:396: FutureWarning: The default dtype for empty Series will be 'object' instead of 'float64' in a future version. Specify a dtype explicitly to silence this warning.
  self._capital_gains = pd.Series()

2026-06-15 16:02:59,065:WARNING:c:\Users\DELL\anaconda3\envs\p11_env\Lib\site-packages\yfinance\scrapers\history.py:396: FutureWarning: The default dtype for empty Series will be 'object' instead of 'float64' in a future version. Specify a dtype explicitly to silence this warning.
  self._capital_gains = pd.Series()

2026-06-15 16:02:59,215:WARNING:c:\Users\DELL\anaconda3\envs\p11_env\Lib\site-packages\yfinance\scrapers\history.py:396: FutureWarning: The default dtype for empty Series will be 'object' instead of 'float64' in a future version. Specify a dtype explicitly to silence this warning.
  self._capital_gains = pd.Series()

2026-06-15 16:02:59,217:WARNING:c:\Users\DELL\anaconda3\envs\p11_env\Lib\site-packages\yfinance\scrapers\history.py:396: FutureWarning: The default dtype for empty Series will be 'object' instead of 'float64' in a future version. Specify a dtype explicitly to silence this warning.
  self._capital_gains = pd.Series()

2026-06-15 16:02:59,449:WARNING:c:\Users\DELL\anaconda3\envs\p11_env\Lib\site-packages\yfinance\scrapers\history.py:396: FutureWarning: The default dtype for empty Series will be 'object' instead of 'float64' in a future version. Specify a dtype explicitly to silence this warning.
  self._capital_gains = pd.Series()

2026-06-15 16:02:59,453:WARNING:c:\Users\DELL\anaconda3\envs\p11_env\Lib\site-packages\yfinance\scrapers\history.py:396: FutureWarning: The default dtype for empty Series will be 'object' instead of 'float64' in a future version. Specify a dtype explicitly to silence this warning.
  self._capital_gains = pd.Series()

2026-06-15 16:02:59,682:WARNING:c:\Users\DELL\anaconda3\envs\p11_env\Lib\site-packages\yfinance\scrapers\history.py:396: FutureWarning: The default dtype for empty Series will be 'object' instead of 'float64' in a future version. Specify a dtype explicitly to silence this warning.
  self._capital_gains = pd.Series()

2026-06-15 16:02:59,803:WARNING:c:\Users\DELL\anaconda3\envs\p11_env\Lib\site-packages\yfinance\scrapers\history.py:396: FutureWarning: The default dtype for empty Series will be 'object' instead of 'float64' in a future version. Specify a dtype explicitly to silence this warning.
  self._capital_gains = pd.Series()

2026-06-15 16:02:59,907:WARNING:c:\Users\DELL\anaconda3\envs\p11_env\Lib\site-packages\yfinance\scrapers\history.py:396: FutureWarning: The default dtype for empty Series will be 'object' instead of 'float64' in a future version. Specify a dtype explicitly to silence this warning.
  self._capital_gains = pd.Series()

2026-06-15 16:03:00,032:WARNING:c:\Users\DELL\anaconda3\envs\p11_env\Lib\site-packages\yfinance\scrapers\history.py:396: FutureWarning: The default dtype for empty Series will be 'object' instead of 'float64' in a future version. Specify a dtype explicitly to silence this warning.
  self._capital_gains = pd.Series()

2026-06-15 16:03:00,036:WARNING:c:\Users\DELL\anaconda3\envs\p11_env\Lib\site-packages\yfinance\scrapers\history.py:396: FutureWarning: The default dtype for empty Series will be 'object' instead of 'float64' in a future version. Specify a dtype explicitly to silence this warning.
  self._capital_gains = pd.Series()

2026-06-15 16:03:00,122:WARNING:c:\Users\DELL\anaconda3\envs\p11_env\Lib\site-packages\yfinance\scrapers\history.py:396: FutureWarning: The default dtype for empty Series will be 'object' instead of 'float64' in a future version. Specify a dtype explicitly to silence this warning.
  self._capital_gains = pd.Series()

2026-06-15 16:03:00,248:WARNING:c:\Users\DELL\anaconda3\envs\p11_env\Lib\site-packages\yfinance\scrapers\history.py:396: FutureWarning: The default dtype for empty Series will be 'object' instead of 'float64' in a future version. Specify a dtype explicitly to silence this warning.
  self._capital_gains = pd.Series()

2026-06-15 16:03:00,315:WARNING:c:\Users\DELL\anaconda3\envs\p11_env\Lib\site-packages\yfinance\scrapers\history.py:396: FutureWarning: The default dtype for empty Series will be 'object' instead of 'float64' in a future version. Specify a dtype explicitly to silence this warning.
  self._capital_gains = pd.Series()

2026-06-15 16:04:13,969:WARNING:c:\Users\DELL\anaconda3\envs\p11_env\Lib\site-packages\yfinance\scrapers\history.py:396: FutureWarning: The default dtype for empty Series will be 'object' instead of 'float64' in a future version. Specify a dtype explicitly to silence this warning.
  self._capital_gains = pd.Series()

2026-06-15 16:04:14,123:WARNING:c:\Users\DELL\anaconda3\envs\p11_env\Lib\site-packages\yfinance\scrapers\history.py:396: FutureWarning: The default dtype for empty Series will be 'object' instead of 'float64' in a future version. Specify a dtype explicitly to silence this warning.
  self._capital_gains = pd.Series()

2026-06-15 16:04:14,297:WARNING:c:\Users\DELL\anaconda3\envs\p11_env\Lib\site-packages\yfinance\scrapers\history.py:396: FutureWarning: The default dtype for empty Series will be 'object' instead of 'float64' in a future version. Specify a dtype explicitly to silence this warning.
  self._capital_gains = pd.Series()

2026-06-15 16:04:14,299:WARNING:c:\Users\DELL\anaconda3\envs\p11_env\Lib\site-packages\yfinance\scrapers\history.py:396: FutureWarning: The default dtype for empty Series will be 'object' instead of 'float64' in a future version. Specify a dtype explicitly to silence this warning.
  self._capital_gains = pd.Series()

2026-06-15 16:04:14,506:WARNING:c:\Users\DELL\anaconda3\envs\p11_env\Lib\site-packages\yfinance\scrapers\history.py:396: FutureWarning: The default dtype for empty Series will be 'object' instead of 'float64' in a future version. Specify a dtype explicitly to silence this warning.
  self._capital_gains = pd.Series()

2026-06-15 16:04:14,507:WARNING:c:\Users\DELL\anaconda3\envs\p11_env\Lib\site-packages\yfinance\scrapers\history.py:396: FutureWarning: The default dtype for empty Series will be 'object' instead of 'float64' in a future version. Specify a dtype explicitly to silence this warning.
  self._capital_gains = pd.Series()

2026-06-15 16:04:14,735:WARNING:c:\Users\DELL\anaconda3\envs\p11_env\Lib\site-packages\yfinance\scrapers\history.py:396: FutureWarning: The default dtype for empty Series will be 'object' instead of 'float64' in a future version. Specify a dtype explicitly to silence this warning.
  self._capital_gains = pd.Series()

2026-06-15 16:04:14,815:WARNING:c:\Users\DELL\anaconda3\envs\p11_env\Lib\site-packages\yfinance\scrapers\history.py:396: FutureWarning: The default dtype for empty Series will be 'object' instead of 'float64' in a future version. Specify a dtype explicitly to silence this warning.
  self._capital_gains = pd.Series()

2026-06-15 16:04:14,822:WARNING:c:\Users\DELL\anaconda3\envs\p11_env\Lib\site-packages\yfinance\scrapers\history.py:396: FutureWarning: The default dtype for empty Series will be 'object' instead of 'float64' in a future version. Specify a dtype explicitly to silence this warning.
  self._capital_gains = pd.Series()

2026-06-15 16:04:15,010:WARNING:c:\Users\DELL\anaconda3\envs\p11_env\Lib\site-packages\yfinance\scrapers\history.py:396: FutureWarning: The default dtype for empty Series will be 'object' instead of 'float64' in a future version. Specify a dtype explicitly to silence this warning.
  self._capital_gains = pd.Series()

2026-06-15 16:04:15,010:WARNING:c:\Users\DELL\anaconda3\envs\p11_env\Lib\site-packages\yfinance\scrapers\history.py:396: FutureWarning: The default dtype for empty Series will be 'object' instead of 'float64' in a future version. Specify a dtype explicitly to silence this warning.
  self._capital_gains = pd.Series()

2026-06-15 16:04:15,315:WARNING:c:\Users\DELL\anaconda3\envs\p11_env\Lib\site-packages\yfinance\scrapers\history.py:396: FutureWarning: The default dtype for empty Series will be 'object' instead of 'float64' in a future version. Specify a dtype explicitly to silence this warning.
  self._capital_gains = pd.Series()

2026-06-15 16:04:15,377:WARNING:c:\Users\DELL\anaconda3\envs\p11_env\Lib\site-packages\yfinance\scrapers\history.py:396: FutureWarning: The default dtype for empty Series will be 'object' instead of 'float64' in a future version. Specify a dtype explicitly to silence this warning.
  self._capital_gains = pd.Series()

2026-06-15 16:04:15,423:WARNING:c:\Users\DELL\anaconda3\envs\p11_env\Lib\site-packages\yfinance\scrapers\history.py:396: FutureWarning: The default dtype for empty Series will be 'object' instead of 'float64' in a future version. Specify a dtype explicitly to silence this warning.
  self._capital_gains = pd.Series()

2026-06-15 16:04:15,569:WARNING:c:\Users\DELL\anaconda3\envs\p11_env\Lib\site-packages\yfinance\scrapers\history.py:396: FutureWarning: The default dtype for empty Series will be 'object' instead of 'float64' in a future version. Specify a dtype explicitly to silence this warning.
  self._capital_gains = pd.Series()

2026-06-15 16:04:15,589:WARNING:c:\Users\DELL\anaconda3\envs\p11_env\Lib\site-packages\yfinance\scrapers\history.py:396: FutureWarning: The default dtype for empty Series will be 'object' instead of 'float64' in a future version. Specify a dtype explicitly to silence this warning.
  self._capital_gains = pd.Series()

2026-06-15 16:04:15,694:WARNING:c:\Users\DELL\anaconda3\envs\p11_env\Lib\site-packages\yfinance\scrapers\history.py:396: FutureWarning: The default dtype for empty Series will be 'object' instead of 'float64' in a future version. Specify a dtype explicitly to silence this warning.
  self._capital_gains = pd.Series()

2026-06-15 16:04:15,829:WARNING:c:\Users\DELL\anaconda3\envs\p11_env\Lib\site-packages\yfinance\scrapers\history.py:396: FutureWarning: The default dtype for empty Series will be 'object' instead of 'float64' in a future version. Specify a dtype explicitly to silence this warning.
  self._capital_gains = pd.Series()

2026-06-15 16:04:15,861:WARNING:c:\Users\DELL\anaconda3\envs\p11_env\Lib\site-packages\yfinance\scrapers\history.py:396: FutureWarning: The default dtype for empty Series will be 'object' instead of 'float64' in a future version. Specify a dtype explicitly to silence this warning.
  self._capital_gains = pd.Series()

2026-06-15 16:04:16,023:WARNING:c:\Users\DELL\anaconda3\envs\p11_env\Lib\site-packages\yfinance\scrapers\history.py:396: FutureWarning: The default dtype for empty Series will be 'object' instead of 'float64' in a future version. Specify a dtype explicitly to silence this warning.
  self._capital_gains = pd.Series()

2026-06-15 16:04:16,070:WARNING:c:\Users\DELL\anaconda3\envs\p11_env\Lib\site-packages\yfinance\scrapers\history.py:396: FutureWarning: The default dtype for empty Series will be 'object' instead of 'float64' in a future version. Specify a dtype explicitly to silence this warning.
  self._capital_gains = pd.Series()

2026-06-15 16:04:16,229:WARNING:c:\Users\DELL\anaconda3\envs\p11_env\Lib\site-packages\yfinance\scrapers\history.py:396: FutureWarning: The default dtype for empty Series will be 'object' instead of 'float64' in a future version. Specify a dtype explicitly to silence this warning.
  self._capital_gains = pd.Series()

2026-06-15 16:04:16,344:WARNING:c:\Users\DELL\anaconda3\envs\p11_env\Lib\site-packages\yfinance\scrapers\history.py:396: FutureWarning: The default dtype for empty Series will be 'object' instead of 'float64' in a future version. Specify a dtype explicitly to silence this warning.
  self._capital_gains = pd.Series()

2026-06-15 16:04:16,423:WARNING:c:\Users\DELL\anaconda3\envs\p11_env\Lib\site-packages\yfinance\scrapers\history.py:396: FutureWarning: The default dtype for empty Series will be 'object' instead of 'float64' in a future version. Specify a dtype explicitly to silence this warning.
  self._capital_gains = pd.Series()

2026-06-15 16:04:16,555:WARNING:c:\Users\DELL\anaconda3\envs\p11_env\Lib\site-packages\yfinance\scrapers\history.py:396: FutureWarning: The default dtype for empty Series will be 'object' instead of 'float64' in a future version. Specify a dtype explicitly to silence this warning.
  self._capital_gains = pd.Series()

2026-06-15 16:04:16,676:WARNING:c:\Users\DELL\anaconda3\envs\p11_env\Lib\site-packages\yfinance\scrapers\history.py:396: FutureWarning: The default dtype for empty Series will be 'object' instead of 'float64' in a future version. Specify a dtype explicitly to silence this warning.
  self._capital_gains = pd.Series()

2026-06-15 16:04:16,794:WARNING:c:\Users\DELL\anaconda3\envs\p11_env\Lib\site-packages\yfinance\scrapers\history.py:396: FutureWarning: The default dtype for empty Series will be 'object' instead of 'float64' in a future version. Specify a dtype explicitly to silence this warning.
  self._capital_gains = pd.Series()

2026-06-15 16:04:16,803:WARNING:c:\Users\DELL\anaconda3\envs\p11_env\Lib\site-packages\yfinance\scrapers\history.py:396: FutureWarning: The default dtype for empty Series will be 'object' instead of 'float64' in a future version. Specify a dtype explicitly to silence this warning.
  self._capital_gains = pd.Series()

2026-06-15 16:04:16,938:WARNING:c:\Users\DELL\anaconda3\envs\p11_env\Lib\site-packages\yfinance\scrapers\history.py:396: FutureWarning: The default dtype for empty Series will be 'object' instead of 'float64' in a future version. Specify a dtype explicitly to silence this warning.
  self._capital_gains = pd.Series()

2026-06-15 16:04:17,023:WARNING:c:\Users\DELL\anaconda3\envs\p11_env\Lib\site-packages\yfinance\scrapers\history.py:396: FutureWarning: The default dtype for empty Series will be 'object' instead of 'float64' in a future version. Specify a dtype explicitly to silence this warning.
  self._capital_gains = pd.Series()

2026-06-15 16:04:17,036:WARNING:c:\Users\DELL\anaconda3\envs\p11_env\Lib\site-packages\yfinance\scrapers\history.py:396: FutureWarning: The default dtype for empty Series will be 'object' instead of 'float64' in a future version. Specify a dtype explicitly to silence this warning.
  self._capital_gains = pd.Series()

2026-06-15 16:06:18,517:WARNING:c:\Users\DELL\anaconda3\envs\p11_env\Lib\site-packages\yfinance\scrapers\history.py:396: FutureWarning: The default dtype for empty Series will be 'object' instead of 'float64' in a future version. Specify a dtype explicitly to silence this warning.
  self._capital_gains = pd.Series()

2026-06-15 16:06:18,672:WARNING:c:\Users\DELL\anaconda3\envs\p11_env\Lib\site-packages\yfinance\scrapers\history.py:396: FutureWarning: The default dtype for empty Series will be 'object' instead of 'float64' in a future version. Specify a dtype explicitly to silence this warning.
  self._capital_gains = pd.Series()

2026-06-15 16:06:18,698:WARNING:c:\Users\DELL\anaconda3\envs\p11_env\Lib\site-packages\yfinance\scrapers\history.py:396: FutureWarning: The default dtype for empty Series will be 'object' instead of 'float64' in a future version. Specify a dtype explicitly to silence this warning.
  self._capital_gains = pd.Series()

2026-06-15 16:06:18,731:WARNING:c:\Users\DELL\anaconda3\envs\p11_env\Lib\site-packages\yfinance\scrapers\history.py:396: FutureWarning: The default dtype for empty Series will be 'object' instead of 'float64' in a future version. Specify a dtype explicitly to silence this warning.
  self._capital_gains = pd.Series()

2026-06-15 16:06:18,815:WARNING:c:\Users\DELL\anaconda3\envs\p11_env\Lib\site-packages\yfinance\scrapers\history.py:396: FutureWarning: The default dtype for empty Series will be 'object' instead of 'float64' in a future version. Specify a dtype explicitly to silence this warning.
  self._capital_gains = pd.Series()

2026-06-15 16:06:18,986:WARNING:c:\Users\DELL\anaconda3\envs\p11_env\Lib\site-packages\yfinance\scrapers\history.py:396: FutureWarning: The default dtype for empty Series will be 'object' instead of 'float64' in a future version. Specify a dtype explicitly to silence this warning.
  self._capital_gains = pd.Series()

2026-06-15 16:06:19,251:WARNING:c:\Users\DELL\anaconda3\envs\p11_env\Lib\site-packages\yfinance\scrapers\history.py:396: FutureWarning: The default dtype for empty Series will be 'object' instead of 'float64' in a future version. Specify a dtype explicitly to silence this warning.
  self._capital_gains = pd.Series()

2026-06-15 16:06:19,264:WARNING:c:\Users\DELL\anaconda3\envs\p11_env\Lib\site-packages\yfinance\scrapers\history.py:396: FutureWarning: The default dtype for empty Series will be 'object' instead of 'float64' in a future version. Specify a dtype explicitly to silence this warning.
  self._capital_gains = pd.Series()

2026-06-15 16:06:19,314:WARNING:c:\Users\DELL\anaconda3\envs\p11_env\Lib\site-packages\yfinance\scrapers\history.py:396: FutureWarning: The default dtype for empty Series will be 'object' instead of 'float64' in a future version. Specify a dtype explicitly to silence this warning.
  self._capital_gains = pd.Series()

2026-06-15 16:06:19,595:WARNING:c:\Users\DELL\anaconda3\envs\p11_env\Lib\site-packages\yfinance\scrapers\history.py:396: FutureWarning: The default dtype for empty Series will be 'object' instead of 'float64' in a future version. Specify a dtype explicitly to silence this warning.
  self._capital_gains = pd.Series()

2026-06-15 16:06:19,748:WARNING:c:\Users\DELL\anaconda3\envs\p11_env\Lib\site-packages\yfinance\scrapers\history.py:396: FutureWarning: The default dtype for empty Series will be 'object' instead of 'float64' in a future version. Specify a dtype explicitly to silence this warning.
  self._capital_gains = pd.Series()

2026-06-15 16:06:19,797:WARNING:c:\Users\DELL\anaconda3\envs\p11_env\Lib\site-packages\yfinance\scrapers\history.py:396: FutureWarning: The default dtype for empty Series will be 'object' instead of 'float64' in a future version. Specify a dtype explicitly to silence this warning.
  self._capital_gains = pd.Series()

2026-06-15 16:06:19,901:WARNING:c:\Users\DELL\anaconda3\envs\p11_env\Lib\site-packages\yfinance\scrapers\history.py:396: FutureWarning: The default dtype for empty Series will be 'object' instead of 'float64' in a future version. Specify a dtype explicitly to silence this warning.
  self._capital_gains = pd.Series()

2026-06-15 16:06:19,993:WARNING:c:\Users\DELL\anaconda3\envs\p11_env\Lib\site-packages\yfinance\scrapers\history.py:396: FutureWarning: The default dtype for empty Series will be 'object' instead of 'float64' in a future version. Specify a dtype explicitly to silence this warning.
  self._capital_gains = pd.Series()

2026-06-15 16:06:20,098:WARNING:c:\Users\DELL\anaconda3\envs\p11_env\Lib\site-packages\yfinance\scrapers\history.py:396: FutureWarning: The default dtype for empty Series will be 'object' instead of 'float64' in a future version. Specify a dtype explicitly to silence this warning.
  self._capital_gains = pd.Series()

2026-06-15 16:06:20,147:WARNING:c:\Users\DELL\anaconda3\envs\p11_env\Lib\site-packages\yfinance\scrapers\history.py:396: FutureWarning: The default dtype for empty Series will be 'object' instead of 'float64' in a future version. Specify a dtype explicitly to silence this warning.
  self._capital_gains = pd.Series()

2026-06-15 16:06:20,220:WARNING:c:\Users\DELL\anaconda3\envs\p11_env\Lib\site-packages\yfinance\scrapers\history.py:396: FutureWarning: The default dtype for empty Series will be 'object' instead of 'float64' in a future version. Specify a dtype explicitly to silence this warning.
  self._capital_gains = pd.Series()

2026-06-15 16:06:20,400:WARNING:c:\Users\DELL\anaconda3\envs\p11_env\Lib\site-packages\yfinance\scrapers\history.py:396: FutureWarning: The default dtype for empty Series will be 'object' instead of 'float64' in a future version. Specify a dtype explicitly to silence this warning.
  self._capital_gains = pd.Series()

2026-06-15 16:06:20,547:WARNING:c:\Users\DELL\anaconda3\envs\p11_env\Lib\site-packages\yfinance\scrapers\history.py:396: FutureWarning: The default dtype for empty Series will be 'object' instead of 'float64' in a future version. Specify a dtype explicitly to silence this warning.
  self._capital_gains = pd.Series()

2026-06-15 16:06:20,631:WARNING:c:\Users\DELL\anaconda3\envs\p11_env\Lib\site-packages\yfinance\scrapers\history.py:396: FutureWarning: The default dtype for empty Series will be 'object' instead of 'float64' in a future version. Specify a dtype explicitly to silence this warning.
  self._capital_gains = pd.Series()

2026-06-15 16:06:20,633:WARNING:c:\Users\DELL\anaconda3\envs\p11_env\Lib\site-packages\yfinance\scrapers\history.py:396: FutureWarning: The default dtype for empty Series will be 'object' instead of 'float64' in a future version. Specify a dtype explicitly to silence this warning.
  self._capital_gains = pd.Series()

2026-06-15 16:06:20,772:WARNING:c:\Users\DELL\anaconda3\envs\p11_env\Lib\site-packages\yfinance\scrapers\history.py:396: FutureWarning: The default dtype for empty Series will be 'object' instead of 'float64' in a future version. Specify a dtype explicitly to silence this warning.
  self._capital_gains = pd.Series()

2026-06-15 16:06:21,075:WARNING:c:\Users\DELL\anaconda3\envs\p11_env\Lib\site-packages\yfinance\scrapers\history.py:396: FutureWarning: The default dtype for empty Series will be 'object' instead of 'float64' in a future version. Specify a dtype explicitly to silence this warning.
  self._capital_gains = pd.Series()

2026-06-15 16:06:21,148:WARNING:c:\Users\DELL\anaconda3\envs\p11_env\Lib\site-packages\yfinance\scrapers\history.py:396: FutureWarning: The default dtype for empty Series will be 'object' instead of 'float64' in a future version. Specify a dtype explicitly to silence this warning.
  self._capital_gains = pd.Series()

2026-06-15 16:06:21,300:WARNING:c:\Users\DELL\anaconda3\envs\p11_env\Lib\site-packages\yfinance\scrapers\history.py:396: FutureWarning: The default dtype for empty Series will be 'object' instead of 'float64' in a future version. Specify a dtype explicitly to silence this warning.
  self._capital_gains = pd.Series()

2026-06-15 16:06:21,353:WARNING:c:\Users\DELL\anaconda3\envs\p11_env\Lib\site-packages\yfinance\scrapers\history.py:396: FutureWarning: The default dtype for empty Series will be 'object' instead of 'float64' in a future version. Specify a dtype explicitly to silence this warning.
  self._capital_gains = pd.Series()

2026-06-15 16:06:21,380:WARNING:c:\Users\DELL\anaconda3\envs\p11_env\Lib\site-packages\yfinance\scrapers\history.py:396: FutureWarning: The default dtype for empty Series will be 'object' instead of 'float64' in a future version. Specify a dtype explicitly to silence this warning.
  self._capital_gains = pd.Series()

2026-06-15 16:06:21,547:WARNING:c:\Users\DELL\anaconda3\envs\p11_env\Lib\site-packages\yfinance\scrapers\history.py:396: FutureWarning: The default dtype for empty Series will be 'object' instead of 'float64' in a future version. Specify a dtype explicitly to silence this warning.
  self._capital_gains = pd.Series()

2026-06-15 16:06:21,651:WARNING:c:\Users\DELL\anaconda3\envs\p11_env\Lib\site-packages\yfinance\scrapers\history.py:396: FutureWarning: The default dtype for empty Series will be 'object' instead of 'float64' in a future version. Specify a dtype explicitly to silence this warning.
  self._capital_gains = pd.Series()

2026-06-15 16:06:21,701:WARNING:c:\Users\DELL\anaconda3\envs\p11_env\Lib\site-packages\yfinance\scrapers\history.py:396: FutureWarning: The default dtype for empty Series will be 'object' instead of 'float64' in a future version. Specify a dtype explicitly to silence this warning.
  self._capital_gains = pd.Series()

2026-06-15 16:06:21,814:WARNING:c:\Users\DELL\anaconda3\envs\p11_env\Lib\site-packages\yfinance\scrapers\history.py:396: FutureWarning: The default dtype for empty Series will be 'object' instead of 'float64' in a future version. Specify a dtype explicitly to silence this warning.
  self._capital_gains = pd.Series()

2026-06-15 16:07:09,785:WARNING:c:\Users\DELL\anaconda3\envs\p11_env\Lib\site-packages\yfinance\scrapers\history.py:396: FutureWarning: The default dtype for empty Series will be 'object' instead of 'float64' in a future version. Specify a dtype explicitly to silence this warning.
  self._capital_gains = pd.Series()

2026-06-15 16:07:09,946:WARNING:c:\Users\DELL\anaconda3\envs\p11_env\Lib\site-packages\yfinance\scrapers\history.py:396: FutureWarning: The default dtype for empty Series will be 'object' instead of 'float64' in a future version. Specify a dtype explicitly to silence this warning.
  self._capital_gains = pd.Series()

2026-06-15 16:07:09,961:WARNING:c:\Users\DELL\anaconda3\envs\p11_env\Lib\site-packages\yfinance\scrapers\history.py:396: FutureWarning: The default dtype for empty Series will be 'object' instead of 'float64' in a future version. Specify a dtype explicitly to silence this warning.
  self._capital_gains = pd.Series()

2026-06-15 16:07:10,115:WARNING:c:\Users\DELL\anaconda3\envs\p11_env\Lib\site-packages\yfinance\scrapers\history.py:396: FutureWarning: The default dtype for empty Series will be 'object' instead of 'float64' in a future version. Specify a dtype explicitly to silence this warning.
  self._capital_gains = pd.Series()

2026-06-15 16:07:10,149:WARNING:c:\Users\DELL\anaconda3\envs\p11_env\Lib\site-packages\yfinance\scrapers\history.py:396: FutureWarning: The default dtype for empty Series will be 'object' instead of 'float64' in a future version. Specify a dtype explicitly to silence this warning.
  self._capital_gains = pd.Series()

2026-06-15 16:07:10,198:WARNING:c:\Users\DELL\anaconda3\envs\p11_env\Lib\site-packages\yfinance\scrapers\history.py:396: FutureWarning: The default dtype for empty Series will be 'object' instead of 'float64' in a future version. Specify a dtype explicitly to silence this warning.
  self._capital_gains = pd.Series()

2026-06-15 16:07:10,347:WARNING:c:\Users\DELL\anaconda3\envs\p11_env\Lib\site-packages\yfinance\scrapers\history.py:396: FutureWarning: The default dtype for empty Series will be 'object' instead of 'float64' in a future version. Specify a dtype explicitly to silence this warning.
  self._capital_gains = pd.Series()

2026-06-15 16:07:10,537:WARNING:c:\Users\DELL\anaconda3\envs\p11_env\Lib\site-packages\yfinance\scrapers\history.py:396: FutureWarning: The default dtype for empty Series will be 'object' instead of 'float64' in a future version. Specify a dtype explicitly to silence this warning.
  self._capital_gains = pd.Series()

2026-06-15 16:07:10,621:WARNING:c:\Users\DELL\anaconda3\envs\p11_env\Lib\site-packages\yfinance\scrapers\history.py:396: FutureWarning: The default dtype for empty Series will be 'object' instead of 'float64' in a future version. Specify a dtype explicitly to silence this warning.
  self._capital_gains = pd.Series()

2026-06-15 16:07:11,103:WARNING:c:\Users\DELL\anaconda3\envs\p11_env\Lib\site-packages\yfinance\scrapers\history.py:396: FutureWarning: The default dtype for empty Series will be 'object' instead of 'float64' in a future version. Specify a dtype explicitly to silence this warning.
  self._capital_gains = pd.Series()

2026-06-15 16:07:11,150:WARNING:c:\Users\DELL\anaconda3\envs\p11_env\Lib\site-packages\yfinance\scrapers\history.py:396: FutureWarning: The default dtype for empty Series will be 'object' instead of 'float64' in a future version. Specify a dtype explicitly to silence this warning.
  self._capital_gains = pd.Series()

2026-06-15 16:07:11,281:WARNING:c:\Users\DELL\anaconda3\envs\p11_env\Lib\site-packages\yfinance\scrapers\history.py:396: FutureWarning: The default dtype for empty Series will be 'object' instead of 'float64' in a future version. Specify a dtype explicitly to silence this warning.
  self._capital_gains = pd.Series()

2026-06-15 16:07:11,446:WARNING:c:\Users\DELL\anaconda3\envs\p11_env\Lib\site-packages\yfinance\scrapers\history.py:396: FutureWarning: The default dtype for empty Series will be 'object' instead of 'float64' in a future version. Specify a dtype explicitly to silence this warning.
  self._capital_gains = pd.Series()

2026-06-15 16:07:11,469:WARNING:c:\Users\DELL\anaconda3\envs\p11_env\Lib\site-packages\yfinance\scrapers\history.py:396: FutureWarning: The default dtype for empty Series will be 'object' instead of 'float64' in a future version. Specify a dtype explicitly to silence this warning.
  self._capital_gains = pd.Series()

2026-06-15 16:07:11,627:WARNING:c:\Users\DELL\anaconda3\envs\p11_env\Lib\site-packages\yfinance\scrapers\history.py:396: FutureWarning: The default dtype for empty Series will be 'object' instead of 'float64' in a future version. Specify a dtype explicitly to silence this warning.
  self._capital_gains = pd.Series()

2026-06-15 16:07:11,700:WARNING:c:\Users\DELL\anaconda3\envs\p11_env\Lib\site-packages\yfinance\scrapers\history.py:396: FutureWarning: The default dtype for empty Series will be 'object' instead of 'float64' in a future version. Specify a dtype explicitly to silence this warning.
  self._capital_gains = pd.Series()

2026-06-15 16:07:11,878:WARNING:c:\Users\DELL\anaconda3\envs\p11_env\Lib\site-packages\yfinance\scrapers\history.py:396: FutureWarning: The default dtype for empty Series will be 'object' instead of 'float64' in a future version. Specify a dtype explicitly to silence this warning.
  self._capital_gains = pd.Series()

2026-06-15 16:07:12,172:WARNING:c:\Users\DELL\anaconda3\envs\p11_env\Lib\site-packages\yfinance\scrapers\history.py:396: FutureWarning: The default dtype for empty Series will be 'object' instead of 'float64' in a future version. Specify a dtype explicitly to silence this warning.
  self._capital_gains = pd.Series()

2026-06-15 16:07:12,323:WARNING:c:\Users\DELL\anaconda3\envs\p11_env\Lib\site-packages\yfinance\scrapers\history.py:396: FutureWarning: The default dtype for empty Series will be 'object' instead of 'float64' in a future version. Specify a dtype explicitly to silence this warning.
  self._capital_gains = pd.Series()

2026-06-15 16:07:12,380:WARNING:c:\Users\DELL\anaconda3\envs\p11_env\Lib\site-packages\yfinance\scrapers\history.py:396: FutureWarning: The default dtype for empty Series will be 'object' instead of 'float64' in a future version. Specify a dtype explicitly to silence this warning.
  self._capital_gains = pd.Series()

2026-06-15 16:07:12,498:WARNING:c:\Users\DELL\anaconda3\envs\p11_env\Lib\site-packages\yfinance\scrapers\history.py:396: FutureWarning: The default dtype for empty Series will be 'object' instead of 'float64' in a future version. Specify a dtype explicitly to silence this warning.
  self._capital_gains = pd.Series()

2026-06-15 16:07:12,537:WARNING:c:\Users\DELL\anaconda3\envs\p11_env\Lib\site-packages\yfinance\scrapers\history.py:396: FutureWarning: The default dtype for empty Series will be 'object' instead of 'float64' in a future version. Specify a dtype explicitly to silence this warning.
  self._capital_gains = pd.Series()

2026-06-15 16:07:12,728:WARNING:c:\Users\DELL\anaconda3\envs\p11_env\Lib\site-packages\yfinance\scrapers\history.py:396: FutureWarning: The default dtype for empty Series will be 'object' instead of 'float64' in a future version. Specify a dtype explicitly to silence this warning.
  self._capital_gains = pd.Series()

2026-06-15 16:07:12,800:WARNING:c:\Users\DELL\anaconda3\envs\p11_env\Lib\site-packages\yfinance\scrapers\history.py:396: FutureWarning: The default dtype for empty Series will be 'object' instead of 'float64' in a future version. Specify a dtype explicitly to silence this warning.
  self._capital_gains = pd.Series()

2026-06-15 16:07:12,946:WARNING:c:\Users\DELL\anaconda3\envs\p11_env\Lib\site-packages\yfinance\scrapers\history.py:396: FutureWarning: The default dtype for empty Series will be 'object' instead of 'float64' in a future version. Specify a dtype explicitly to silence this warning.
  self._capital_gains = pd.Series()

2026-06-15 16:07:13,079:WARNING:c:\Users\DELL\anaconda3\envs\p11_env\Lib\site-packages\yfinance\scrapers\history.py:396: FutureWarning: The default dtype for empty Series will be 'object' instead of 'float64' in a future version. Specify a dtype explicitly to silence this warning.
  self._capital_gains = pd.Series()

2026-06-15 16:07:13,104:WARNING:c:\Users\DELL\anaconda3\envs\p11_env\Lib\site-packages\yfinance\scrapers\history.py:396: FutureWarning: The default dtype for empty Series will be 'object' instead of 'float64' in a future version. Specify a dtype explicitly to silence this warning.
  self._capital_gains = pd.Series()

2026-06-15 16:07:13,183:WARNING:c:\Users\DELL\anaconda3\envs\p11_env\Lib\site-packages\yfinance\scrapers\history.py:396: FutureWarning: The default dtype for empty Series will be 'object' instead of 'float64' in a future version. Specify a dtype explicitly to silence this warning.
  self._capital_gains = pd.Series()

2026-06-15 16:07:13,312:WARNING:c:\Users\DELL\anaconda3\envs\p11_env\Lib\site-packages\yfinance\scrapers\history.py:396: FutureWarning: The default dtype for empty Series will be 'object' instead of 'float64' in a future version. Specify a dtype explicitly to silence this warning.
  self._capital_gains = pd.Series()

2026-06-15 16:07:13,418:WARNING:c:\Users\DELL\anaconda3\envs\p11_env\Lib\site-packages\yfinance\scrapers\history.py:396: FutureWarning: The default dtype for empty Series will be 'object' instead of 'float64' in a future version. Specify a dtype explicitly to silence this warning.
  self._capital_gains = pd.Series()

2026-06-15 16:07:13,462:WARNING:c:\Users\DELL\anaconda3\envs\p11_env\Lib\site-packages\yfinance\scrapers\history.py:396: FutureWarning: The default dtype for empty Series will be 'object' instead of 'float64' in a future version. Specify a dtype explicitly to silence this warning.
  self._capital_gains = pd.Series()

2026-06-15 16:08:18,810:WARNING:c:\Users\DELL\anaconda3\envs\p11_env\Lib\site-packages\yfinance\scrapers\history.py:396: FutureWarning: The default dtype for empty Series will be 'object' instead of 'float64' in a future version. Specify a dtype explicitly to silence this warning.
  self._capital_gains = pd.Series()

2026-06-15 16:08:18,928:WARNING:c:\Users\DELL\anaconda3\envs\p11_env\Lib\site-packages\yfinance\scrapers\history.py:396: FutureWarning: The default dtype for empty Series will be 'object' instead of 'float64' in a future version. Specify a dtype explicitly to silence this warning.
  self._capital_gains = pd.Series()

2026-06-15 16:08:18,970:WARNING:c:\Users\DELL\anaconda3\envs\p11_env\Lib\site-packages\yfinance\scrapers\history.py:396: FutureWarning: The default dtype for empty Series will be 'object' instead of 'float64' in a future version. Specify a dtype explicitly to silence this warning.
  self._capital_gains = pd.Series()

2026-06-15 16:08:18,992:WARNING:c:\Users\DELL\anaconda3\envs\p11_env\Lib\site-packages\yfinance\scrapers\history.py:396: FutureWarning: The default dtype for empty Series will be 'object' instead of 'float64' in a future version. Specify a dtype explicitly to silence this warning.
  self._capital_gains = pd.Series()

2026-06-15 16:08:19,249:WARNING:c:\Users\DELL\anaconda3\envs\p11_env\Lib\site-packages\yfinance\scrapers\history.py:396: FutureWarning: The default dtype for empty Series will be 'object' instead of 'float64' in a future version. Specify a dtype explicitly to silence this warning.
  self._capital_gains = pd.Series()

2026-06-15 16:08:19,310:WARNING:c:\Users\DELL\anaconda3\envs\p11_env\Lib\site-packages\yfinance\scrapers\history.py:396: FutureWarning: The default dtype for empty Series will be 'object' instead of 'float64' in a future version. Specify a dtype explicitly to silence this warning.
  self._capital_gains = pd.Series()

2026-06-15 16:08:19,392:WARNING:c:\Users\DELL\anaconda3\envs\p11_env\Lib\site-packages\yfinance\scrapers\history.py:396: FutureWarning: The default dtype for empty Series will be 'object' instead of 'float64' in a future version. Specify a dtype explicitly to silence this warning.
  self._capital_gains = pd.Series()

2026-06-15 16:08:19,625:WARNING:c:\Users\DELL\anaconda3\envs\p11_env\Lib\site-packages\yfinance\scrapers\history.py:396: FutureWarning: The default dtype for empty Series will be 'object' instead of 'float64' in a future version. Specify a dtype explicitly to silence this warning.
  self._capital_gains = pd.Series()

2026-06-15 16:08:19,707:WARNING:c:\Users\DELL\anaconda3\envs\p11_env\Lib\site-packages\yfinance\scrapers\history.py:396: FutureWarning: The default dtype for empty Series will be 'object' instead of 'float64' in a future version. Specify a dtype explicitly to silence this warning.
  self._capital_gains = pd.Series()

2026-06-15 16:08:19,823:WARNING:c:\Users\DELL\anaconda3\envs\p11_env\Lib\site-packages\yfinance\scrapers\history.py:396: FutureWarning: The default dtype for empty Series will be 'object' instead of 'float64' in a future version. Specify a dtype explicitly to silence this warning.
  self._capital_gains = pd.Series()

2026-06-15 16:08:19,954:WARNING:c:\Users\DELL\anaconda3\envs\p11_env\Lib\site-packages\yfinance\scrapers\history.py:396: FutureWarning: The default dtype for empty Series will be 'object' instead of 'float64' in a future version. Specify a dtype explicitly to silence this warning.
  self._capital_gains = pd.Series()

2026-06-15 16:08:20,077:WARNING:c:\Users\DELL\anaconda3\envs\p11_env\Lib\site-packages\yfinance\scrapers\history.py:396: FutureWarning: The default dtype for empty Series will be 'object' instead of 'float64' in a future version. Specify a dtype explicitly to silence this warning.
  self._capital_gains = pd.Series()

2026-06-15 16:08:20,209:WARNING:c:\Users\DELL\anaconda3\envs\p11_env\Lib\site-packages\yfinance\scrapers\history.py:396: FutureWarning: The default dtype for empty Series will be 'object' instead of 'float64' in a future version. Specify a dtype explicitly to silence this warning.
  self._capital_gains = pd.Series()

2026-06-15 16:08:20,257:WARNING:c:\Users\DELL\anaconda3\envs\p11_env\Lib\site-packages\yfinance\scrapers\history.py:396: FutureWarning: The default dtype for empty Series will be 'object' instead of 'float64' in a future version. Specify a dtype explicitly to silence this warning.
  self._capital_gains = pd.Series()

2026-06-15 16:08:20,439:WARNING:c:\Users\DELL\anaconda3\envs\p11_env\Lib\site-packages\yfinance\scrapers\history.py:396: FutureWarning: The default dtype for empty Series will be 'object' instead of 'float64' in a future version. Specify a dtype explicitly to silence this warning.
  self._capital_gains = pd.Series()

2026-06-15 16:08:20,501:WARNING:c:\Users\DELL\anaconda3\envs\p11_env\Lib\site-packages\yfinance\scrapers\history.py:396: FutureWarning: The default dtype for empty Series will be 'object' instead of 'float64' in a future version. Specify a dtype explicitly to silence this warning.
  self._capital_gains = pd.Series()

2026-06-15 16:08:20,531:WARNING:c:\Users\DELL\anaconda3\envs\p11_env\Lib\site-packages\yfinance\scrapers\history.py:396: FutureWarning: The default dtype for empty Series will be 'object' instead of 'float64' in a future version. Specify a dtype explicitly to silence this warning.
  self._capital_gains = pd.Series()

2026-06-15 16:08:20,705:WARNING:c:\Users\DELL\anaconda3\envs\p11_env\Lib\site-packages\yfinance\scrapers\history.py:396: FutureWarning: The default dtype for empty Series will be 'object' instead of 'float64' in a future version. Specify a dtype explicitly to silence this warning.
  self._capital_gains = pd.Series()

2026-06-15 16:08:20,778:WARNING:c:\Users\DELL\anaconda3\envs\p11_env\Lib\site-packages\yfinance\scrapers\history.py:396: FutureWarning: The default dtype for empty Series will be 'object' instead of 'float64' in a future version. Specify a dtype explicitly to silence this warning.
  self._capital_gains = pd.Series()

2026-06-15 16:08:20,800:WARNING:c:\Users\DELL\anaconda3\envs\p11_env\Lib\site-packages\yfinance\scrapers\history.py:396: FutureWarning: The default dtype for empty Series will be 'object' instead of 'float64' in a future version. Specify a dtype explicitly to silence this warning.
  self._capital_gains = pd.Series()

2026-06-15 16:08:20,989:WARNING:c:\Users\DELL\anaconda3\envs\p11_env\Lib\site-packages\yfinance\scrapers\history.py:396: FutureWarning: The default dtype for empty Series will be 'object' instead of 'float64' in a future version. Specify a dtype explicitly to silence this warning.
  self._capital_gains = pd.Series()

2026-06-15 16:08:21,129:WARNING:c:\Users\DELL\anaconda3\envs\p11_env\Lib\site-packages\yfinance\scrapers\history.py:396: FutureWarning: The default dtype for empty Series will be 'object' instead of 'float64' in a future version. Specify a dtype explicitly to silence this warning.
  self._capital_gains = pd.Series()

2026-06-15 16:08:21,243:WARNING:c:\Users\DELL\anaconda3\envs\p11_env\Lib\site-packages\yfinance\scrapers\history.py:396: FutureWarning: The default dtype for empty Series will be 'object' instead of 'float64' in a future version. Specify a dtype explicitly to silence this warning.
  self._capital_gains = pd.Series()

2026-06-15 16:08:21,450:WARNING:c:\Users\DELL\anaconda3\envs\p11_env\Lib\site-packages\yfinance\scrapers\history.py:396: FutureWarning: The default dtype for empty Series will be 'object' instead of 'float64' in a future version. Specify a dtype explicitly to silence this warning.
  self._capital_gains = pd.Series()

2026-06-15 16:08:21,560:WARNING:c:\Users\DELL\anaconda3\envs\p11_env\Lib\site-packages\yfinance\scrapers\history.py:396: FutureWarning: The default dtype for empty Series will be 'object' instead of 'float64' in a future version. Specify a dtype explicitly to silence this warning.
  self._capital_gains = pd.Series()

2026-06-15 16:08:21,577:WARNING:c:\Users\DELL\anaconda3\envs\p11_env\Lib\site-packages\yfinance\scrapers\history.py:396: FutureWarning: The default dtype for empty Series will be 'object' instead of 'float64' in a future version. Specify a dtype explicitly to silence this warning.
  self._capital_gains = pd.Series()

2026-06-15 16:08:21,648:WARNING:c:\Users\DELL\anaconda3\envs\p11_env\Lib\site-packages\yfinance\scrapers\history.py:396: FutureWarning: The default dtype for empty Series will be 'object' instead of 'float64' in a future version. Specify a dtype explicitly to silence this warning.
  self._capital_gains = pd.Series()

2026-06-15 16:08:21,882:WARNING:c:\Users\DELL\anaconda3\envs\p11_env\Lib\site-packages\yfinance\scrapers\history.py:396: FutureWarning: The default dtype for empty Series will be 'object' instead of 'float64' in a future version. Specify a dtype explicitly to silence this warning.
  self._capital_gains = pd.Series()

2026-06-15 16:08:21,989:WARNING:c:\Users\DELL\anaconda3\envs\p11_env\Lib\site-packages\yfinance\scrapers\history.py:396: FutureWarning: The default dtype for empty Series will be 'object' instead of 'float64' in a future version. Specify a dtype explicitly to silence this warning.
  self._capital_gains = pd.Series()

2026-06-15 16:08:22,057:WARNING:c:\Users\DELL\anaconda3\envs\p11_env\Lib\site-packages\yfinance\scrapers\history.py:396: FutureWarning: The default dtype for empty Series will be 'object' instead of 'float64' in a future version. Specify a dtype explicitly to silence this warning.
  self._capital_gains = pd.Series()

2026-06-15 16:08:22,137:WARNING:c:\Users\DELL\anaconda3\envs\p11_env\Lib\site-packages\yfinance\scrapers\history.py:396: FutureWarning: The default dtype for empty Series will be 'object' instead of 'float64' in a future version. Specify a dtype explicitly to silence this warning.
  self._capital_gains = pd.Series()

2026-06-15 16:25:50,706:WARNING:c:\Users\DELL\anaconda3\envs\p11_env\Lib\site-packages\yfinance\scrapers\history.py:396: FutureWarning: The default dtype for empty Series will be 'object' instead of 'float64' in a future version. Specify a dtype explicitly to silence this warning.
  self._capital_gains = pd.Series()

2026-06-15 16:25:50,795:WARNING:c:\Users\DELL\anaconda3\envs\p11_env\Lib\site-packages\yfinance\scrapers\history.py:396: FutureWarning: The default dtype for empty Series will be 'object' instead of 'float64' in a future version. Specify a dtype explicitly to silence this warning.
  self._capital_gains = pd.Series()

2026-06-15 16:25:50,801:WARNING:c:\Users\DELL\anaconda3\envs\p11_env\Lib\site-packages\yfinance\scrapers\history.py:396: FutureWarning: The default dtype for empty Series will be 'object' instead of 'float64' in a future version. Specify a dtype explicitly to silence this warning.
  self._capital_gains = pd.Series()

2026-06-15 16:25:51,118:WARNING:c:\Users\DELL\anaconda3\envs\p11_env\Lib\site-packages\yfinance\scrapers\history.py:396: FutureWarning: The default dtype for empty Series will be 'object' instead of 'float64' in a future version. Specify a dtype explicitly to silence this warning.
  self._capital_gains = pd.Series()

2026-06-15 16:25:51,134:WARNING:c:\Users\DELL\anaconda3\envs\p11_env\Lib\site-packages\yfinance\scrapers\history.py:396: FutureWarning: The default dtype for empty Series will be 'object' instead of 'float64' in a future version. Specify a dtype explicitly to silence this warning.
  self._capital_gains = pd.Series()

2026-06-15 16:25:51,234:WARNING:c:\Users\DELL\anaconda3\envs\p11_env\Lib\site-packages\yfinance\scrapers\history.py:396: FutureWarning: The default dtype for empty Series will be 'object' instead of 'float64' in a future version. Specify a dtype explicitly to silence this warning.
  self._capital_gains = pd.Series()

2026-06-15 16:25:51,351:WARNING:c:\Users\DELL\anaconda3\envs\p11_env\Lib\site-packages\yfinance\scrapers\history.py:396: FutureWarning: The default dtype for empty Series will be 'object' instead of 'float64' in a future version. Specify a dtype explicitly to silence this warning.
  self._capital_gains = pd.Series()

2026-06-15 16:25:51,484:WARNING:c:\Users\DELL\anaconda3\envs\p11_env\Lib\site-packages\yfinance\scrapers\history.py:396: FutureWarning: The default dtype for empty Series will be 'object' instead of 'float64' in a future version. Specify a dtype explicitly to silence this warning.
  self._capital_gains = pd.Series()

2026-06-15 16:25:51,534:WARNING:c:\Users\DELL\anaconda3\envs\p11_env\Lib\site-packages\yfinance\scrapers\history.py:396: FutureWarning: The default dtype for empty Series will be 'object' instead of 'float64' in a future version. Specify a dtype explicitly to silence this warning.
  self._capital_gains = pd.Series()

2026-06-15 16:25:51,621:WARNING:c:\Users\DELL\anaconda3\envs\p11_env\Lib\site-packages\yfinance\scrapers\history.py:396: FutureWarning: The default dtype for empty Series will be 'object' instead of 'float64' in a future version. Specify a dtype explicitly to silence this warning.
  self._capital_gains = pd.Series()

2026-06-15 16:25:51,859:WARNING:c:\Users\DELL\anaconda3\envs\p11_env\Lib\site-packages\yfinance\scrapers\history.py:396: FutureWarning: The default dtype for empty Series will be 'object' instead of 'float64' in a future version. Specify a dtype explicitly to silence this warning.
  self._capital_gains = pd.Series()

2026-06-15 16:25:52,034:WARNING:c:\Users\DELL\anaconda3\envs\p11_env\Lib\site-packages\yfinance\scrapers\history.py:396: FutureWarning: The default dtype for empty Series will be 'object' instead of 'float64' in a future version. Specify a dtype explicitly to silence this warning.
  self._capital_gains = pd.Series()

2026-06-15 16:25:52,094:WARNING:c:\Users\DELL\anaconda3\envs\p11_env\Lib\site-packages\yfinance\scrapers\history.py:396: FutureWarning: The default dtype for empty Series will be 'object' instead of 'float64' in a future version. Specify a dtype explicitly to silence this warning.
  self._capital_gains = pd.Series()

2026-06-15 16:25:52,117:WARNING:c:\Users\DELL\anaconda3\envs\p11_env\Lib\site-packages\yfinance\scrapers\history.py:396: FutureWarning: The default dtype for empty Series will be 'object' instead of 'float64' in a future version. Specify a dtype explicitly to silence this warning.
  self._capital_gains = pd.Series()

2026-06-15 16:25:52,192:WARNING:c:\Users\DELL\anaconda3\envs\p11_env\Lib\site-packages\yfinance\scrapers\history.py:396: FutureWarning: The default dtype for empty Series will be 'object' instead of 'float64' in a future version. Specify a dtype explicitly to silence this warning.
  self._capital_gains = pd.Series()

2026-06-15 16:25:52,367:WARNING:c:\Users\DELL\anaconda3\envs\p11_env\Lib\site-packages\yfinance\scrapers\history.py:396: FutureWarning: The default dtype for empty Series will be 'object' instead of 'float64' in a future version. Specify a dtype explicitly to silence this warning.
  self._capital_gains = pd.Series()

2026-06-15 16:25:52,421:WARNING:c:\Users\DELL\anaconda3\envs\p11_env\Lib\site-packages\yfinance\scrapers\history.py:396: FutureWarning: The default dtype for empty Series will be 'object' instead of 'float64' in a future version. Specify a dtype explicitly to silence this warning.
  self._capital_gains = pd.Series()

2026-06-15 16:25:52,451:WARNING:c:\Users\DELL\anaconda3\envs\p11_env\Lib\site-packages\yfinance\scrapers\history.py:396: FutureWarning: The default dtype for empty Series will be 'object' instead of 'float64' in a future version. Specify a dtype explicitly to silence this warning.
  self._capital_gains = pd.Series()

2026-06-15 16:25:52,631:WARNING:c:\Users\DELL\anaconda3\envs\p11_env\Lib\site-packages\yfinance\scrapers\history.py:396: FutureWarning: The default dtype for empty Series will be 'object' instead of 'float64' in a future version. Specify a dtype explicitly to silence this warning.
  self._capital_gains = pd.Series()

2026-06-15 16:25:52,781:WARNING:c:\Users\DELL\anaconda3\envs\p11_env\Lib\site-packages\yfinance\scrapers\history.py:396: FutureWarning: The default dtype for empty Series will be 'object' instead of 'float64' in a future version. Specify a dtype explicitly to silence this warning.
  self._capital_gains = pd.Series()

2026-06-15 16:25:52,954:WARNING:c:\Users\DELL\anaconda3\envs\p11_env\Lib\site-packages\yfinance\scrapers\history.py:396: FutureWarning: The default dtype for empty Series will be 'object' instead of 'float64' in a future version. Specify a dtype explicitly to silence this warning.
  self._capital_gains = pd.Series()

2026-06-15 16:25:53,156:WARNING:c:\Users\DELL\anaconda3\envs\p11_env\Lib\site-packages\yfinance\scrapers\history.py:396: FutureWarning: The default dtype for empty Series will be 'object' instead of 'float64' in a future version. Specify a dtype explicitly to silence this warning.
  self._capital_gains = pd.Series()

2026-06-15 16:25:53,290:WARNING:c:\Users\DELL\anaconda3\envs\p11_env\Lib\site-packages\yfinance\scrapers\history.py:396: FutureWarning: The default dtype for empty Series will be 'object' instead of 'float64' in a future version. Specify a dtype explicitly to silence this warning.
  self._capital_gains = pd.Series()

2026-06-15 16:25:53,317:WARNING:c:\Users\DELL\anaconda3\envs\p11_env\Lib\site-packages\yfinance\scrapers\history.py:396: FutureWarning: The default dtype for empty Series will be 'object' instead of 'float64' in a future version. Specify a dtype explicitly to silence this warning.
  self._capital_gains = pd.Series()

2026-06-15 16:25:53,422:WARNING:c:\Users\DELL\anaconda3\envs\p11_env\Lib\site-packages\yfinance\scrapers\history.py:396: FutureWarning: The default dtype for empty Series will be 'object' instead of 'float64' in a future version. Specify a dtype explicitly to silence this warning.
  self._capital_gains = pd.Series()

2026-06-15 16:25:53,626:WARNING:c:\Users\DELL\anaconda3\envs\p11_env\Lib\site-packages\yfinance\scrapers\history.py:396: FutureWarning: The default dtype for empty Series will be 'object' instead of 'float64' in a future version. Specify a dtype explicitly to silence this warning.
  self._capital_gains = pd.Series()

2026-06-15 16:25:53,683:WARNING:c:\Users\DELL\anaconda3\envs\p11_env\Lib\site-packages\yfinance\scrapers\history.py:396: FutureWarning: The default dtype for empty Series will be 'object' instead of 'float64' in a future version. Specify a dtype explicitly to silence this warning.
  self._capital_gains = pd.Series()

2026-06-15 16:25:53,740:WARNING:c:\Users\DELL\anaconda3\envs\p11_env\Lib\site-packages\yfinance\scrapers\history.py:396: FutureWarning: The default dtype for empty Series will be 'object' instead of 'float64' in a future version. Specify a dtype explicitly to silence this warning.
  self._capital_gains = pd.Series()

2026-06-15 16:25:53,895:WARNING:c:\Users\DELL\anaconda3\envs\p11_env\Lib\site-packages\yfinance\scrapers\history.py:396: FutureWarning: The default dtype for empty Series will be 'object' instead of 'float64' in a future version. Specify a dtype explicitly to silence this warning.
  self._capital_gains = pd.Series()

2026-06-15 16:25:53,969:WARNING:c:\Users\DELL\anaconda3\envs\p11_env\Lib\site-packages\yfinance\scrapers\history.py:396: FutureWarning: The default dtype for empty Series will be 'object' instead of 'float64' in a future version. Specify a dtype explicitly to silence this warning.
  self._capital_gains = pd.Series()

2026-06-15 16:25:54,169:WARNING:c:\Users\DELL\anaconda3\envs\p11_env\Lib\site-packages\yfinance\scrapers\history.py:396: FutureWarning: The default dtype for empty Series will be 'object' instead of 'float64' in a future version. Specify a dtype explicitly to silence this warning.
  self._capital_gains = pd.Series()

2026-06-15 16:29:12,917:WARNING:
'cuml' is a soft dependency and not included in the pycaret installation. Please run: `pip install cuml` to install.
2026-06-15 16:29:12,917:WARNING:
'cuml' is a soft dependency and not included in the pycaret installation. Please run: `pip install cuml` to install.
2026-06-15 16:29:12,917:WARNING:
'cuml' is a soft dependency and not included in the pycaret installation. Please run: `pip install cuml` to install.
2026-06-15 16:29:12,917:WARNING:
'cuml' is a soft dependency and not included in the pycaret installation. Please run: `pip install cuml` to install.
2026-06-15 16:31:21,496:WARNING:c:\Users\DELL\anaconda3\envs\p11_env\Lib\site-packages\yfinance\scrapers\history.py:396: FutureWarning: The default dtype for empty Series will be 'object' instead of 'float64' in a future version. Specify a dtype explicitly to silence this warning.
  self._capital_gains = pd.Series()

2026-06-15 16:31:23,092:WARNING:c:\Users\DELL\anaconda3\envs\p11_env\Lib\site-packages\yfinance\scrapers\history.py:396: FutureWarning: The default dtype for empty Series will be 'object' instead of 'float64' in a future version. Specify a dtype explicitly to silence this warning.
  self._capital_gains = pd.Series()

2026-06-15 16:31:24,411:WARNING:c:\Users\DELL\anaconda3\envs\p11_env\Lib\site-packages\yfinance\scrapers\history.py:396: FutureWarning: The default dtype for empty Series will be 'object' instead of 'float64' in a future version. Specify a dtype explicitly to silence this warning.
  self._capital_gains = pd.Series()

2026-06-15 16:31:26,266:WARNING:c:\Users\DELL\anaconda3\envs\p11_env\Lib\site-packages\yfinance\scrapers\history.py:396: FutureWarning: The default dtype for empty Series will be 'object' instead of 'float64' in a future version. Specify a dtype explicitly to silence this warning.
  self._capital_gains = pd.Series()

2026-06-15 16:31:27,410:WARNING:c:\Users\DELL\anaconda3\envs\p11_env\Lib\site-packages\yfinance\scrapers\history.py:396: FutureWarning: The default dtype for empty Series will be 'object' instead of 'float64' in a future version. Specify a dtype explicitly to silence this warning.
  self._capital_gains = pd.Series()

2026-06-15 16:31:28,121:WARNING:c:\Users\DELL\anaconda3\envs\p11_env\Lib\site-packages\yfinance\scrapers\history.py:396: FutureWarning: The default dtype for empty Series will be 'object' instead of 'float64' in a future version. Specify a dtype explicitly to silence this warning.
  self._capital_gains = pd.Series()

2026-06-15 16:31:29,033:WARNING:c:\Users\DELL\anaconda3\envs\p11_env\Lib\site-packages\yfinance\scrapers\history.py:396: FutureWarning: The default dtype for empty Series will be 'object' instead of 'float64' in a future version. Specify a dtype explicitly to silence this warning.
  self._capital_gains = pd.Series()

2026-06-15 16:31:30,322:WARNING:c:\Users\DELL\anaconda3\envs\p11_env\Lib\site-packages\yfinance\scrapers\history.py:396: FutureWarning: The default dtype for empty Series will be 'object' instead of 'float64' in a future version. Specify a dtype explicitly to silence this warning.
  self._capital_gains = pd.Series()

2026-06-15 16:31:30,984:WARNING:c:\Users\DELL\anaconda3\envs\p11_env\Lib\site-packages\yfinance\scrapers\history.py:396: FutureWarning: The default dtype for empty Series will be 'object' instead of 'float64' in a future version. Specify a dtype explicitly to silence this warning.
  self._capital_gains = pd.Series()

2026-06-15 16:31:32,261:WARNING:c:\Users\DELL\anaconda3\envs\p11_env\Lib\site-packages\yfinance\scrapers\history.py:396: FutureWarning: The default dtype for empty Series will be 'object' instead of 'float64' in a future version. Specify a dtype explicitly to silence this warning.
  self._capital_gains = pd.Series()

2026-06-15 16:31:33,353:WARNING:c:\Users\DELL\anaconda3\envs\p11_env\Lib\site-packages\yfinance\scrapers\history.py:396: FutureWarning: The default dtype for empty Series will be 'object' instead of 'float64' in a future version. Specify a dtype explicitly to silence this warning.
  self._capital_gains = pd.Series()

2026-06-15 16:31:33,911:WARNING:c:\Users\DELL\anaconda3\envs\p11_env\Lib\site-packages\yfinance\scrapers\history.py:396: FutureWarning: The default dtype for empty Series will be 'object' instead of 'float64' in a future version. Specify a dtype explicitly to silence this warning.
  self._capital_gains = pd.Series()

2026-06-15 16:31:34,673:WARNING:c:\Users\DELL\anaconda3\envs\p11_env\Lib\site-packages\yfinance\scrapers\history.py:396: FutureWarning: The default dtype for empty Series will be 'object' instead of 'float64' in a future version. Specify a dtype explicitly to silence this warning.
  self._capital_gains = pd.Series()

2026-06-15 16:31:34,942:WARNING:c:\Users\DELL\anaconda3\envs\p11_env\Lib\site-packages\yfinance\scrapers\history.py:396: FutureWarning: The default dtype for empty Series will be 'object' instead of 'float64' in a future version. Specify a dtype explicitly to silence this warning.
  self._capital_gains = pd.Series()

2026-06-15 16:31:35,707:WARNING:c:\Users\DELL\anaconda3\envs\p11_env\Lib\site-packages\yfinance\scrapers\history.py:396: FutureWarning: The default dtype for empty Series will be 'object' instead of 'float64' in a future version. Specify a dtype explicitly to silence this warning.
  self._capital_gains = pd.Series()

2026-06-15 16:31:36,606:WARNING:c:\Users\DELL\anaconda3\envs\p11_env\Lib\site-packages\yfinance\scrapers\history.py:396: FutureWarning: The default dtype for empty Series will be 'object' instead of 'float64' in a future version. Specify a dtype explicitly to silence this warning.
  self._capital_gains = pd.Series()

2026-06-15 16:31:37,307:WARNING:c:\Users\DELL\anaconda3\envs\p11_env\Lib\site-packages\yfinance\scrapers\history.py:396: FutureWarning: The default dtype for empty Series will be 'object' instead of 'float64' in a future version. Specify a dtype explicitly to silence this warning.
  self._capital_gains = pd.Series()

2026-06-15 16:31:38,051:WARNING:c:\Users\DELL\anaconda3\envs\p11_env\Lib\site-packages\yfinance\scrapers\history.py:396: FutureWarning: The default dtype for empty Series will be 'object' instead of 'float64' in a future version. Specify a dtype explicitly to silence this warning.
  self._capital_gains = pd.Series()

2026-06-15 16:31:39,129:WARNING:c:\Users\DELL\anaconda3\envs\p11_env\Lib\site-packages\yfinance\scrapers\history.py:396: FutureWarning: The default dtype for empty Series will be 'object' instead of 'float64' in a future version. Specify a dtype explicitly to silence this warning.
  self._capital_gains = pd.Series()

2026-06-15 16:31:39,828:WARNING:c:\Users\DELL\anaconda3\envs\p11_env\Lib\site-packages\yfinance\scrapers\history.py:396: FutureWarning: The default dtype for empty Series will be 'object' instead of 'float64' in a future version. Specify a dtype explicitly to silence this warning.
  self._capital_gains = pd.Series()

2026-06-15 16:31:40,762:WARNING:c:\Users\DELL\anaconda3\envs\p11_env\Lib\site-packages\yfinance\scrapers\history.py:396: FutureWarning: The default dtype for empty Series will be 'object' instead of 'float64' in a future version. Specify a dtype explicitly to silence this warning.
  self._capital_gains = pd.Series()

2026-06-15 16:31:41,441:WARNING:c:\Users\DELL\anaconda3\envs\p11_env\Lib\site-packages\yfinance\scrapers\history.py:396: FutureWarning: The default dtype for empty Series will be 'object' instead of 'float64' in a future version. Specify a dtype explicitly to silence this warning.
  self._capital_gains = pd.Series()

2026-06-15 16:31:42,034:WARNING:c:\Users\DELL\anaconda3\envs\p11_env\Lib\site-packages\yfinance\scrapers\history.py:396: FutureWarning: The default dtype for empty Series will be 'object' instead of 'float64' in a future version. Specify a dtype explicitly to silence this warning.
  self._capital_gains = pd.Series()

2026-06-15 16:31:42,803:WARNING:c:\Users\DELL\anaconda3\envs\p11_env\Lib\site-packages\yfinance\scrapers\history.py:396: FutureWarning: The default dtype for empty Series will be 'object' instead of 'float64' in a future version. Specify a dtype explicitly to silence this warning.
  self._capital_gains = pd.Series()

2026-06-15 16:32:03,505:WARNING:c:\Users\DELL\anaconda3\envs\p11_env\Lib\site-packages\yfinance\scrapers\history.py:396: FutureWarning: The default dtype for empty Series will be 'object' instead of 'float64' in a future version. Specify a dtype explicitly to silence this warning.
  self._capital_gains = pd.Series()

2026-06-15 16:32:04,315:WARNING:c:\Users\DELL\anaconda3\envs\p11_env\Lib\site-packages\yfinance\scrapers\history.py:396: FutureWarning: The default dtype for empty Series will be 'object' instead of 'float64' in a future version. Specify a dtype explicitly to silence this warning.
  self._capital_gains = pd.Series()

2026-06-15 16:32:04,796:WARNING:c:\Users\DELL\anaconda3\envs\p11_env\Lib\site-packages\yfinance\scrapers\history.py:396: FutureWarning: The default dtype for empty Series will be 'object' instead of 'float64' in a future version. Specify a dtype explicitly to silence this warning.
  self._capital_gains = pd.Series()

2026-06-15 16:32:04,872:WARNING:c:\Users\DELL\anaconda3\envs\p11_env\Lib\site-packages\yfinance\scrapers\history.py:396: FutureWarning: The default dtype for empty Series will be 'object' instead of 'float64' in a future version. Specify a dtype explicitly to silence this warning.
  self._capital_gains = pd.Series()

2026-06-15 16:32:05,017:WARNING:c:\Users\DELL\anaconda3\envs\p11_env\Lib\site-packages\yfinance\scrapers\history.py:396: FutureWarning: The default dtype for empty Series will be 'object' instead of 'float64' in a future version. Specify a dtype explicitly to silence this warning.
  self._capital_gains = pd.Series()

2026-06-15 16:32:06,427:WARNING:c:\Users\DELL\anaconda3\envs\p11_env\Lib\site-packages\yfinance\scrapers\history.py:396: FutureWarning: The default dtype for empty Series will be 'object' instead of 'float64' in a future version. Specify a dtype explicitly to silence this warning.
  self._capital_gains = pd.Series()

2026-06-15 16:32:06,583:WARNING:c:\Users\DELL\anaconda3\envs\p11_env\Lib\site-packages\yfinance\scrapers\history.py:396: FutureWarning: The default dtype for empty Series will be 'object' instead of 'float64' in a future version. Specify a dtype explicitly to silence this warning.
  self._capital_gains = pd.Series()

2026-06-15 20:10:53,149:WARNING:
'cuml' is a soft dependency and not included in the pycaret installation. Please run: `pip install cuml` to install.
2026-06-15 20:10:53,161:WARNING:
'cuml' is a soft dependency and not included in the pycaret installation. Please run: `pip install cuml` to install.
2026-06-15 20:10:53,161:WARNING:
'cuml' is a soft dependency and not included in the pycaret installation. Please run: `pip install cuml` to install.
2026-06-15 20:10:53,161:WARNING:
'cuml' is a soft dependency and not included in the pycaret installation. Please run: `pip install cuml` to install.
2026-06-15 20:10:58,394:WARNING:c:\Users\DELL\anaconda3\envs\p11_env\Lib\site-packages\yfinance\scrapers\history.py:396: FutureWarning: The default dtype for empty Series will be 'object' instead of 'float64' in a future version. Specify a dtype explicitly to silence this warning.
  self._capital_gains = pd.Series()

2026-06-15 20:10:58,933:WARNING:c:\Users\DELL\anaconda3\envs\p11_env\Lib\site-packages\yfinance\scrapers\history.py:396: FutureWarning: The default dtype for empty Series will be 'object' instead of 'float64' in a future version. Specify a dtype explicitly to silence this warning.
  self._capital_gains = pd.Series()

2026-06-15 20:10:59,054:WARNING:c:\Users\DELL\anaconda3\envs\p11_env\Lib\site-packages\yfinance\scrapers\history.py:396: FutureWarning: The default dtype for empty Series will be 'object' instead of 'float64' in a future version. Specify a dtype explicitly to silence this warning.
  self._capital_gains = pd.Series()

2026-06-15 20:10:59,150:WARNING:c:\Users\DELL\anaconda3\envs\p11_env\Lib\site-packages\yfinance\scrapers\history.py:396: FutureWarning: The default dtype for empty Series will be 'object' instead of 'float64' in a future version. Specify a dtype explicitly to silence this warning.
  self._capital_gains = pd.Series()

2026-06-15 20:10:59,230:WARNING:c:\Users\DELL\anaconda3\envs\p11_env\Lib\site-packages\yfinance\scrapers\history.py:396: FutureWarning: The default dtype for empty Series will be 'object' instead of 'float64' in a future version. Specify a dtype explicitly to silence this warning.
  self._capital_gains = pd.Series()

2026-06-15 20:10:59,310:WARNING:c:\Users\DELL\anaconda3\envs\p11_env\Lib\site-packages\yfinance\scrapers\history.py:396: FutureWarning: The default dtype for empty Series will be 'object' instead of 'float64' in a future version. Specify a dtype explicitly to silence this warning.
  self._capital_gains = pd.Series()

2026-06-15 20:10:59,464:WARNING:c:\Users\DELL\anaconda3\envs\p11_env\Lib\site-packages\yfinance\scrapers\history.py:396: FutureWarning: The default dtype for empty Series will be 'object' instead of 'float64' in a future version. Specify a dtype explicitly to silence this warning.
  self._capital_gains = pd.Series()

2026-06-15 20:10:59,540:WARNING:c:\Users\DELL\anaconda3\envs\p11_env\Lib\site-packages\yfinance\scrapers\history.py:396: FutureWarning: The default dtype for empty Series will be 'object' instead of 'float64' in a future version. Specify a dtype explicitly to silence this warning.
  self._capital_gains = pd.Series()

2026-06-15 20:10:59,659:WARNING:c:\Users\DELL\anaconda3\envs\p11_env\Lib\site-packages\yfinance\scrapers\history.py:396: FutureWarning: The default dtype for empty Series will be 'object' instead of 'float64' in a future version. Specify a dtype explicitly to silence this warning.
  self._capital_gains = pd.Series()

2026-06-15 20:10:59,835:WARNING:c:\Users\DELL\anaconda3\envs\p11_env\Lib\site-packages\yfinance\scrapers\history.py:396: FutureWarning: The default dtype for empty Series will be 'object' instead of 'float64' in a future version. Specify a dtype explicitly to silence this warning.
  self._capital_gains = pd.Series()

2026-06-15 20:11:00,024:WARNING:c:\Users\DELL\anaconda3\envs\p11_env\Lib\site-packages\yfinance\scrapers\history.py:396: FutureWarning: The default dtype for empty Series will be 'object' instead of 'float64' in a future version. Specify a dtype explicitly to silence this warning.
  self._capital_gains = pd.Series()

2026-06-15 20:11:00,104:WARNING:c:\Users\DELL\anaconda3\envs\p11_env\Lib\site-packages\yfinance\scrapers\history.py:396: FutureWarning: The default dtype for empty Series will be 'object' instead of 'float64' in a future version. Specify a dtype explicitly to silence this warning.
  self._capital_gains = pd.Series()

2026-06-15 20:11:00,253:WARNING:c:\Users\DELL\anaconda3\envs\p11_env\Lib\site-packages\yfinance\scrapers\history.py:396: FutureWarning: The default dtype for empty Series will be 'object' instead of 'float64' in a future version. Specify a dtype explicitly to silence this warning.
  self._capital_gains = pd.Series()

2026-06-15 20:11:00,400:WARNING:c:\Users\DELL\anaconda3\envs\p11_env\Lib\site-packages\yfinance\scrapers\history.py:396: FutureWarning: The default dtype for empty Series will be 'object' instead of 'float64' in a future version. Specify a dtype explicitly to silence this warning.
  self._capital_gains = pd.Series()

2026-06-15 20:11:00,473:WARNING:c:\Users\DELL\anaconda3\envs\p11_env\Lib\site-packages\yfinance\scrapers\history.py:396: FutureWarning: The default dtype for empty Series will be 'object' instead of 'float64' in a future version. Specify a dtype explicitly to silence this warning.
  self._capital_gains = pd.Series()

2026-06-15 20:11:00,514:WARNING:c:\Users\DELL\anaconda3\envs\p11_env\Lib\site-packages\yfinance\scrapers\history.py:396: FutureWarning: The default dtype for empty Series will be 'object' instead of 'float64' in a future version. Specify a dtype explicitly to silence this warning.
  self._capital_gains = pd.Series()

2026-06-15 20:11:00,686:WARNING:c:\Users\DELL\anaconda3\envs\p11_env\Lib\site-packages\yfinance\scrapers\history.py:396: FutureWarning: The default dtype for empty Series will be 'object' instead of 'float64' in a future version. Specify a dtype explicitly to silence this warning.
  self._capital_gains = pd.Series()

2026-06-15 20:11:00,837:WARNING:c:\Users\DELL\anaconda3\envs\p11_env\Lib\site-packages\yfinance\scrapers\history.py:396: FutureWarning: The default dtype for empty Series will be 'object' instead of 'float64' in a future version. Specify a dtype explicitly to silence this warning.
  self._capital_gains = pd.Series()

2026-06-15 20:11:00,892:WARNING:c:\Users\DELL\anaconda3\envs\p11_env\Lib\site-packages\yfinance\scrapers\history.py:396: FutureWarning: The default dtype for empty Series will be 'object' instead of 'float64' in a future version. Specify a dtype explicitly to silence this warning.
  self._capital_gains = pd.Series()

2026-06-15 20:11:01,056:WARNING:c:\Users\DELL\anaconda3\envs\p11_env\Lib\site-packages\yfinance\scrapers\history.py:396: FutureWarning: The default dtype for empty Series will be 'object' instead of 'float64' in a future version. Specify a dtype explicitly to silence this warning.
  self._capital_gains = pd.Series()

2026-06-15 20:11:01,169:WARNING:c:\Users\DELL\anaconda3\envs\p11_env\Lib\site-packages\yfinance\scrapers\history.py:396: FutureWarning: The default dtype for empty Series will be 'object' instead of 'float64' in a future version. Specify a dtype explicitly to silence this warning.
  self._capital_gains = pd.Series()

2026-06-15 20:11:01,510:WARNING:c:\Users\DELL\anaconda3\envs\p11_env\Lib\site-packages\yfinance\scrapers\history.py:396: FutureWarning: The default dtype for empty Series will be 'object' instead of 'float64' in a future version. Specify a dtype explicitly to silence this warning.
  self._capital_gains = pd.Series()

2026-06-15 20:11:01,580:WARNING:c:\Users\DELL\anaconda3\envs\p11_env\Lib\site-packages\yfinance\scrapers\history.py:396: FutureWarning: The default dtype for empty Series will be 'object' instead of 'float64' in a future version. Specify a dtype explicitly to silence this warning.
  self._capital_gains = pd.Series()

2026-06-15 20:11:01,851:WARNING:c:\Users\DELL\anaconda3\envs\p11_env\Lib\site-packages\yfinance\scrapers\history.py:396: FutureWarning: The default dtype for empty Series will be 'object' instead of 'float64' in a future version. Specify a dtype explicitly to silence this warning.
  self._capital_gains = pd.Series()

2026-06-15 20:11:02,027:WARNING:c:\Users\DELL\anaconda3\envs\p11_env\Lib\site-packages\yfinance\scrapers\history.py:396: FutureWarning: The default dtype for empty Series will be 'object' instead of 'float64' in a future version. Specify a dtype explicitly to silence this warning.
  self._capital_gains = pd.Series()

2026-06-15 20:11:02,033:WARNING:c:\Users\DELL\anaconda3\envs\p11_env\Lib\site-packages\yfinance\scrapers\history.py:396: FutureWarning: The default dtype for empty Series will be 'object' instead of 'float64' in a future version. Specify a dtype explicitly to silence this warning.
  self._capital_gains = pd.Series()

2026-06-15 20:11:02,187:WARNING:c:\Users\DELL\anaconda3\envs\p11_env\Lib\site-packages\yfinance\scrapers\history.py:396: FutureWarning: The default dtype for empty Series will be 'object' instead of 'float64' in a future version. Specify a dtype explicitly to silence this warning.
  self._capital_gains = pd.Series()

2026-06-15 20:11:02,286:WARNING:c:\Users\DELL\anaconda3\envs\p11_env\Lib\site-packages\yfinance\scrapers\history.py:396: FutureWarning: The default dtype for empty Series will be 'object' instead of 'float64' in a future version. Specify a dtype explicitly to silence this warning.
  self._capital_gains = pd.Series()

2026-06-15 20:11:02,337:WARNING:c:\Users\DELL\anaconda3\envs\p11_env\Lib\site-packages\yfinance\scrapers\history.py:396: FutureWarning: The default dtype for empty Series will be 'object' instead of 'float64' in a future version. Specify a dtype explicitly to silence this warning.
  self._capital_gains = pd.Series()

2026-06-15 20:11:02,862:WARNING:c:\Users\DELL\anaconda3\envs\p11_env\Lib\site-packages\yfinance\scrapers\history.py:396: FutureWarning: The default dtype for empty Series will be 'object' instead of 'float64' in a future version. Specify a dtype explicitly to silence this warning.
  self._capital_gains = pd.Series()

2026-06-15 20:11:02,975:WARNING:c:\Users\DELL\anaconda3\envs\p11_env\Lib\site-packages\yfinance\scrapers\history.py:396: FutureWarning: The default dtype for empty Series will be 'object' instead of 'float64' in a future version. Specify a dtype explicitly to silence this warning.
  self._capital_gains = pd.Series()

2026-06-15 20:14:00,625:INFO:PyCaret ClassificationExperiment
2026-06-15 20:14:00,626:INFO:Logging name: clf-default-name
2026-06-15 20:14:00,626:INFO:ML Usecase: MLUsecase.CLASSIFICATION
2026-06-15 20:14:00,626:INFO:version 3.2.0
2026-06-15 20:14:00,626:INFO:Initializing setup()
2026-06-15 20:14:00,626:INFO:self.USI: 96f9
2026-06-15 20:14:00,626:INFO:self._variable_keys: {'exp_name_log', 'n_jobs_param', 'pipeline', 'fix_imbalance', 'X', 'fold_shuffle_param', 'seed', 'USI', 'gpu_param', 'log_plots_param', 'idx', 'is_multiclass', 'gpu_n_jobs_param', '_ml_usecase', 'y_train', 'fold_generator', 'y_test', 'target_param', 'fold_groups_param', 'X_test', 'exp_id', 'html_param', 'data', 'y', '_available_plots', 'logging_param', 'memory', 'X_train'}
2026-06-15 20:14:00,626:INFO:Checking environment
2026-06-15 20:14:00,626:INFO:python_version: 3.11.15
2026-06-15 20:14:00,626:INFO:python_build: ('main', 'Mar 11 2026 17:12:15')
2026-06-15 20:14:00,626:INFO:machine: AMD64
2026-06-15 20:14:00,626:INFO:platform: Windows-10-10.0.26200-SP0
2026-06-15 20:14:00,626:INFO:Memory: svmem(total=16889192448, available=4666736640, percent=72.4, used=12222455808, free=4666736640)
2026-06-15 20:14:00,626:INFO:Physical Core: 4
2026-06-15 20:14:00,627:INFO:Logical Core: 8
2026-06-15 20:14:00,627:INFO:Checking libraries
2026-06-15 20:14:00,627:INFO:System:
2026-06-15 20:14:00,627:INFO:    python: 3.11.15 | packaged by Anaconda, Inc. | (main, Mar 11 2026, 17:12:15) [MSC v.1942 64 bit (AMD64)]
2026-06-15 20:14:00,627:INFO:executable: c:\Users\DELL\anaconda3\envs\p11_env\python.exe
2026-06-15 20:14:00,627:INFO:   machine: Windows-10-10.0.26200-SP0
2026-06-15 20:14:00,627:INFO:PyCaret required dependencies:
2026-06-15 20:14:00,629:WARNING:c:\Users\DELL\anaconda3\envs\p11_env\Lib\site-packages\_distutils_hack\__init__.py:30: UserWarning: Setuptools is replacing distutils. Support for replacing an already imported distutils is deprecated. In the future, this condition will fail. Register concerns at https://github.com/pypa/setuptools/issues/new?template=distutils-deprecation.yml
  warnings.warn(

2026-06-15 20:14:00,790:INFO:                 pip: 26.1.1
2026-06-15 20:14:00,790:INFO:          setuptools: 82.0.1
2026-06-15 20:14:00,790:INFO:             pycaret: 3.2.0
2026-06-15 20:14:00,790:INFO:             IPython: 9.14.1
2026-06-15 20:14:00,790:INFO:          ipywidgets: 8.1.8
2026-06-15 20:14:00,790:INFO:                tqdm: 4.68.1
2026-06-15 20:14:00,790:INFO:               numpy: 1.25.2
2026-06-15 20:14:00,790:INFO:              pandas: 1.5.3
2026-06-15 20:14:00,790:INFO:              jinja2: 3.1.6
2026-06-15 20:14:00,790:INFO:               scipy: 1.10.1
2026-06-15 20:14:00,790:INFO:              joblib: 1.2.0
2026-06-15 20:14:00,790:INFO:             sklearn: 1.2.2
2026-06-15 20:14:00,791:INFO:                pyod: 3.6.0
2026-06-15 20:14:00,791:INFO:            imblearn: 0.12.4
2026-06-15 20:14:00,791:INFO:   category_encoders: 2.7.0
2026-06-15 20:14:00,791:INFO:            lightgbm: 4.6.0
2026-06-15 20:14:00,791:INFO:               numba: 0.65.1
2026-06-15 20:14:00,791:INFO:            requests: 2.34.2
2026-06-15 20:14:00,791:INFO:          matplotlib: 3.7.5
2026-06-15 20:14:00,791:INFO:          scikitplot: 0.3.7
2026-06-15 20:14:00,791:INFO:         yellowbrick: 1.5
2026-06-15 20:14:00,791:INFO:              plotly: 6.8.0
2026-06-15 20:14:00,791:INFO:    plotly-resampler: Not installed
2026-06-15 20:14:00,791:INFO:             kaleido: 1.3.0
2026-06-15 20:14:00,791:INFO:           schemdraw: 0.15
2026-06-15 20:14:00,791:INFO:         statsmodels: 0.14.6
2026-06-15 20:14:00,791:INFO:              sktime: 0.21.1
2026-06-15 20:14:00,792:INFO:               tbats: 1.1.3
2026-06-15 20:14:00,792:INFO:            pmdarima: 2.0.4
2026-06-15 20:14:00,792:INFO:              psutil: 7.2.2
2026-06-15 20:14:00,792:INFO:          markupsafe: 3.0.3
2026-06-15 20:14:00,792:INFO:             pickle5: Not installed
2026-06-15 20:14:00,792:INFO:         cloudpickle: 3.1.2
2026-06-15 20:14:00,792:INFO:         deprecation: 2.1.0
2026-06-15 20:14:00,792:INFO:              xxhash: 3.7.0
2026-06-15 20:14:00,792:INFO:           wurlitzer: Not installed
2026-06-15 20:14:00,792:INFO:PyCaret optional dependencies:
2026-06-15 20:14:00,932:INFO:                shap: 0.51.0
2026-06-15 20:14:00,932:INFO:           interpret: Not installed
2026-06-15 20:14:00,932:INFO:                umap: 0.5.12
2026-06-15 20:14:00,932:INFO:     ydata_profiling: Not installed
2026-06-15 20:14:00,932:INFO:  explainerdashboard: Not installed
2026-06-15 20:14:00,932:INFO:             autoviz: Not installed
2026-06-15 20:14:00,932:INFO:           fairlearn: Not installed
2026-06-15 20:14:00,932:INFO:          deepchecks: Not installed
2026-06-15 20:14:00,932:INFO:             xgboost: 3.2.0
2026-06-15 20:14:00,932:INFO:            catboost: 1.2.10
2026-06-15 20:14:00,932:INFO:              kmodes: 0.12.2
2026-06-15 20:14:00,932:INFO:             mlxtend: 0.24.0
2026-06-15 20:14:00,932:INFO:       statsforecast: Not installed
2026-06-15 20:14:00,933:INFO:        tune_sklearn: Not installed
2026-06-15 20:14:00,933:INFO:                 ray: Not installed
2026-06-15 20:14:00,933:INFO:            hyperopt: Not installed
2026-06-15 20:14:00,933:INFO:              optuna: 4.9.0
2026-06-15 20:14:00,933:INFO:               skopt: Not installed
2026-06-15 20:14:00,933:INFO:              mlflow: 3.13.0
2026-06-15 20:14:00,933:INFO:              gradio: Not installed
2026-06-15 20:14:00,933:INFO:             fastapi: 0.136.3
2026-06-15 20:14:00,933:INFO:             uvicorn: 0.49.0
2026-06-15 20:14:00,933:INFO:              m2cgen: Not installed
2026-06-15 20:14:00,933:INFO:           evidently: Not installed
2026-06-15 20:14:00,933:INFO:               fugue: Not installed
2026-06-15 20:14:00,933:INFO:           streamlit: 1.58.0
2026-06-15 20:14:00,934:INFO:             prophet: Not installed
2026-06-15 20:14:00,934:INFO:None
2026-06-15 20:14:00,934:INFO:Set up data.
2026-06-15 20:14:01,136:INFO:Set up folding strategy.
2026-06-15 20:14:01,136:INFO:Set up train/test split.
2026-06-15 20:14:01,460:INFO:Set up index.
2026-06-15 20:14:01,480:INFO:Assigning column types.
2026-06-15 20:14:01,713:INFO:Engine successfully changes for model 'lr' to 'sklearn'.
2026-06-15 20:14:01,779:INFO:Engine for model 'knn' has not been set explicitly, hence returning None.
2026-06-15 20:14:01,795:INFO:Engine for model 'rbfsvm' has not been set explicitly, hence returning None.
2026-06-15 20:14:01,851:INFO:Soft dependency imported: xgboost: 3.2.0
2026-06-15 20:14:01,855:INFO:Soft dependency imported: catboost: 1.2.10
2026-06-15 20:14:02,045:INFO:Engine for model 'knn' has not been set explicitly, hence returning None.
2026-06-15 20:14:02,046:INFO:Engine for model 'rbfsvm' has not been set explicitly, hence returning None.
2026-06-15 20:14:02,080:INFO:Soft dependency imported: xgboost: 3.2.0
2026-06-15 20:14:02,083:INFO:Soft dependency imported: catboost: 1.2.10
2026-06-15 20:14:02,084:INFO:Engine successfully changes for model 'knn' to 'sklearn'.
2026-06-15 20:14:02,137:INFO:Engine for model 'rbfsvm' has not been set explicitly, hence returning None.
2026-06-15 20:14:02,182:INFO:Soft dependency imported: xgboost: 3.2.0
2026-06-15 20:14:02,185:INFO:Soft dependency imported: catboost: 1.2.10
2026-06-15 20:14:02,233:INFO:Engine for model 'rbfsvm' has not been set explicitly, hence returning None.
2026-06-15 20:14:02,268:INFO:Soft dependency imported: xgboost: 3.2.0
2026-06-15 20:14:02,273:INFO:Soft dependency imported: catboost: 1.2.10
2026-06-15 20:14:02,275:INFO:Engine successfully changes for model 'rbfsvm' to 'sklearn'.
2026-06-15 20:14:02,367:INFO:Soft dependency imported: xgboost: 3.2.0
2026-06-15 20:14:02,370:INFO:Soft dependency imported: catboost: 1.2.10
2026-06-15 20:14:02,452:INFO:Soft dependency imported: xgboost: 3.2.0
2026-06-15 20:14:02,455:INFO:Soft dependency imported: catboost: 1.2.10
2026-06-15 20:14:02,457:INFO:Preparing preprocessing pipeline...
2026-06-15 20:14:02,475:INFO:Set up simple imputation.
2026-06-15 20:14:02,476:INFO:Set up imbalanced handling.
2026-06-15 20:14:02,476:INFO:Set up feature normalization.
2026-06-15 20:14:06,445:INFO:Finished creating preprocessing pipeline.
2026-06-15 20:14:06,458:INFO:Pipeline: Pipeline(memory=FastMemory(location=C:\Users\DELL\AppData\Local\Temp\joblib),
         steps=[('numerical_imputer',
                 TransformerWrapper(exclude=None,
                                    include=['return_1d', 'return_3d',
                                             'return_5d', 'return_10d',
                                             'return_20d', 'overnight_gap',
                                             'body_size', 'upper_shadow',
                                             'lower_shadow', 'hl_range',
                                             'close_position', 'dist_sma_5',
                                             'dist_ema_5', 'dist_sma_10',
                                             'dist_ema_10', 'd...
                                                              strategy='most_frequent',
                                                              verbose='deprecated'))),
                ('balance',
                 TransformerWrapper(exclude=None, include=None,
                                    transformer=FixImbalancer(estimator=SMOTE(k_neighbors=5,
                                                                              n_jobs=None,
                                                                              random_state=40,
                                                                              sampling_strategy='auto')))),
                ('normalize',
                 TransformerWrapper(exclude=None, include=None,
                                    transformer=StandardScaler(copy=True,
                                                               with_mean=True,
                                                               with_std=True)))],
         verbose=False)
2026-06-15 20:14:06,458:INFO:Creating final display dataframe.
2026-06-15 20:14:10,768:INFO:Setup _display_container:                     Description             Value
0                    Session id                40
1                        Target            target
2                   Target type            Binary
3           Original data shape      (203456, 66)
4        Transformed data shape      (289063, 66)
5   Transformed train set shape      (228026, 66)
6    Transformed test set shape       (61037, 66)
7              Numeric features                65
8                    Preprocess              True
9               Imputation type            simple
10           Numeric imputation              mean
11       Categorical imputation              mode
12                Fix imbalance              True
13         Fix imbalance method             SMOTE
14                    Normalize              True
15             Normalize method            zscore
16               Fold Generator   StratifiedKFold
17                  Fold Number                10
18                     CPU Jobs                -1
19                      Use GPU             False
20               Log Experiment             False
21              Experiment Name  clf-default-name
22                          USI              96f9
2026-06-15 20:14:10,892:INFO:Soft dependency imported: xgboost: 3.2.0
2026-06-15 20:14:10,895:INFO:Soft dependency imported: catboost: 1.2.10
2026-06-15 20:14:10,978:INFO:Soft dependency imported: xgboost: 3.2.0
2026-06-15 20:14:10,981:INFO:Soft dependency imported: catboost: 1.2.10
2026-06-15 20:14:10,982:INFO:setup() successfully completed in 10.41s...............
2026-06-15 20:14:10,983:INFO:Initializing compare_models()
2026-06-15 20:14:10,983:INFO:compare_models(self=<pycaret.classification.oop.ClassificationExperiment object at 0x000001431C02A390>, include=None, exclude=None, fold=None, round=4, cross_validation=True, sort=Accuracy, n_select=1, budget_time=None, turbo=True, errors=ignore, fit_kwargs=None, groups=None, experiment_custom_tags=None, probability_threshold=None, verbose=True, parallel=None, caller_params={'self': <pycaret.classification.oop.ClassificationExperiment object at 0x000001431C02A390>, 'include': None, 'exclude': None, 'fold': None, 'round': 4, 'cross_validation': True, 'sort': 'Accuracy', 'n_select': 1, 'budget_time': None, 'turbo': True, 'errors': 'ignore', 'fit_kwargs': None, 'groups': None, 'experiment_custom_tags': None, 'probability_threshold': None, 'engine': None, 'verbose': True, 'parallel': None, '__class__': <class 'pycaret.classification.oop.ClassificationExperiment'>})
2026-06-15 20:14:10,983:INFO:Checking exceptions
2026-06-15 20:14:11,101:INFO:Preparing display monitor
2026-06-15 20:14:11,128:INFO:Initializing Logistic Regression
2026-06-15 20:14:11,128:INFO:Total runtime is 0.0 minutes
2026-06-15 20:14:11,132:INFO:SubProcess create_model() called ==================================
2026-06-15 20:14:11,132:INFO:Initializing create_model()
2026-06-15 20:14:11,132:INFO:create_model(self=<pycaret.classification.oop.ClassificationExperiment object at 0x000001431C02A390>, estimator=lr, fold=StratifiedKFold(n_splits=10, random_state=None, shuffle=False), round=4, cross_validation=True, predict=True, fit_kwargs={}, groups=None, refit=False, probability_threshold=None, experiment_custom_tags=None, verbose=False, system=False, add_to_model_list=True, metrics=None, display=<pycaret.internal.display.display.CommonDisplay object at 0x0000014327C15FD0>, model_only=True, return_train_score=False, error_score=0.0, kwargs={})
2026-06-15 20:14:11,132:INFO:Checking exceptions
2026-06-15 20:14:11,132:INFO:Importing libraries
2026-06-15 20:14:11,133:INFO:Copying training dataset
2026-06-15 20:14:11,291:INFO:Defining folds
2026-06-15 20:14:11,291:INFO:Declaring metric variables
2026-06-15 20:14:11,294:INFO:Importing untrained model
2026-06-15 20:14:11,298:INFO:Logistic Regression Imported successfully
2026-06-15 20:14:11,305:INFO:Starting cross validation
2026-06-15 20:14:11,310:INFO:Cross validating with StratifiedKFold(n_splits=10, random_state=None, shuffle=False), n_jobs=-1
2026-06-15 20:14:19,196:WARNING:c:\Users\DELL\anaconda3\envs\p11_env\Lib\site-packages\_distutils_hack\__init__.py:30: UserWarning: Setuptools is replacing distutils. Support for replacing an already imported distutils is deprecated. In the future, this condition will fail. Register concerns at https://github.com/pypa/setuptools/issues/new?template=distutils-deprecation.yml
  warnings.warn(

2026-06-15 20:14:19,198:WARNING:c:\Users\DELL\anaconda3\envs\p11_env\Lib\site-packages\_distutils_hack\__init__.py:30: UserWarning: Setuptools is replacing distutils. Support for replacing an already imported distutils is deprecated. In the future, this condition will fail. Register concerns at https://github.com/pypa/setuptools/issues/new?template=distutils-deprecation.yml
  warnings.warn(

2026-06-15 20:14:19,203:WARNING:c:\Users\DELL\anaconda3\envs\p11_env\Lib\site-packages\_distutils_hack\__init__.py:30: UserWarning: Setuptools is replacing distutils. Support for replacing an already imported distutils is deprecated. In the future, this condition will fail. Register concerns at https://github.com/pypa/setuptools/issues/new?template=distutils-deprecation.yml
  warnings.warn(

2026-06-15 20:14:19,377:WARNING:c:\Users\DELL\anaconda3\envs\p11_env\Lib\site-packages\_distutils_hack\__init__.py:30: UserWarning: Setuptools is replacing distutils. Support for replacing an already imported distutils is deprecated. In the future, this condition will fail. Register concerns at https://github.com/pypa/setuptools/issues/new?template=distutils-deprecation.yml
  warnings.warn(

2026-06-15 20:14:19,382:WARNING:c:\Users\DELL\anaconda3\envs\p11_env\Lib\site-packages\_distutils_hack\__init__.py:30: UserWarning: Setuptools is replacing distutils. Support for replacing an already imported distutils is deprecated. In the future, this condition will fail. Register concerns at https://github.com/pypa/setuptools/issues/new?template=distutils-deprecation.yml
  warnings.warn(

2026-06-15 20:14:19,385:WARNING:c:\Users\DELL\anaconda3\envs\p11_env\Lib\site-packages\_distutils_hack\__init__.py:30: UserWarning: Setuptools is replacing distutils. Support for replacing an already imported distutils is deprecated. In the future, this condition will fail. Register concerns at https://github.com/pypa/setuptools/issues/new?template=distutils-deprecation.yml
  warnings.warn(

2026-06-15 20:14:19,396:WARNING:c:\Users\DELL\anaconda3\envs\p11_env\Lib\site-packages\_distutils_hack\__init__.py:30: UserWarning: Setuptools is replacing distutils. Support for replacing an already imported distutils is deprecated. In the future, this condition will fail. Register concerns at https://github.com/pypa/setuptools/issues/new?template=distutils-deprecation.yml
  warnings.warn(

2026-06-15 20:14:19,403:WARNING:c:\Users\DELL\anaconda3\envs\p11_env\Lib\site-packages\_distutils_hack\__init__.py:30: UserWarning: Setuptools is replacing distutils. Support for replacing an already imported distutils is deprecated. In the future, this condition will fail. Register concerns at https://github.com/pypa/setuptools/issues/new?template=distutils-deprecation.yml
  warnings.warn(

2026-06-15 20:16:22,500:INFO:Calculating mean and std
2026-06-15 20:16:22,502:INFO:Creating metrics dataframe
2026-06-15 20:16:22,511:INFO:Uploading results into container
2026-06-15 20:16:22,512:INFO:Uploading model into container now
2026-06-15 20:16:22,514:INFO:_master_model_container: 1
2026-06-15 20:16:22,514:INFO:_display_container: 2
2026-06-15 20:16:22,516:INFO:LogisticRegression(C=1.0, class_weight=None, dual=False, fit_intercept=True,
                   intercept_scaling=1, l1_ratio=None, max_iter=1000,
                   multi_class='auto', n_jobs=None, penalty='l2',
                   random_state=40, solver='lbfgs', tol=0.0001, verbose=0,
                   warm_start=False)
2026-06-15 20:16:22,516:INFO:create_model() successfully completed......................................
2026-06-15 20:16:23,940:INFO:SubProcess create_model() end ==================================
2026-06-15 20:16:23,940:INFO:Creating metrics dataframe
2026-06-15 20:16:23,957:INFO:Initializing K Neighbors Classifier
2026-06-15 20:16:23,957:INFO:Total runtime is 2.2138193329175313 minutes
2026-06-15 20:16:23,965:INFO:SubProcess create_model() called ==================================
2026-06-15 20:16:23,965:INFO:Initializing create_model()
2026-06-15 20:16:23,966:INFO:create_model(self=<pycaret.classification.oop.ClassificationExperiment object at 0x000001431C02A390>, estimator=knn, fold=StratifiedKFold(n_splits=10, random_state=None, shuffle=False), round=4, cross_validation=True, predict=True, fit_kwargs={}, groups=None, refit=False, probability_threshold=None, experiment_custom_tags=None, verbose=False, system=False, add_to_model_list=True, metrics=None, display=<pycaret.internal.display.display.CommonDisplay object at 0x0000014327C15FD0>, model_only=True, return_train_score=False, error_score=0.0, kwargs={})
2026-06-15 20:16:23,966:INFO:Checking exceptions
2026-06-15 20:16:23,966:INFO:Importing libraries
2026-06-15 20:16:23,966:INFO:Copying training dataset
2026-06-15 20:16:24,267:INFO:Defining folds
2026-06-15 20:16:24,267:INFO:Declaring metric variables
2026-06-15 20:16:24,277:INFO:Importing untrained model
2026-06-15 20:16:24,286:INFO:K Neighbors Classifier Imported successfully
2026-06-15 20:16:24,301:INFO:Starting cross validation
2026-06-15 20:16:24,307:INFO:Cross validating with StratifiedKFold(n_splits=10, random_state=None, shuffle=False), n_jobs=-1
2026-06-15 20:21:29,691:INFO:Calculating mean and std
2026-06-15 20:21:29,691:INFO:Creating metrics dataframe
2026-06-15 20:21:29,691:INFO:Uploading results into container
2026-06-15 20:21:29,691:INFO:Uploading model into container now
2026-06-15 20:21:29,691:INFO:_master_model_container: 2
2026-06-15 20:21:29,691:INFO:_display_container: 2
2026-06-15 20:21:29,691:INFO:KNeighborsClassifier(algorithm='auto', leaf_size=30, metric='minkowski',
                     metric_params=None, n_jobs=-1, n_neighbors=5, p=2,
                     weights='uniform')
2026-06-15 20:21:29,691:INFO:create_model() successfully completed......................................
2026-06-15 20:21:30,484:INFO:SubProcess create_model() end ==================================
2026-06-15 20:21:30,485:INFO:Creating metrics dataframe
2026-06-15 20:21:30,492:INFO:Initializing Naive Bayes
2026-06-15 20:21:30,492:INFO:Total runtime is 7.3227263013521835 minutes
2026-06-15 20:21:30,492:INFO:SubProcess create_model() called ==================================
2026-06-15 20:21:30,492:INFO:Initializing create_model()
2026-06-15 20:21:30,492:INFO:create_model(self=<pycaret.classification.oop.ClassificationExperiment object at 0x000001431C02A390>, estimator=nb, fold=StratifiedKFold(n_splits=10, random_state=None, shuffle=False), round=4, cross_validation=True, predict=True, fit_kwargs={}, groups=None, refit=False, probability_threshold=None, experiment_custom_tags=None, verbose=False, system=False, add_to_model_list=True, metrics=None, display=<pycaret.internal.display.display.CommonDisplay object at 0x0000014327C15FD0>, model_only=True, return_train_score=False, error_score=0.0, kwargs={})
2026-06-15 20:21:30,492:INFO:Checking exceptions
2026-06-15 20:21:30,492:INFO:Importing libraries
2026-06-15 20:21:30,492:INFO:Copying training dataset
2026-06-15 20:21:30,643:INFO:Defining folds
2026-06-15 20:21:30,643:INFO:Declaring metric variables
2026-06-15 20:21:30,658:INFO:Importing untrained model
2026-06-15 20:21:30,663:INFO:Naive Bayes Imported successfully
2026-06-15 20:21:30,663:INFO:Starting cross validation
2026-06-15 20:21:30,675:INFO:Cross validating with StratifiedKFold(n_splits=10, random_state=None, shuffle=False), n_jobs=-1
2026-06-15 20:22:08,754:INFO:Calculating mean and std
2026-06-15 20:22:08,754:INFO:Creating metrics dataframe
2026-06-15 20:22:08,763:INFO:Uploading results into container
2026-06-15 20:22:08,764:INFO:Uploading model into container now
2026-06-15 20:22:08,764:INFO:_master_model_container: 3
2026-06-15 20:22:08,764:INFO:_display_container: 2
2026-06-15 20:22:08,764:INFO:GaussianNB(priors=None, var_smoothing=1e-09)
2026-06-15 20:22:08,764:INFO:create_model() successfully completed......................................
2026-06-15 20:22:09,479:INFO:SubProcess create_model() end ==================================
2026-06-15 20:22:09,479:INFO:Creating metrics dataframe
2026-06-15 20:22:09,495:INFO:Initializing Decision Tree Classifier
2026-06-15 20:22:09,495:INFO:Total runtime is 7.972783915201823 minutes
2026-06-15 20:22:09,495:INFO:SubProcess create_model() called ==================================
2026-06-15 20:22:09,495:INFO:Initializing create_model()
2026-06-15 20:22:09,495:INFO:create_model(self=<pycaret.classification.oop.ClassificationExperiment object at 0x000001431C02A390>, estimator=dt, fold=StratifiedKFold(n_splits=10, random_state=None, shuffle=False), round=4, cross_validation=True, predict=True, fit_kwargs={}, groups=None, refit=False, probability_threshold=None, experiment_custom_tags=None, verbose=False, system=False, add_to_model_list=True, metrics=None, display=<pycaret.internal.display.display.CommonDisplay object at 0x0000014327C15FD0>, model_only=True, return_train_score=False, error_score=0.0, kwargs={})
2026-06-15 20:22:09,495:INFO:Checking exceptions
2026-06-15 20:22:09,495:INFO:Importing libraries
2026-06-15 20:22:09,495:INFO:Copying training dataset
2026-06-15 20:22:09,661:INFO:Defining folds
2026-06-15 20:22:09,661:INFO:Declaring metric variables
2026-06-15 20:22:09,661:INFO:Importing untrained model
2026-06-15 20:22:09,672:INFO:Decision Tree Classifier Imported successfully
2026-06-15 20:22:09,680:INFO:Starting cross validation
2026-06-15 20:22:09,680:INFO:Cross validating with StratifiedKFold(n_splits=10, random_state=None, shuffle=False), n_jobs=-1
2026-06-15 20:24:45,483:INFO:Calculating mean and std
2026-06-15 20:24:45,483:INFO:Creating metrics dataframe
2026-06-15 20:24:45,491:INFO:Uploading results into container
2026-06-15 20:24:45,491:INFO:Uploading model into container now
2026-06-15 20:24:45,491:INFO:_master_model_container: 4
2026-06-15 20:24:45,491:INFO:_display_container: 2
2026-06-15 20:24:45,491:INFO:DecisionTreeClassifier(ccp_alpha=0.0, class_weight=None, criterion='gini',
                       max_depth=None, max_features=None, max_leaf_nodes=None,
                       min_impurity_decrease=0.0, min_samples_leaf=1,
                       min_samples_split=2, min_weight_fraction_leaf=0.0,
                       random_state=40, splitter='best')
2026-06-15 20:24:45,491:INFO:create_model() successfully completed......................................
2026-06-15 20:24:46,224:INFO:SubProcess create_model() end ==================================
2026-06-15 20:24:46,224:INFO:Creating metrics dataframe
2026-06-15 20:24:46,224:INFO:Initializing SVM - Linear Kernel
2026-06-15 20:24:46,224:INFO:Total runtime is 10.584929764270782 minutes
2026-06-15 20:24:46,241:INFO:SubProcess create_model() called ==================================
2026-06-15 20:24:46,241:INFO:Initializing create_model()
2026-06-15 20:24:46,241:INFO:create_model(self=<pycaret.classification.oop.ClassificationExperiment object at 0x000001431C02A390>, estimator=svm, fold=StratifiedKFold(n_splits=10, random_state=None, shuffle=False), round=4, cross_validation=True, predict=True, fit_kwargs={}, groups=None, refit=False, probability_threshold=None, experiment_custom_tags=None, verbose=False, system=False, add_to_model_list=True, metrics=None, display=<pycaret.internal.display.display.CommonDisplay object at 0x0000014327C15FD0>, model_only=True, return_train_score=False, error_score=0.0, kwargs={})
2026-06-15 20:24:46,241:INFO:Checking exceptions
2026-06-15 20:24:46,241:INFO:Importing libraries
2026-06-15 20:24:46,241:INFO:Copying training dataset
2026-06-15 20:24:46,478:INFO:Defining folds
2026-06-15 20:24:46,478:INFO:Declaring metric variables
2026-06-15 20:24:46,483:INFO:Importing untrained model
2026-06-15 20:24:46,487:INFO:SVM - Linear Kernel Imported successfully
2026-06-15 20:24:46,495:INFO:Starting cross validation
2026-06-15 20:24:46,499:INFO:Cross validating with StratifiedKFold(n_splits=10, random_state=None, shuffle=False), n_jobs=-1
2026-06-15 20:25:10,729:WARNING:c:\Users\DELL\anaconda3\envs\p11_env\Lib\site-packages\pycaret\internal\metrics.py:190: FitFailedWarning: Metric 'make_scorer(roc_auc_score, needs_proba=True, error_score=0.0, average=weighted, multi_class=ovr)' failed and error score 0.0 has been returned instead. If this is a custom metric, this usually means that the error is in the metric code. Full exception below:
Traceback (most recent call last):
  File "c:\Users\DELL\anaconda3\envs\p11_env\Lib\site-packages\sklearn\metrics\_scorer.py", line 76, in _cached_call
    return cache[method]
           ~~~~~^^^^^^^^
KeyError: 'predict_proba'

During handling of the above exception, another exception occurred:

Traceback (most recent call last):
  File "c:\Users\DELL\anaconda3\envs\p11_env\Lib\site-packages\pycaret\internal\metrics.py", line 182, in _score
    return super()._score(
           ^^^^^^^^^^^^^^^
  File "c:\Users\DELL\anaconda3\envs\p11_env\Lib\site-packages\sklearn\metrics\_scorer.py", line 316, in _score
    y_pred = method_caller(clf, "predict_proba", X)
             ^^^^^^^^^^^^^^^^^^^^^^^^^^^^^^^^^^^^^^
  File "c:\Users\DELL\anaconda3\envs\p11_env\Lib\site-packages\sklearn\metrics\_scorer.py", line 78, in _cached_call
    result = getattr(estimator, method)(*args, **kwargs)
             ^^^^^^^^^^^^^^^^^^^^^^^^^^
  File "c:\Users\DELL\anaconda3\envs\p11_env\Lib\site-packages\pycaret\internal\pipeline.py", line 127, in __getattr__
    return getattr(self._final_estimator, name)
           ^^^^^^^^^^^^^^^^^^^^^^^^^^^^^^^^^^^^
  File "c:\Users\DELL\anaconda3\envs\p11_env\Lib\site-packages\sklearn\utils\_available_if.py", line 32, in __get__
    if not self.check(obj):
           ^^^^^^^^^^^^^^^
  File "c:\Users\DELL\anaconda3\envs\p11_env\Lib\site-packages\sklearn\linear_model\_stochastic_gradient.py", line 1235, in _check_proba
    raise AttributeError(
AttributeError: probability estimates are not available for loss='hinge'

  warnings.warn(

2026-06-15 20:25:11,078:WARNING:c:\Users\DELL\anaconda3\envs\p11_env\Lib\site-packages\pycaret\internal\metrics.py:190: FitFailedWarning: Metric 'make_scorer(roc_auc_score, needs_proba=True, error_score=0.0, average=weighted, multi_class=ovr)' failed and error score 0.0 has been returned instead. If this is a custom metric, this usually means that the error is in the metric code. Full exception below:
Traceback (most recent call last):
  File "c:\Users\DELL\anaconda3\envs\p11_env\Lib\site-packages\sklearn\metrics\_scorer.py", line 76, in _cached_call
    return cache[method]
           ~~~~~^^^^^^^^
KeyError: 'predict_proba'

During handling of the above exception, another exception occurred:

Traceback (most recent call last):
  File "c:\Users\DELL\anaconda3\envs\p11_env\Lib\site-packages\pycaret\internal\metrics.py", line 182, in _score
    return super()._score(
           ^^^^^^^^^^^^^^^
  File "c:\Users\DELL\anaconda3\envs\p11_env\Lib\site-packages\sklearn\metrics\_scorer.py", line 316, in _score
    y_pred = method_caller(clf, "predict_proba", X)
             ^^^^^^^^^^^^^^^^^^^^^^^^^^^^^^^^^^^^^^
  File "c:\Users\DELL\anaconda3\envs\p11_env\Lib\site-packages\sklearn\metrics\_scorer.py", line 78, in _cached_call
    result = getattr(estimator, method)(*args, **kwargs)
             ^^^^^^^^^^^^^^^^^^^^^^^^^^
  File "c:\Users\DELL\anaconda3\envs\p11_env\Lib\site-packages\pycaret\internal\pipeline.py", line 127, in __getattr__
    return getattr(self._final_estimator, name)
           ^^^^^^^^^^^^^^^^^^^^^^^^^^^^^^^^^^^^
  File "c:\Users\DELL\anaconda3\envs\p11_env\Lib\site-packages\sklearn\utils\_available_if.py", line 32, in __get__
    if not self.check(obj):
           ^^^^^^^^^^^^^^^
  File "c:\Users\DELL\anaconda3\envs\p11_env\Lib\site-packages\sklearn\linear_model\_stochastic_gradient.py", line 1235, in _check_proba
    raise AttributeError(
AttributeError: probability estimates are not available for loss='hinge'

  warnings.warn(

2026-06-15 20:25:11,105:WARNING:c:\Users\DELL\anaconda3\envs\p11_env\Lib\site-packages\pycaret\internal\metrics.py:190: FitFailedWarning: Metric 'make_scorer(roc_auc_score, needs_proba=True, error_score=0.0, average=weighted, multi_class=ovr)' failed and error score 0.0 has been returned instead. If this is a custom metric, this usually means that the error is in the metric code. Full exception below:
Traceback (most recent call last):
  File "c:\Users\DELL\anaconda3\envs\p11_env\Lib\site-packages\sklearn\metrics\_scorer.py", line 76, in _cached_call
    return cache[method]
           ~~~~~^^^^^^^^
KeyError: 'predict_proba'

During handling of the above exception, another exception occurred:

Traceback (most recent call last):
  File "c:\Users\DELL\anaconda3\envs\p11_env\Lib\site-packages\pycaret\internal\metrics.py", line 182, in _score
    return super()._score(
           ^^^^^^^^^^^^^^^
  File "c:\Users\DELL\anaconda3\envs\p11_env\Lib\site-packages\sklearn\metrics\_scorer.py", line 316, in _score
    y_pred = method_caller(clf, "predict_proba", X)
             ^^^^^^^^^^^^^^^^^^^^^^^^^^^^^^^^^^^^^^
  File "c:\Users\DELL\anaconda3\envs\p11_env\Lib\site-packages\sklearn\metrics\_scorer.py", line 78, in _cached_call
    result = getattr(estimator, method)(*args, **kwargs)
             ^^^^^^^^^^^^^^^^^^^^^^^^^^
  File "c:\Users\DELL\anaconda3\envs\p11_env\Lib\site-packages\pycaret\internal\pipeline.py", line 127, in __getattr__
    return getattr(self._final_estimator, name)
           ^^^^^^^^^^^^^^^^^^^^^^^^^^^^^^^^^^^^
  File "c:\Users\DELL\anaconda3\envs\p11_env\Lib\site-packages\sklearn\utils\_available_if.py", line 32, in __get__
    if not self.check(obj):
           ^^^^^^^^^^^^^^^
  File "c:\Users\DELL\anaconda3\envs\p11_env\Lib\site-packages\sklearn\linear_model\_stochastic_gradient.py", line 1235, in _check_proba
    raise AttributeError(
AttributeError: probability estimates are not available for loss='hinge'

  warnings.warn(

2026-06-15 20:25:11,186:WARNING:c:\Users\DELL\anaconda3\envs\p11_env\Lib\site-packages\pycaret\internal\metrics.py:190: FitFailedWarning: Metric 'make_scorer(roc_auc_score, needs_proba=True, error_score=0.0, average=weighted, multi_class=ovr)' failed and error score 0.0 has been returned instead. If this is a custom metric, this usually means that the error is in the metric code. Full exception below:
Traceback (most recent call last):
  File "c:\Users\DELL\anaconda3\envs\p11_env\Lib\site-packages\sklearn\metrics\_scorer.py", line 76, in _cached_call
    return cache[method]
           ~~~~~^^^^^^^^
KeyError: 'predict_proba'

During handling of the above exception, another exception occurred:

Traceback (most recent call last):
  File "c:\Users\DELL\anaconda3\envs\p11_env\Lib\site-packages\pycaret\internal\metrics.py", line 182, in _score
    return super()._score(
           ^^^^^^^^^^^^^^^
  File "c:\Users\DELL\anaconda3\envs\p11_env\Lib\site-packages\sklearn\metrics\_scorer.py", line 316, in _score
    y_pred = method_caller(clf, "predict_proba", X)
             ^^^^^^^^^^^^^^^^^^^^^^^^^^^^^^^^^^^^^^
  File "c:\Users\DELL\anaconda3\envs\p11_env\Lib\site-packages\sklearn\metrics\_scorer.py", line 78, in _cached_call
    result = getattr(estimator, method)(*args, **kwargs)
             ^^^^^^^^^^^^^^^^^^^^^^^^^^
  File "c:\Users\DELL\anaconda3\envs\p11_env\Lib\site-packages\pycaret\internal\pipeline.py", line 127, in __getattr__
    return getattr(self._final_estimator, name)
           ^^^^^^^^^^^^^^^^^^^^^^^^^^^^^^^^^^^^
  File "c:\Users\DELL\anaconda3\envs\p11_env\Lib\site-packages\sklearn\utils\_available_if.py", line 32, in __get__
    if not self.check(obj):
           ^^^^^^^^^^^^^^^
  File "c:\Users\DELL\anaconda3\envs\p11_env\Lib\site-packages\sklearn\linear_model\_stochastic_gradient.py", line 1235, in _check_proba
    raise AttributeError(
AttributeError: probability estimates are not available for loss='hinge'

  warnings.warn(

2026-06-15 20:25:11,194:WARNING:c:\Users\DELL\anaconda3\envs\p11_env\Lib\site-packages\pycaret\internal\metrics.py:190: FitFailedWarning: Metric 'make_scorer(roc_auc_score, needs_proba=True, error_score=0.0, average=weighted, multi_class=ovr)' failed and error score 0.0 has been returned instead. If this is a custom metric, this usually means that the error is in the metric code. Full exception below:
Traceback (most recent call last):
  File "c:\Users\DELL\anaconda3\envs\p11_env\Lib\site-packages\sklearn\metrics\_scorer.py", line 76, in _cached_call
    return cache[method]
           ~~~~~^^^^^^^^
KeyError: 'predict_proba'

During handling of the above exception, another exception occurred:

Traceback (most recent call last):
  File "c:\Users\DELL\anaconda3\envs\p11_env\Lib\site-packages\pycaret\internal\metrics.py", line 182, in _score
    return super()._score(
           ^^^^^^^^^^^^^^^
  File "c:\Users\DELL\anaconda3\envs\p11_env\Lib\site-packages\sklearn\metrics\_scorer.py", line 316, in _score
    y_pred = method_caller(clf, "predict_proba", X)
             ^^^^^^^^^^^^^^^^^^^^^^^^^^^^^^^^^^^^^^
  File "c:\Users\DELL\anaconda3\envs\p11_env\Lib\site-packages\sklearn\metrics\_scorer.py", line 78, in _cached_call
    result = getattr(estimator, method)(*args, **kwargs)
             ^^^^^^^^^^^^^^^^^^^^^^^^^^
  File "c:\Users\DELL\anaconda3\envs\p11_env\Lib\site-packages\pycaret\internal\pipeline.py", line 127, in __getattr__
    return getattr(self._final_estimator, name)
           ^^^^^^^^^^^^^^^^^^^^^^^^^^^^^^^^^^^^
  File "c:\Users\DELL\anaconda3\envs\p11_env\Lib\site-packages\sklearn\utils\_available_if.py", line 32, in __get__
    if not self.check(obj):
           ^^^^^^^^^^^^^^^
  File "c:\Users\DELL\anaconda3\envs\p11_env\Lib\site-packages\sklearn\linear_model\_stochastic_gradient.py", line 1235, in _check_proba
    raise AttributeError(
AttributeError: probability estimates are not available for loss='hinge'

  warnings.warn(

2026-06-15 20:25:11,340:WARNING:c:\Users\DELL\anaconda3\envs\p11_env\Lib\site-packages\pycaret\internal\metrics.py:190: FitFailedWarning: Metric 'make_scorer(roc_auc_score, needs_proba=True, error_score=0.0, average=weighted, multi_class=ovr)' failed and error score 0.0 has been returned instead. If this is a custom metric, this usually means that the error is in the metric code. Full exception below:
Traceback (most recent call last):
  File "c:\Users\DELL\anaconda3\envs\p11_env\Lib\site-packages\sklearn\metrics\_scorer.py", line 76, in _cached_call
    return cache[method]
           ~~~~~^^^^^^^^
KeyError: 'predict_proba'

During handling of the above exception, another exception occurred:

Traceback (most recent call last):
  File "c:\Users\DELL\anaconda3\envs\p11_env\Lib\site-packages\pycaret\internal\metrics.py", line 182, in _score
    return super()._score(
           ^^^^^^^^^^^^^^^
  File "c:\Users\DELL\anaconda3\envs\p11_env\Lib\site-packages\sklearn\metrics\_scorer.py", line 316, in _score
    y_pred = method_caller(clf, "predict_proba", X)
             ^^^^^^^^^^^^^^^^^^^^^^^^^^^^^^^^^^^^^^
  File "c:\Users\DELL\anaconda3\envs\p11_env\Lib\site-packages\sklearn\metrics\_scorer.py", line 78, in _cached_call
    result = getattr(estimator, method)(*args, **kwargs)
             ^^^^^^^^^^^^^^^^^^^^^^^^^^
  File "c:\Users\DELL\anaconda3\envs\p11_env\Lib\site-packages\pycaret\internal\pipeline.py", line 127, in __getattr__
    return getattr(self._final_estimator, name)
           ^^^^^^^^^^^^^^^^^^^^^^^^^^^^^^^^^^^^
  File "c:\Users\DELL\anaconda3\envs\p11_env\Lib\site-packages\sklearn\utils\_available_if.py", line 32, in __get__
    if not self.check(obj):
           ^^^^^^^^^^^^^^^
  File "c:\Users\DELL\anaconda3\envs\p11_env\Lib\site-packages\sklearn\linear_model\_stochastic_gradient.py", line 1235, in _check_proba
    raise AttributeError(
AttributeError: probability estimates are not available for loss='hinge'

  warnings.warn(

2026-06-15 20:25:11,661:WARNING:c:\Users\DELL\anaconda3\envs\p11_env\Lib\site-packages\pycaret\internal\metrics.py:190: FitFailedWarning: Metric 'make_scorer(roc_auc_score, needs_proba=True, error_score=0.0, average=weighted, multi_class=ovr)' failed and error score 0.0 has been returned instead. If this is a custom metric, this usually means that the error is in the metric code. Full exception below:
Traceback (most recent call last):
  File "c:\Users\DELL\anaconda3\envs\p11_env\Lib\site-packages\sklearn\metrics\_scorer.py", line 76, in _cached_call
    return cache[method]
           ~~~~~^^^^^^^^
KeyError: 'predict_proba'

During handling of the above exception, another exception occurred:

Traceback (most recent call last):
  File "c:\Users\DELL\anaconda3\envs\p11_env\Lib\site-packages\pycaret\internal\metrics.py", line 182, in _score
    return super()._score(
           ^^^^^^^^^^^^^^^
  File "c:\Users\DELL\anaconda3\envs\p11_env\Lib\site-packages\sklearn\metrics\_scorer.py", line 316, in _score
    y_pred = method_caller(clf, "predict_proba", X)
             ^^^^^^^^^^^^^^^^^^^^^^^^^^^^^^^^^^^^^^
  File "c:\Users\DELL\anaconda3\envs\p11_env\Lib\site-packages\sklearn\metrics\_scorer.py", line 78, in _cached_call
    result = getattr(estimator, method)(*args, **kwargs)
             ^^^^^^^^^^^^^^^^^^^^^^^^^^
  File "c:\Users\DELL\anaconda3\envs\p11_env\Lib\site-packages\pycaret\internal\pipeline.py", line 127, in __getattr__
    return getattr(self._final_estimator, name)
           ^^^^^^^^^^^^^^^^^^^^^^^^^^^^^^^^^^^^
  File "c:\Users\DELL\anaconda3\envs\p11_env\Lib\site-packages\sklearn\utils\_available_if.py", line 32, in __get__
    if not self.check(obj):
           ^^^^^^^^^^^^^^^
  File "c:\Users\DELL\anaconda3\envs\p11_env\Lib\site-packages\sklearn\linear_model\_stochastic_gradient.py", line 1235, in _check_proba
    raise AttributeError(
AttributeError: probability estimates are not available for loss='hinge'

  warnings.warn(

2026-06-15 20:25:11,886:WARNING:c:\Users\DELL\anaconda3\envs\p11_env\Lib\site-packages\pycaret\internal\metrics.py:190: FitFailedWarning: Metric 'make_scorer(roc_auc_score, needs_proba=True, error_score=0.0, average=weighted, multi_class=ovr)' failed and error score 0.0 has been returned instead. If this is a custom metric, this usually means that the error is in the metric code. Full exception below:
Traceback (most recent call last):
  File "c:\Users\DELL\anaconda3\envs\p11_env\Lib\site-packages\sklearn\metrics\_scorer.py", line 76, in _cached_call
    return cache[method]
           ~~~~~^^^^^^^^
KeyError: 'predict_proba'

During handling of the above exception, another exception occurred:

Traceback (most recent call last):
  File "c:\Users\DELL\anaconda3\envs\p11_env\Lib\site-packages\pycaret\internal\metrics.py", line 182, in _score
    return super()._score(
           ^^^^^^^^^^^^^^^
  File "c:\Users\DELL\anaconda3\envs\p11_env\Lib\site-packages\sklearn\metrics\_scorer.py", line 316, in _score
    y_pred = method_caller(clf, "predict_proba", X)
             ^^^^^^^^^^^^^^^^^^^^^^^^^^^^^^^^^^^^^^
  File "c:\Users\DELL\anaconda3\envs\p11_env\Lib\site-packages\sklearn\metrics\_scorer.py", line 78, in _cached_call
    result = getattr(estimator, method)(*args, **kwargs)
             ^^^^^^^^^^^^^^^^^^^^^^^^^^
  File "c:\Users\DELL\anaconda3\envs\p11_env\Lib\site-packages\pycaret\internal\pipeline.py", line 127, in __getattr__
    return getattr(self._final_estimator, name)
           ^^^^^^^^^^^^^^^^^^^^^^^^^^^^^^^^^^^^
  File "c:\Users\DELL\anaconda3\envs\p11_env\Lib\site-packages\sklearn\utils\_available_if.py", line 32, in __get__
    if not self.check(obj):
           ^^^^^^^^^^^^^^^
  File "c:\Users\DELL\anaconda3\envs\p11_env\Lib\site-packages\sklearn\linear_model\_stochastic_gradient.py", line 1235, in _check_proba
    raise AttributeError(
AttributeError: probability estimates are not available for loss='hinge'

  warnings.warn(

2026-06-15 20:25:20,861:WARNING:c:\Users\DELL\anaconda3\envs\p11_env\Lib\site-packages\pycaret\internal\metrics.py:190: FitFailedWarning: Metric 'make_scorer(roc_auc_score, needs_proba=True, error_score=0.0, average=weighted, multi_class=ovr)' failed and error score 0.0 has been returned instead. If this is a custom metric, this usually means that the error is in the metric code. Full exception below:
Traceback (most recent call last):
  File "c:\Users\DELL\anaconda3\envs\p11_env\Lib\site-packages\sklearn\metrics\_scorer.py", line 76, in _cached_call
    return cache[method]
           ~~~~~^^^^^^^^
KeyError: 'predict_proba'

During handling of the above exception, another exception occurred:

Traceback (most recent call last):
  File "c:\Users\DELL\anaconda3\envs\p11_env\Lib\site-packages\pycaret\internal\metrics.py", line 182, in _score
    return super()._score(
           ^^^^^^^^^^^^^^^
  File "c:\Users\DELL\anaconda3\envs\p11_env\Lib\site-packages\sklearn\metrics\_scorer.py", line 316, in _score
    y_pred = method_caller(clf, "predict_proba", X)
             ^^^^^^^^^^^^^^^^^^^^^^^^^^^^^^^^^^^^^^
  File "c:\Users\DELL\anaconda3\envs\p11_env\Lib\site-packages\sklearn\metrics\_scorer.py", line 78, in _cached_call
    result = getattr(estimator, method)(*args, **kwargs)
             ^^^^^^^^^^^^^^^^^^^^^^^^^^
  File "c:\Users\DELL\anaconda3\envs\p11_env\Lib\site-packages\pycaret\internal\pipeline.py", line 127, in __getattr__
    return getattr(self._final_estimator, name)
           ^^^^^^^^^^^^^^^^^^^^^^^^^^^^^^^^^^^^
  File "c:\Users\DELL\anaconda3\envs\p11_env\Lib\site-packages\sklearn\utils\_available_if.py", line 32, in __get__
    if not self.check(obj):
           ^^^^^^^^^^^^^^^
  File "c:\Users\DELL\anaconda3\envs\p11_env\Lib\site-packages\sklearn\linear_model\_stochastic_gradient.py", line 1235, in _check_proba
    raise AttributeError(
AttributeError: probability estimates are not available for loss='hinge'

  warnings.warn(

2026-06-15 20:25:21,195:WARNING:c:\Users\DELL\anaconda3\envs\p11_env\Lib\site-packages\pycaret\internal\metrics.py:190: FitFailedWarning: Metric 'make_scorer(roc_auc_score, needs_proba=True, error_score=0.0, average=weighted, multi_class=ovr)' failed and error score 0.0 has been returned instead. If this is a custom metric, this usually means that the error is in the metric code. Full exception below:
Traceback (most recent call last):
  File "c:\Users\DELL\anaconda3\envs\p11_env\Lib\site-packages\sklearn\metrics\_scorer.py", line 76, in _cached_call
    return cache[method]
           ~~~~~^^^^^^^^
KeyError: 'predict_proba'

During handling of the above exception, another exception occurred:

Traceback (most recent call last):
  File "c:\Users\DELL\anaconda3\envs\p11_env\Lib\site-packages\pycaret\internal\metrics.py", line 182, in _score
    return super()._score(
           ^^^^^^^^^^^^^^^
  File "c:\Users\DELL\anaconda3\envs\p11_env\Lib\site-packages\sklearn\metrics\_scorer.py", line 316, in _score
    y_pred = method_caller(clf, "predict_proba", X)
             ^^^^^^^^^^^^^^^^^^^^^^^^^^^^^^^^^^^^^^
  File "c:\Users\DELL\anaconda3\envs\p11_env\Lib\site-packages\sklearn\metrics\_scorer.py", line 78, in _cached_call
    result = getattr(estimator, method)(*args, **kwargs)
             ^^^^^^^^^^^^^^^^^^^^^^^^^^
  File "c:\Users\DELL\anaconda3\envs\p11_env\Lib\site-packages\pycaret\internal\pipeline.py", line 127, in __getattr__
    return getattr(self._final_estimator, name)
           ^^^^^^^^^^^^^^^^^^^^^^^^^^^^^^^^^^^^
  File "c:\Users\DELL\anaconda3\envs\p11_env\Lib\site-packages\sklearn\utils\_available_if.py", line 32, in __get__
    if not self.check(obj):
           ^^^^^^^^^^^^^^^
  File "c:\Users\DELL\anaconda3\envs\p11_env\Lib\site-packages\sklearn\linear_model\_stochastic_gradient.py", line 1235, in _check_proba
    raise AttributeError(
AttributeError: probability estimates are not available for loss='hinge'

  warnings.warn(

2026-06-15 20:25:21,531:INFO:Calculating mean and std
2026-06-15 20:25:21,531:INFO:Creating metrics dataframe
2026-06-15 20:25:21,535:INFO:Uploading results into container
2026-06-15 20:25:21,535:INFO:Uploading model into container now
2026-06-15 20:25:21,537:INFO:_master_model_container: 5
2026-06-15 20:25:21,537:INFO:_display_container: 2
2026-06-15 20:25:21,537:INFO:SGDClassifier(alpha=0.0001, average=False, class_weight=None,
              early_stopping=False, epsilon=0.1, eta0=0.001, fit_intercept=True,
              l1_ratio=0.15, learning_rate='optimal', loss='hinge',
              max_iter=1000, n_iter_no_change=5, n_jobs=-1, penalty='l2',
              power_t=0.5, random_state=40, shuffle=True, tol=0.001,
              validation_fraction=0.1, verbose=0, warm_start=False)
2026-06-15 20:25:21,537:INFO:create_model() successfully completed......................................
2026-06-15 20:25:22,278:INFO:SubProcess create_model() end ==================================
2026-06-15 20:25:22,278:INFO:Creating metrics dataframe
2026-06-15 20:25:22,295:INFO:Initializing Ridge Classifier
2026-06-15 20:25:22,295:INFO:Total runtime is 11.186116715272268 minutes
2026-06-15 20:25:22,295:INFO:SubProcess create_model() called ==================================
2026-06-15 20:25:22,295:INFO:Initializing create_model()
2026-06-15 20:25:22,295:INFO:create_model(self=<pycaret.classification.oop.ClassificationExperiment object at 0x000001431C02A390>, estimator=ridge, fold=StratifiedKFold(n_splits=10, random_state=None, shuffle=False), round=4, cross_validation=True, predict=True, fit_kwargs={}, groups=None, refit=False, probability_threshold=None, experiment_custom_tags=None, verbose=False, system=False, add_to_model_list=True, metrics=None, display=<pycaret.internal.display.display.CommonDisplay object at 0x0000014327C15FD0>, model_only=True, return_train_score=False, error_score=0.0, kwargs={})
2026-06-15 20:25:22,295:INFO:Checking exceptions
2026-06-15 20:25:22,295:INFO:Importing libraries
2026-06-15 20:25:22,295:INFO:Copying training dataset
2026-06-15 20:25:22,446:INFO:Defining folds
2026-06-15 20:25:22,446:INFO:Declaring metric variables
2026-06-15 20:25:22,446:INFO:Importing untrained model
2026-06-15 20:25:22,463:INFO:Ridge Classifier Imported successfully
2026-06-15 20:25:22,463:INFO:Starting cross validation
2026-06-15 20:25:22,463:INFO:Cross validating with StratifiedKFold(n_splits=10, random_state=None, shuffle=False), n_jobs=-1
2026-06-15 20:25:40,392:WARNING:c:\Users\DELL\anaconda3\envs\p11_env\Lib\site-packages\pycaret\internal\metrics.py:190: FitFailedWarning: Metric 'make_scorer(roc_auc_score, needs_proba=True, error_score=0.0, average=weighted, multi_class=ovr)' failed and error score 0.0 has been returned instead. If this is a custom metric, this usually means that the error is in the metric code. Full exception below:
Traceback (most recent call last):
  File "c:\Users\DELL\anaconda3\envs\p11_env\Lib\site-packages\sklearn\metrics\_scorer.py", line 76, in _cached_call
    return cache[method]
           ~~~~~^^^^^^^^
KeyError: 'predict_proba'

During handling of the above exception, another exception occurred:

Traceback (most recent call last):
  File "c:\Users\DELL\anaconda3\envs\p11_env\Lib\site-packages\pycaret\internal\metrics.py", line 182, in _score
    return super()._score(
           ^^^^^^^^^^^^^^^
  File "c:\Users\DELL\anaconda3\envs\p11_env\Lib\site-packages\sklearn\metrics\_scorer.py", line 316, in _score
    y_pred = method_caller(clf, "predict_proba", X)
             ^^^^^^^^^^^^^^^^^^^^^^^^^^^^^^^^^^^^^^
  File "c:\Users\DELL\anaconda3\envs\p11_env\Lib\site-packages\sklearn\metrics\_scorer.py", line 78, in _cached_call
    result = getattr(estimator, method)(*args, **kwargs)
             ^^^^^^^^^^^^^^^^^^^^^^^^^^
  File "c:\Users\DELL\anaconda3\envs\p11_env\Lib\site-packages\pycaret\internal\pipeline.py", line 127, in __getattr__
    return getattr(self._final_estimator, name)
           ^^^^^^^^^^^^^^^^^^^^^^^^^^^^^^^^^^^^
AttributeError: 'RidgeClassifier' object has no attribute 'predict_proba'

  warnings.warn(

2026-06-15 20:25:40,438:WARNING:c:\Users\DELL\anaconda3\envs\p11_env\Lib\site-packages\pycaret\internal\metrics.py:190: FitFailedWarning: Metric 'make_scorer(roc_auc_score, needs_proba=True, error_score=0.0, average=weighted, multi_class=ovr)' failed and error score 0.0 has been returned instead. If this is a custom metric, this usually means that the error is in the metric code. Full exception below:
Traceback (most recent call last):
  File "c:\Users\DELL\anaconda3\envs\p11_env\Lib\site-packages\sklearn\metrics\_scorer.py", line 76, in _cached_call
    return cache[method]
           ~~~~~^^^^^^^^
KeyError: 'predict_proba'

During handling of the above exception, another exception occurred:

Traceback (most recent call last):
  File "c:\Users\DELL\anaconda3\envs\p11_env\Lib\site-packages\pycaret\internal\metrics.py", line 182, in _score
    return super()._score(
           ^^^^^^^^^^^^^^^
  File "c:\Users\DELL\anaconda3\envs\p11_env\Lib\site-packages\sklearn\metrics\_scorer.py", line 316, in _score
    y_pred = method_caller(clf, "predict_proba", X)
             ^^^^^^^^^^^^^^^^^^^^^^^^^^^^^^^^^^^^^^
  File "c:\Users\DELL\anaconda3\envs\p11_env\Lib\site-packages\sklearn\metrics\_scorer.py", line 78, in _cached_call
    result = getattr(estimator, method)(*args, **kwargs)
             ^^^^^^^^^^^^^^^^^^^^^^^^^^
  File "c:\Users\DELL\anaconda3\envs\p11_env\Lib\site-packages\pycaret\internal\pipeline.py", line 127, in __getattr__
    return getattr(self._final_estimator, name)
           ^^^^^^^^^^^^^^^^^^^^^^^^^^^^^^^^^^^^
AttributeError: 'RidgeClassifier' object has no attribute 'predict_proba'

  warnings.warn(

2026-06-15 20:25:40,472:WARNING:c:\Users\DELL\anaconda3\envs\p11_env\Lib\site-packages\pycaret\internal\metrics.py:190: FitFailedWarning: Metric 'make_scorer(roc_auc_score, needs_proba=True, error_score=0.0, average=weighted, multi_class=ovr)' failed and error score 0.0 has been returned instead. If this is a custom metric, this usually means that the error is in the metric code. Full exception below:
Traceback (most recent call last):
  File "c:\Users\DELL\anaconda3\envs\p11_env\Lib\site-packages\sklearn\metrics\_scorer.py", line 76, in _cached_call
    return cache[method]
           ~~~~~^^^^^^^^
KeyError: 'predict_proba'

During handling of the above exception, another exception occurred:

Traceback (most recent call last):
  File "c:\Users\DELL\anaconda3\envs\p11_env\Lib\site-packages\pycaret\internal\metrics.py", line 182, in _score
    return super()._score(
           ^^^^^^^^^^^^^^^
  File "c:\Users\DELL\anaconda3\envs\p11_env\Lib\site-packages\sklearn\metrics\_scorer.py", line 316, in _score
    y_pred = method_caller(clf, "predict_proba", X)
             ^^^^^^^^^^^^^^^^^^^^^^^^^^^^^^^^^^^^^^
  File "c:\Users\DELL\anaconda3\envs\p11_env\Lib\site-packages\sklearn\metrics\_scorer.py", line 78, in _cached_call
    result = getattr(estimator, method)(*args, **kwargs)
             ^^^^^^^^^^^^^^^^^^^^^^^^^^
  File "c:\Users\DELL\anaconda3\envs\p11_env\Lib\site-packages\pycaret\internal\pipeline.py", line 127, in __getattr__
    return getattr(self._final_estimator, name)
           ^^^^^^^^^^^^^^^^^^^^^^^^^^^^^^^^^^^^
AttributeError: 'RidgeClassifier' object has no attribute 'predict_proba'

  warnings.warn(

2026-06-15 20:25:40,473:WARNING:c:\Users\DELL\anaconda3\envs\p11_env\Lib\site-packages\pycaret\internal\metrics.py:190: FitFailedWarning: Metric 'make_scorer(roc_auc_score, needs_proba=True, error_score=0.0, average=weighted, multi_class=ovr)' failed and error score 0.0 has been returned instead. If this is a custom metric, this usually means that the error is in the metric code. Full exception below:
Traceback (most recent call last):
  File "c:\Users\DELL\anaconda3\envs\p11_env\Lib\site-packages\sklearn\metrics\_scorer.py", line 76, in _cached_call
    return cache[method]
           ~~~~~^^^^^^^^
KeyError: 'predict_proba'

During handling of the above exception, another exception occurred:

Traceback (most recent call last):
  File "c:\Users\DELL\anaconda3\envs\p11_env\Lib\site-packages\pycaret\internal\metrics.py", line 182, in _score
    return super()._score(
           ^^^^^^^^^^^^^^^
  File "c:\Users\DELL\anaconda3\envs\p11_env\Lib\site-packages\sklearn\metrics\_scorer.py", line 316, in _score
    y_pred = method_caller(clf, "predict_proba", X)
             ^^^^^^^^^^^^^^^^^^^^^^^^^^^^^^^^^^^^^^
  File "c:\Users\DELL\anaconda3\envs\p11_env\Lib\site-packages\sklearn\metrics\_scorer.py", line 78, in _cached_call
    result = getattr(estimator, method)(*args, **kwargs)
             ^^^^^^^^^^^^^^^^^^^^^^^^^^
  File "c:\Users\DELL\anaconda3\envs\p11_env\Lib\site-packages\pycaret\internal\pipeline.py", line 127, in __getattr__
    return getattr(self._final_estimator, name)
           ^^^^^^^^^^^^^^^^^^^^^^^^^^^^^^^^^^^^
AttributeError: 'RidgeClassifier' object has no attribute 'predict_proba'

  warnings.warn(

2026-06-15 20:25:41,404:WARNING:c:\Users\DELL\anaconda3\envs\p11_env\Lib\site-packages\pycaret\internal\metrics.py:190: FitFailedWarning: Metric 'make_scorer(roc_auc_score, needs_proba=True, error_score=0.0, average=weighted, multi_class=ovr)' failed and error score 0.0 has been returned instead. If this is a custom metric, this usually means that the error is in the metric code. Full exception below:
Traceback (most recent call last):
  File "c:\Users\DELL\anaconda3\envs\p11_env\Lib\site-packages\sklearn\metrics\_scorer.py", line 76, in _cached_call
    return cache[method]
           ~~~~~^^^^^^^^
KeyError: 'predict_proba'

During handling of the above exception, another exception occurred:

Traceback (most recent call last):
  File "c:\Users\DELL\anaconda3\envs\p11_env\Lib\site-packages\pycaret\internal\metrics.py", line 182, in _score
    return super()._score(
           ^^^^^^^^^^^^^^^
  File "c:\Users\DELL\anaconda3\envs\p11_env\Lib\site-packages\sklearn\metrics\_scorer.py", line 316, in _score
    y_pred = method_caller(clf, "predict_proba", X)
             ^^^^^^^^^^^^^^^^^^^^^^^^^^^^^^^^^^^^^^
  File "c:\Users\DELL\anaconda3\envs\p11_env\Lib\site-packages\sklearn\metrics\_scorer.py", line 78, in _cached_call
    result = getattr(estimator, method)(*args, **kwargs)
             ^^^^^^^^^^^^^^^^^^^^^^^^^^
  File "c:\Users\DELL\anaconda3\envs\p11_env\Lib\site-packages\pycaret\internal\pipeline.py", line 127, in __getattr__
    return getattr(self._final_estimator, name)
           ^^^^^^^^^^^^^^^^^^^^^^^^^^^^^^^^^^^^
AttributeError: 'RidgeClassifier' object has no attribute 'predict_proba'

  warnings.warn(

2026-06-15 20:25:41,456:WARNING:c:\Users\DELL\anaconda3\envs\p11_env\Lib\site-packages\pycaret\internal\metrics.py:190: FitFailedWarning: Metric 'make_scorer(roc_auc_score, needs_proba=True, error_score=0.0, average=weighted, multi_class=ovr)' failed and error score 0.0 has been returned instead. If this is a custom metric, this usually means that the error is in the metric code. Full exception below:
Traceback (most recent call last):
  File "c:\Users\DELL\anaconda3\envs\p11_env\Lib\site-packages\sklearn\metrics\_scorer.py", line 76, in _cached_call
    return cache[method]
           ~~~~~^^^^^^^^
KeyError: 'predict_proba'

During handling of the above exception, another exception occurred:

Traceback (most recent call last):
  File "c:\Users\DELL\anaconda3\envs\p11_env\Lib\site-packages\pycaret\internal\metrics.py", line 182, in _score
    return super()._score(
           ^^^^^^^^^^^^^^^
  File "c:\Users\DELL\anaconda3\envs\p11_env\Lib\site-packages\sklearn\metrics\_scorer.py", line 316, in _score
    y_pred = method_caller(clf, "predict_proba", X)
             ^^^^^^^^^^^^^^^^^^^^^^^^^^^^^^^^^^^^^^
  File "c:\Users\DELL\anaconda3\envs\p11_env\Lib\site-packages\sklearn\metrics\_scorer.py", line 78, in _cached_call
    result = getattr(estimator, method)(*args, **kwargs)
             ^^^^^^^^^^^^^^^^^^^^^^^^^^
  File "c:\Users\DELL\anaconda3\envs\p11_env\Lib\site-packages\pycaret\internal\pipeline.py", line 127, in __getattr__
    return getattr(self._final_estimator, name)
           ^^^^^^^^^^^^^^^^^^^^^^^^^^^^^^^^^^^^
AttributeError: 'RidgeClassifier' object has no attribute 'predict_proba'

  warnings.warn(

2026-06-15 20:25:41,504:WARNING:c:\Users\DELL\anaconda3\envs\p11_env\Lib\site-packages\pycaret\internal\metrics.py:190: FitFailedWarning: Metric 'make_scorer(roc_auc_score, needs_proba=True, error_score=0.0, average=weighted, multi_class=ovr)' failed and error score 0.0 has been returned instead. If this is a custom metric, this usually means that the error is in the metric code. Full exception below:
Traceback (most recent call last):
  File "c:\Users\DELL\anaconda3\envs\p11_env\Lib\site-packages\sklearn\metrics\_scorer.py", line 76, in _cached_call
    return cache[method]
           ~~~~~^^^^^^^^
KeyError: 'predict_proba'

During handling of the above exception, another exception occurred:

Traceback (most recent call last):
  File "c:\Users\DELL\anaconda3\envs\p11_env\Lib\site-packages\pycaret\internal\metrics.py", line 182, in _score
    return super()._score(
           ^^^^^^^^^^^^^^^
  File "c:\Users\DELL\anaconda3\envs\p11_env\Lib\site-packages\sklearn\metrics\_scorer.py", line 316, in _score
    y_pred = method_caller(clf, "predict_proba", X)
             ^^^^^^^^^^^^^^^^^^^^^^^^^^^^^^^^^^^^^^
  File "c:\Users\DELL\anaconda3\envs\p11_env\Lib\site-packages\sklearn\metrics\_scorer.py", line 78, in _cached_call
    result = getattr(estimator, method)(*args, **kwargs)
             ^^^^^^^^^^^^^^^^^^^^^^^^^^
  File "c:\Users\DELL\anaconda3\envs\p11_env\Lib\site-packages\pycaret\internal\pipeline.py", line 127, in __getattr__
    return getattr(self._final_estimator, name)
           ^^^^^^^^^^^^^^^^^^^^^^^^^^^^^^^^^^^^
AttributeError: 'RidgeClassifier' object has no attribute 'predict_proba'

  warnings.warn(

2026-06-15 20:25:41,537:WARNING:c:\Users\DELL\anaconda3\envs\p11_env\Lib\site-packages\pycaret\internal\metrics.py:190: FitFailedWarning: Metric 'make_scorer(roc_auc_score, needs_proba=True, error_score=0.0, average=weighted, multi_class=ovr)' failed and error score 0.0 has been returned instead. If this is a custom metric, this usually means that the error is in the metric code. Full exception below:
Traceback (most recent call last):
  File "c:\Users\DELL\anaconda3\envs\p11_env\Lib\site-packages\sklearn\metrics\_scorer.py", line 76, in _cached_call
    return cache[method]
           ~~~~~^^^^^^^^
KeyError: 'predict_proba'

During handling of the above exception, another exception occurred:

Traceback (most recent call last):
  File "c:\Users\DELL\anaconda3\envs\p11_env\Lib\site-packages\pycaret\internal\metrics.py", line 182, in _score
    return super()._score(
           ^^^^^^^^^^^^^^^
  File "c:\Users\DELL\anaconda3\envs\p11_env\Lib\site-packages\sklearn\metrics\_scorer.py", line 316, in _score
    y_pred = method_caller(clf, "predict_proba", X)
             ^^^^^^^^^^^^^^^^^^^^^^^^^^^^^^^^^^^^^^
  File "c:\Users\DELL\anaconda3\envs\p11_env\Lib\site-packages\sklearn\metrics\_scorer.py", line 78, in _cached_call
    result = getattr(estimator, method)(*args, **kwargs)
             ^^^^^^^^^^^^^^^^^^^^^^^^^^
  File "c:\Users\DELL\anaconda3\envs\p11_env\Lib\site-packages\pycaret\internal\pipeline.py", line 127, in __getattr__
    return getattr(self._final_estimator, name)
           ^^^^^^^^^^^^^^^^^^^^^^^^^^^^^^^^^^^^
AttributeError: 'RidgeClassifier' object has no attribute 'predict_proba'

  warnings.warn(

2026-06-15 20:25:47,609:WARNING:c:\Users\DELL\anaconda3\envs\p11_env\Lib\site-packages\pycaret\internal\metrics.py:190: FitFailedWarning: Metric 'make_scorer(roc_auc_score, needs_proba=True, error_score=0.0, average=weighted, multi_class=ovr)' failed and error score 0.0 has been returned instead. If this is a custom metric, this usually means that the error is in the metric code. Full exception below:
Traceback (most recent call last):
  File "c:\Users\DELL\anaconda3\envs\p11_env\Lib\site-packages\sklearn\metrics\_scorer.py", line 76, in _cached_call
    return cache[method]
           ~~~~~^^^^^^^^
KeyError: 'predict_proba'

During handling of the above exception, another exception occurred:

Traceback (most recent call last):
  File "c:\Users\DELL\anaconda3\envs\p11_env\Lib\site-packages\pycaret\internal\metrics.py", line 182, in _score
    return super()._score(
           ^^^^^^^^^^^^^^^
  File "c:\Users\DELL\anaconda3\envs\p11_env\Lib\site-packages\sklearn\metrics\_scorer.py", line 316, in _score
    y_pred = method_caller(clf, "predict_proba", X)
             ^^^^^^^^^^^^^^^^^^^^^^^^^^^^^^^^^^^^^^
  File "c:\Users\DELL\anaconda3\envs\p11_env\Lib\site-packages\sklearn\metrics\_scorer.py", line 78, in _cached_call
    result = getattr(estimator, method)(*args, **kwargs)
             ^^^^^^^^^^^^^^^^^^^^^^^^^^
  File "c:\Users\DELL\anaconda3\envs\p11_env\Lib\site-packages\pycaret\internal\pipeline.py", line 127, in __getattr__
    return getattr(self._final_estimator, name)
           ^^^^^^^^^^^^^^^^^^^^^^^^^^^^^^^^^^^^
AttributeError: 'RidgeClassifier' object has no attribute 'predict_proba'

  warnings.warn(

2026-06-15 20:25:47,620:WARNING:c:\Users\DELL\anaconda3\envs\p11_env\Lib\site-packages\pycaret\internal\metrics.py:190: FitFailedWarning: Metric 'make_scorer(roc_auc_score, needs_proba=True, error_score=0.0, average=weighted, multi_class=ovr)' failed and error score 0.0 has been returned instead. If this is a custom metric, this usually means that the error is in the metric code. Full exception below:
Traceback (most recent call last):
  File "c:\Users\DELL\anaconda3\envs\p11_env\Lib\site-packages\sklearn\metrics\_scorer.py", line 76, in _cached_call
    return cache[method]
           ~~~~~^^^^^^^^
KeyError: 'predict_proba'

During handling of the above exception, another exception occurred:

Traceback (most recent call last):
  File "c:\Users\DELL\anaconda3\envs\p11_env\Lib\site-packages\pycaret\internal\metrics.py", line 182, in _score
    return super()._score(
           ^^^^^^^^^^^^^^^
  File "c:\Users\DELL\anaconda3\envs\p11_env\Lib\site-packages\sklearn\metrics\_scorer.py", line 316, in _score
    y_pred = method_caller(clf, "predict_proba", X)
             ^^^^^^^^^^^^^^^^^^^^^^^^^^^^^^^^^^^^^^
  File "c:\Users\DELL\anaconda3\envs\p11_env\Lib\site-packages\sklearn\metrics\_scorer.py", line 78, in _cached_call
    result = getattr(estimator, method)(*args, **kwargs)
             ^^^^^^^^^^^^^^^^^^^^^^^^^^
  File "c:\Users\DELL\anaconda3\envs\p11_env\Lib\site-packages\pycaret\internal\pipeline.py", line 127, in __getattr__
    return getattr(self._final_estimator, name)
           ^^^^^^^^^^^^^^^^^^^^^^^^^^^^^^^^^^^^
AttributeError: 'RidgeClassifier' object has no attribute 'predict_proba'

  warnings.warn(

2026-06-15 20:25:47,754:INFO:Calculating mean and std
2026-06-15 20:25:47,754:INFO:Creating metrics dataframe
2026-06-15 20:25:47,754:INFO:Uploading results into container
2026-06-15 20:25:47,754:INFO:Uploading model into container now
2026-06-15 20:25:47,754:INFO:_master_model_container: 6
2026-06-15 20:25:47,754:INFO:_display_container: 2
2026-06-15 20:25:47,754:INFO:RidgeClassifier(alpha=1.0, class_weight=None, copy_X=True, fit_intercept=True,
                max_iter=None, positive=False, random_state=40, solver='auto',
                tol=0.0001)
2026-06-15 20:25:47,754:INFO:create_model() successfully completed......................................
2026-06-15 20:25:48,469:INFO:SubProcess create_model() end ==================================
2026-06-15 20:25:48,469:INFO:Creating metrics dataframe
2026-06-15 20:25:48,469:INFO:Initializing Random Forest Classifier
2026-06-15 20:25:48,469:INFO:Total runtime is 11.622355429331462 minutes
2026-06-15 20:25:48,469:INFO:SubProcess create_model() called ==================================
2026-06-15 20:25:48,469:INFO:Initializing create_model()
2026-06-15 20:25:48,469:INFO:create_model(self=<pycaret.classification.oop.ClassificationExperiment object at 0x000001431C02A390>, estimator=rf, fold=StratifiedKFold(n_splits=10, random_state=None, shuffle=False), round=4, cross_validation=True, predict=True, fit_kwargs={}, groups=None, refit=False, probability_threshold=None, experiment_custom_tags=None, verbose=False, system=False, add_to_model_list=True, metrics=None, display=<pycaret.internal.display.display.CommonDisplay object at 0x0000014327C15FD0>, model_only=True, return_train_score=False, error_score=0.0, kwargs={})
2026-06-15 20:25:48,469:INFO:Checking exceptions
2026-06-15 20:25:48,485:INFO:Importing libraries
2026-06-15 20:25:48,485:INFO:Copying training dataset
2026-06-15 20:25:48,620:INFO:Defining folds
2026-06-15 20:25:48,620:INFO:Declaring metric variables
2026-06-15 20:25:48,620:INFO:Importing untrained model
2026-06-15 20:25:48,632:INFO:Random Forest Classifier Imported successfully
2026-06-15 20:25:48,638:INFO:Starting cross validation
2026-06-15 20:25:48,638:INFO:Cross validating with StratifiedKFold(n_splits=10, random_state=None, shuffle=False), n_jobs=-1
2026-06-15 20:45:55,799:INFO:Calculating mean and std
2026-06-15 20:45:55,799:INFO:Creating metrics dataframe
2026-06-15 20:45:55,807:INFO:Uploading results into container
2026-06-15 20:45:55,807:INFO:Uploading model into container now
2026-06-15 20:45:55,807:INFO:_master_model_container: 7
2026-06-15 20:45:55,810:INFO:_display_container: 2
2026-06-15 20:45:55,812:INFO:RandomForestClassifier(bootstrap=True, ccp_alpha=0.0, class_weight=None,
                       criterion='gini', max_depth=None, max_features='sqrt',
                       max_leaf_nodes=None, max_samples=None,
                       min_impurity_decrease=0.0, min_samples_leaf=1,
                       min_samples_split=2, min_weight_fraction_leaf=0.0,
                       n_estimators=100, n_jobs=-1, oob_score=False,
                       random_state=40, verbose=0, warm_start=False)
2026-06-15 20:45:55,812:INFO:create_model() successfully completed......................................
2026-06-15 20:45:56,544:INFO:SubProcess create_model() end ==================================
2026-06-15 20:45:56,544:INFO:Creating metrics dataframe
2026-06-15 20:45:56,561:INFO:Initializing Quadratic Discriminant Analysis
2026-06-15 20:45:56,561:INFO:Total runtime is 31.757210036118828 minutes
2026-06-15 20:45:56,561:INFO:SubProcess create_model() called ==================================
2026-06-15 20:45:56,561:INFO:Initializing create_model()
2026-06-15 20:45:56,561:INFO:create_model(self=<pycaret.classification.oop.ClassificationExperiment object at 0x000001431C02A390>, estimator=qda, fold=StratifiedKFold(n_splits=10, random_state=None, shuffle=False), round=4, cross_validation=True, predict=True, fit_kwargs={}, groups=None, refit=False, probability_threshold=None, experiment_custom_tags=None, verbose=False, system=False, add_to_model_list=True, metrics=None, display=<pycaret.internal.display.display.CommonDisplay object at 0x0000014327C15FD0>, model_only=True, return_train_score=False, error_score=0.0, kwargs={})
2026-06-15 20:45:56,561:INFO:Checking exceptions
2026-06-15 20:45:56,561:INFO:Importing libraries
2026-06-15 20:45:56,561:INFO:Copying training dataset
2026-06-15 20:45:56,697:INFO:Defining folds
2026-06-15 20:45:56,697:INFO:Declaring metric variables
2026-06-15 20:45:56,697:INFO:Importing untrained model
2026-06-15 20:45:56,714:INFO:Quadratic Discriminant Analysis Imported successfully
2026-06-15 20:45:56,714:INFO:Starting cross validation
2026-06-15 20:45:56,714:INFO:Cross validating with StratifiedKFold(n_splits=10, random_state=None, shuffle=False), n_jobs=-1
2026-06-15 20:46:16,583:WARNING:c:\Users\DELL\anaconda3\envs\p11_env\Lib\site-packages\sklearn\discriminant_analysis.py:926: UserWarning: Variables are collinear
  warnings.warn("Variables are collinear")

2026-06-15 20:46:16,589:WARNING:c:\Users\DELL\anaconda3\envs\p11_env\Lib\site-packages\sklearn\discriminant_analysis.py:926: UserWarning: Variables are collinear
  warnings.warn("Variables are collinear")

2026-06-15 20:46:16,611:WARNING:c:\Users\DELL\anaconda3\envs\p11_env\Lib\site-packages\sklearn\discriminant_analysis.py:926: UserWarning: Variables are collinear
  warnings.warn("Variables are collinear")

2026-06-15 20:46:16,733:WARNING:c:\Users\DELL\anaconda3\envs\p11_env\Lib\site-packages\sklearn\discriminant_analysis.py:926: UserWarning: Variables are collinear
  warnings.warn("Variables are collinear")

2026-06-15 20:46:17,937:WARNING:c:\Users\DELL\anaconda3\envs\p11_env\Lib\site-packages\sklearn\discriminant_analysis.py:926: UserWarning: Variables are collinear
  warnings.warn("Variables are collinear")

2026-06-15 20:46:17,977:WARNING:c:\Users\DELL\anaconda3\envs\p11_env\Lib\site-packages\sklearn\discriminant_analysis.py:926: UserWarning: Variables are collinear
  warnings.warn("Variables are collinear")

2026-06-15 20:46:18,244:WARNING:c:\Users\DELL\anaconda3\envs\p11_env\Lib\site-packages\sklearn\discriminant_analysis.py:926: UserWarning: Variables are collinear
  warnings.warn("Variables are collinear")

2026-06-15 20:46:18,380:WARNING:c:\Users\DELL\anaconda3\envs\p11_env\Lib\site-packages\sklearn\discriminant_analysis.py:926: UserWarning: Variables are collinear
  warnings.warn("Variables are collinear")

2026-06-15 20:46:28,484:WARNING:c:\Users\DELL\anaconda3\envs\p11_env\Lib\site-packages\sklearn\discriminant_analysis.py:926: UserWarning: Variables are collinear
  warnings.warn("Variables are collinear")

2026-06-15 20:46:28,536:WARNING:c:\Users\DELL\anaconda3\envs\p11_env\Lib\site-packages\sklearn\discriminant_analysis.py:926: UserWarning: Variables are collinear
  warnings.warn("Variables are collinear")

2026-06-15 20:46:29,886:INFO:Calculating mean and std
2026-06-15 20:46:29,886:INFO:Creating metrics dataframe
2026-06-15 20:46:29,892:INFO:Uploading results into container
2026-06-15 20:46:29,893:INFO:Uploading model into container now
2026-06-15 20:46:29,893:INFO:_master_model_container: 8
2026-06-15 20:46:29,893:INFO:_display_container: 2
2026-06-15 20:46:29,893:INFO:QuadraticDiscriminantAnalysis(priors=None, reg_param=0.0,
                              store_covariance=False, tol=0.0001)
2026-06-15 20:46:29,893:INFO:create_model() successfully completed......................................
2026-06-15 20:46:30,616:INFO:SubProcess create_model() end ==================================
2026-06-15 20:46:30,616:INFO:Creating metrics dataframe
2026-06-15 20:46:30,616:INFO:Initializing Ada Boost Classifier
2026-06-15 20:46:30,616:INFO:Total runtime is 32.324801778793336 minutes
2026-06-15 20:46:30,631:INFO:SubProcess create_model() called ==================================
2026-06-15 20:46:30,631:INFO:Initializing create_model()
2026-06-15 20:46:30,632:INFO:create_model(self=<pycaret.classification.oop.ClassificationExperiment object at 0x000001431C02A390>, estimator=ada, fold=StratifiedKFold(n_splits=10, random_state=None, shuffle=False), round=4, cross_validation=True, predict=True, fit_kwargs={}, groups=None, refit=False, probability_threshold=None, experiment_custom_tags=None, verbose=False, system=False, add_to_model_list=True, metrics=None, display=<pycaret.internal.display.display.CommonDisplay object at 0x0000014327C15FD0>, model_only=True, return_train_score=False, error_score=0.0, kwargs={})
2026-06-15 20:46:30,632:INFO:Checking exceptions
2026-06-15 20:46:30,632:INFO:Importing libraries
2026-06-15 20:46:30,632:INFO:Copying training dataset
2026-06-15 20:46:30,816:INFO:Defining folds
2026-06-15 20:46:30,816:INFO:Declaring metric variables
2026-06-15 20:46:30,816:INFO:Importing untrained model
2026-06-15 20:46:30,827:INFO:Ada Boost Classifier Imported successfully
2026-06-15 20:46:30,836:INFO:Starting cross validation
2026-06-15 20:46:30,840:INFO:Cross validating with StratifiedKFold(n_splits=10, random_state=None, shuffle=False), n_jobs=-1
2026-06-15 20:55:51,230:INFO:Calculating mean and std
2026-06-15 20:55:51,230:INFO:Creating metrics dataframe
2026-06-15 20:55:51,235:INFO:Uploading results into container
2026-06-15 20:55:51,235:INFO:Uploading model into container now
2026-06-15 20:55:51,235:INFO:_master_model_container: 9
2026-06-15 20:55:51,235:INFO:_display_container: 2
2026-06-15 20:55:51,235:INFO:AdaBoostClassifier(algorithm='SAMME.R', base_estimator='deprecated',
                   estimator=None, learning_rate=1.0, n_estimators=50,
                   random_state=40)
2026-06-15 20:55:51,235:INFO:create_model() successfully completed......................................
2026-06-15 20:55:51,976:INFO:SubProcess create_model() end ==================================
2026-06-15 20:55:51,976:INFO:Creating metrics dataframe
2026-06-15 20:55:51,976:INFO:Initializing Gradient Boosting Classifier
2026-06-15 20:55:51,976:INFO:Total runtime is 41.68079823255539 minutes
2026-06-15 20:55:51,987:INFO:SubProcess create_model() called ==================================
2026-06-15 20:55:51,987:INFO:Initializing create_model()
2026-06-15 20:55:51,987:INFO:create_model(self=<pycaret.classification.oop.ClassificationExperiment object at 0x000001431C02A390>, estimator=gbc, fold=StratifiedKFold(n_splits=10, random_state=None, shuffle=False), round=4, cross_validation=True, predict=True, fit_kwargs={}, groups=None, refit=False, probability_threshold=None, experiment_custom_tags=None, verbose=False, system=False, add_to_model_list=True, metrics=None, display=<pycaret.internal.display.display.CommonDisplay object at 0x0000014327C15FD0>, model_only=True, return_train_score=False, error_score=0.0, kwargs={})
2026-06-15 20:55:51,987:INFO:Checking exceptions
2026-06-15 20:55:51,987:INFO:Importing libraries
2026-06-15 20:55:51,987:INFO:Copying training dataset
2026-06-15 20:55:52,123:INFO:Defining folds
2026-06-15 20:55:52,123:INFO:Declaring metric variables
2026-06-15 20:55:52,123:INFO:Importing untrained model
2026-06-15 20:55:52,139:INFO:Gradient Boosting Classifier Imported successfully
2026-06-15 20:55:52,148:INFO:Starting cross validation
2026-06-15 20:55:52,148:INFO:Cross validating with StratifiedKFold(n_splits=10, random_state=None, shuffle=False), n_jobs=-1
2026-06-15 21:53:57,907:INFO:Calculating mean and std
2026-06-15 21:53:57,909:INFO:Creating metrics dataframe
2026-06-15 21:53:57,909:INFO:Uploading results into container
2026-06-15 21:53:57,909:INFO:Uploading model into container now
2026-06-15 21:53:57,909:INFO:_master_model_container: 10
2026-06-15 21:53:57,909:INFO:_display_container: 2
2026-06-15 21:53:57,909:INFO:GradientBoostingClassifier(ccp_alpha=0.0, criterion='friedman_mse', init=None,
                           learning_rate=0.1, loss='log_loss', max_depth=3,
                           max_features=None, max_leaf_nodes=None,
                           min_impurity_decrease=0.0, min_samples_leaf=1,
                           min_samples_split=2, min_weight_fraction_leaf=0.0,
                           n_estimators=100, n_iter_no_change=None,
                           random_state=40, subsample=1.0, tol=0.0001,
                           validation_fraction=0.1, verbose=0,
                           warm_start=False)
2026-06-15 21:53:57,909:INFO:create_model() successfully completed......................................
2026-06-15 21:53:58,644:INFO:SubProcess create_model() end ==================================
2026-06-15 21:53:58,644:INFO:Creating metrics dataframe
2026-06-15 21:53:58,662:INFO:Initializing Linear Discriminant Analysis
2026-06-15 21:53:58,662:INFO:Total runtime is 99.79223217566809 minutes
2026-06-15 21:53:58,666:INFO:SubProcess create_model() called ==================================
2026-06-15 21:53:58,666:INFO:Initializing create_model()
2026-06-15 21:53:58,666:INFO:create_model(self=<pycaret.classification.oop.ClassificationExperiment object at 0x000001431C02A390>, estimator=lda, fold=StratifiedKFold(n_splits=10, random_state=None, shuffle=False), round=4, cross_validation=True, predict=True, fit_kwargs={}, groups=None, refit=False, probability_threshold=None, experiment_custom_tags=None, verbose=False, system=False, add_to_model_list=True, metrics=None, display=<pycaret.internal.display.display.CommonDisplay object at 0x0000014327C15FD0>, model_only=True, return_train_score=False, error_score=0.0, kwargs={})
2026-06-15 21:53:58,666:INFO:Checking exceptions
2026-06-15 21:53:58,666:INFO:Importing libraries
2026-06-15 21:53:58,668:INFO:Copying training dataset
2026-06-15 21:53:58,858:INFO:Defining folds
2026-06-15 21:53:58,858:INFO:Declaring metric variables
2026-06-15 21:53:58,858:INFO:Importing untrained model
2026-06-15 21:53:58,875:INFO:Linear Discriminant Analysis Imported successfully
2026-06-15 21:53:58,942:INFO:Starting cross validation
2026-06-15 21:53:58,942:INFO:Cross validating with StratifiedKFold(n_splits=10, random_state=None, shuffle=False), n_jobs=-1
2026-06-15 21:54:13,623:WARNING:c:\Users\DELL\anaconda3\envs\p11_env\Lib\site-packages\_distutils_hack\__init__.py:30: UserWarning: Setuptools is replacing distutils. Support for replacing an already imported distutils is deprecated. In the future, this condition will fail. Register concerns at https://github.com/pypa/setuptools/issues/new?template=distutils-deprecation.yml
  warnings.warn(

2026-06-15 21:54:14,833:WARNING:c:\Users\DELL\anaconda3\envs\p11_env\Lib\site-packages\_distutils_hack\__init__.py:30: UserWarning: Setuptools is replacing distutils. Support for replacing an already imported distutils is deprecated. In the future, this condition will fail. Register concerns at https://github.com/pypa/setuptools/issues/new?template=distutils-deprecation.yml
  warnings.warn(

2026-06-15 21:54:14,843:WARNING:c:\Users\DELL\anaconda3\envs\p11_env\Lib\site-packages\_distutils_hack\__init__.py:30: UserWarning: Setuptools is replacing distutils. Support for replacing an already imported distutils is deprecated. In the future, this condition will fail. Register concerns at https://github.com/pypa/setuptools/issues/new?template=distutils-deprecation.yml
  warnings.warn(

2026-06-15 21:54:14,910:WARNING:c:\Users\DELL\anaconda3\envs\p11_env\Lib\site-packages\_distutils_hack\__init__.py:30: UserWarning: Setuptools is replacing distutils. Support for replacing an already imported distutils is deprecated. In the future, this condition will fail. Register concerns at https://github.com/pypa/setuptools/issues/new?template=distutils-deprecation.yml
  warnings.warn(

2026-06-15 21:54:15,033:WARNING:c:\Users\DELL\anaconda3\envs\p11_env\Lib\site-packages\_distutils_hack\__init__.py:30: UserWarning: Setuptools is replacing distutils. Support for replacing an already imported distutils is deprecated. In the future, this condition will fail. Register concerns at https://github.com/pypa/setuptools/issues/new?template=distutils-deprecation.yml
  warnings.warn(

2026-06-15 21:54:15,048:WARNING:c:\Users\DELL\anaconda3\envs\p11_env\Lib\site-packages\_distutils_hack\__init__.py:30: UserWarning: Setuptools is replacing distutils. Support for replacing an already imported distutils is deprecated. In the future, this condition will fail. Register concerns at https://github.com/pypa/setuptools/issues/new?template=distutils-deprecation.yml
  warnings.warn(

2026-06-15 21:55:08,028:INFO:Calculating mean and std
2026-06-15 21:55:08,028:INFO:Creating metrics dataframe
2026-06-15 21:55:08,035:INFO:Uploading results into container
2026-06-15 21:55:08,035:INFO:Uploading model into container now
2026-06-15 21:55:08,037:INFO:_master_model_container: 11
2026-06-15 21:55:08,037:INFO:_display_container: 2
2026-06-15 21:55:08,037:INFO:LinearDiscriminantAnalysis(covariance_estimator=None, n_components=None,
                           priors=None, shrinkage=None, solver='svd',
                           store_covariance=False, tol=0.0001)
2026-06-15 21:55:08,037:INFO:create_model() successfully completed......................................
2026-06-15 21:55:08,781:INFO:SubProcess create_model() end ==================================
2026-06-15 21:55:08,781:INFO:Creating metrics dataframe
2026-06-15 21:55:08,793:INFO:Initializing Extra Trees Classifier
2026-06-15 21:55:08,793:INFO:Total runtime is 100.96107534170152 minutes
2026-06-15 21:55:08,796:INFO:SubProcess create_model() called ==================================
2026-06-15 21:55:08,796:INFO:Initializing create_model()
2026-06-15 21:55:08,796:INFO:create_model(self=<pycaret.classification.oop.ClassificationExperiment object at 0x000001431C02A390>, estimator=et, fold=StratifiedKFold(n_splits=10, random_state=None, shuffle=False), round=4, cross_validation=True, predict=True, fit_kwargs={}, groups=None, refit=False, probability_threshold=None, experiment_custom_tags=None, verbose=False, system=False, add_to_model_list=True, metrics=None, display=<pycaret.internal.display.display.CommonDisplay object at 0x0000014327C15FD0>, model_only=True, return_train_score=False, error_score=0.0, kwargs={})
2026-06-15 21:55:08,796:INFO:Checking exceptions
2026-06-15 21:55:08,796:INFO:Importing libraries
2026-06-15 21:55:08,796:INFO:Copying training dataset
2026-06-15 21:55:08,991:INFO:Defining folds
2026-06-15 21:55:08,991:INFO:Declaring metric variables
2026-06-15 21:55:08,997:INFO:Importing untrained model
2026-06-15 21:55:09,001:INFO:Extra Trees Classifier Imported successfully
2026-06-15 21:55:09,009:INFO:Starting cross validation
2026-06-15 21:55:09,009:INFO:Cross validating with StratifiedKFold(n_splits=10, random_state=None, shuffle=False), n_jobs=-1
2026-06-15 22:01:22,104:INFO:Calculating mean and std
2026-06-15 22:01:22,108:INFO:Creating metrics dataframe
2026-06-15 22:01:22,114:INFO:Uploading results into container
2026-06-15 22:01:22,114:INFO:Uploading model into container now
2026-06-15 22:01:22,114:INFO:_master_model_container: 12
2026-06-15 22:01:22,114:INFO:_display_container: 2
2026-06-15 22:01:22,116:INFO:ExtraTreesClassifier(bootstrap=False, ccp_alpha=0.0, class_weight=None,
                     criterion='gini', max_depth=None, max_features='sqrt',
                     max_leaf_nodes=None, max_samples=None,
                     min_impurity_decrease=0.0, min_samples_leaf=1,
                     min_samples_split=2, min_weight_fraction_leaf=0.0,
                     n_estimators=100, n_jobs=-1, oob_score=False,
                     random_state=40, verbose=0, warm_start=False)
2026-06-15 22:01:22,116:INFO:create_model() successfully completed......................................
2026-06-15 22:01:23,043:INFO:SubProcess create_model() end ==================================
2026-06-15 22:01:23,043:INFO:Creating metrics dataframe
2026-06-15 22:01:23,071:INFO:Initializing Extreme Gradient Boosting
2026-06-15 22:01:23,071:INFO:Total runtime is 107.19904544353486 minutes
2026-06-15 22:01:23,075:INFO:SubProcess create_model() called ==================================
2026-06-15 22:01:23,075:INFO:Initializing create_model()
2026-06-15 22:01:23,075:INFO:create_model(self=<pycaret.classification.oop.ClassificationExperiment object at 0x000001431C02A390>, estimator=xgboost, fold=StratifiedKFold(n_splits=10, random_state=None, shuffle=False), round=4, cross_validation=True, predict=True, fit_kwargs={}, groups=None, refit=False, probability_threshold=None, experiment_custom_tags=None, verbose=False, system=False, add_to_model_list=True, metrics=None, display=<pycaret.internal.display.display.CommonDisplay object at 0x0000014327C15FD0>, model_only=True, return_train_score=False, error_score=0.0, kwargs={})
2026-06-15 22:01:23,075:INFO:Checking exceptions
2026-06-15 22:01:23,079:INFO:Importing libraries
2026-06-15 22:01:23,079:INFO:Copying training dataset
2026-06-15 22:01:23,288:INFO:Defining folds
2026-06-15 22:01:23,288:INFO:Declaring metric variables
2026-06-15 22:01:23,304:INFO:Importing untrained model
2026-06-15 22:01:23,310:INFO:Extreme Gradient Boosting Imported successfully
2026-06-15 22:01:23,325:INFO:Starting cross validation
2026-06-15 22:01:23,325:INFO:Cross validating with StratifiedKFold(n_splits=10, random_state=None, shuffle=False), n_jobs=-1
2026-06-15 22:03:36,806:INFO:Calculating mean and std
2026-06-15 22:03:36,806:INFO:Creating metrics dataframe
2026-06-15 22:03:36,806:INFO:Uploading results into container
2026-06-15 22:03:36,806:INFO:Uploading model into container now
2026-06-15 22:03:36,806:INFO:_master_model_container: 13
2026-06-15 22:03:36,806:INFO:_display_container: 2
2026-06-15 22:03:36,806:INFO:XGBClassifier(base_score=None, booster='gbtree', callbacks=None,
              colsample_bylevel=None, colsample_bynode=None,
              colsample_bytree=None, device='cpu', early_stopping_rounds=None,
              enable_categorical=False, eval_metric=None, feature_types=None,
              feature_weights=None, gamma=None, grow_policy=None,
              importance_type=None, interaction_constraints=None,
              learning_rate=None, max_bin=None, max_cat_threshold=None,
              max_cat_to_onehot=None, max_delta_step=None, max_depth=None,
              max_leaves=None, min_child_weight=None, missing=nan,
              monotone_constraints=None, multi_strategy=None, n_estimators=None,
              n_jobs=-1, num_parallel_tree=None, ...)
2026-06-15 22:03:36,806:INFO:create_model() successfully completed......................................
2026-06-15 22:03:37,563:INFO:SubProcess create_model() end ==================================
2026-06-15 22:03:37,563:INFO:Creating metrics dataframe
2026-06-15 22:03:37,574:INFO:Initializing Light Gradient Boosting Machine
2026-06-15 22:03:37,574:INFO:Total runtime is 109.44075821240743 minutes
2026-06-15 22:03:37,574:INFO:SubProcess create_model() called ==================================
2026-06-15 22:03:37,574:INFO:Initializing create_model()
2026-06-15 22:03:37,574:INFO:create_model(self=<pycaret.classification.oop.ClassificationExperiment object at 0x000001431C02A390>, estimator=lightgbm, fold=StratifiedKFold(n_splits=10, random_state=None, shuffle=False), round=4, cross_validation=True, predict=True, fit_kwargs={}, groups=None, refit=False, probability_threshold=None, experiment_custom_tags=None, verbose=False, system=False, add_to_model_list=True, metrics=None, display=<pycaret.internal.display.display.CommonDisplay object at 0x0000014327C15FD0>, model_only=True, return_train_score=False, error_score=0.0, kwargs={})
2026-06-15 22:03:37,574:INFO:Checking exceptions
2026-06-15 22:03:37,574:INFO:Importing libraries
2026-06-15 22:03:37,574:INFO:Copying training dataset
2026-06-15 22:03:37,743:INFO:Defining folds
2026-06-15 22:03:37,743:INFO:Declaring metric variables
2026-06-15 22:03:37,758:INFO:Importing untrained model
2026-06-15 22:03:37,761:INFO:Light Gradient Boosting Machine Imported successfully
2026-06-15 22:03:37,761:INFO:Starting cross validation
2026-06-15 22:03:37,774:INFO:Cross validating with StratifiedKFold(n_splits=10, random_state=None, shuffle=False), n_jobs=-1
2026-06-15 22:05:31,218:INFO:Calculating mean and std
2026-06-15 22:05:31,218:INFO:Creating metrics dataframe
2026-06-15 22:05:31,239:INFO:Uploading results into container
2026-06-15 22:05:31,240:INFO:Uploading model into container now
2026-06-15 22:05:31,240:INFO:_master_model_container: 14
2026-06-15 22:05:31,240:INFO:_display_container: 2
2026-06-15 22:05:31,240:INFO:LGBMClassifier(boosting_type='gbdt', class_weight=None, colsample_bytree=1.0,
               importance_type='split', learning_rate=0.1, max_depth=-1,
               min_child_samples=20, min_child_weight=0.001, min_split_gain=0.0,
               n_estimators=100, n_jobs=-1, num_leaves=31, objective=None,
               random_state=40, reg_alpha=0.0, reg_lambda=0.0, subsample=1.0,
               subsample_for_bin=200000, subsample_freq=0)
2026-06-15 22:05:31,240:INFO:create_model() successfully completed......................................
2026-06-15 22:05:32,013:INFO:SubProcess create_model() end ==================================
2026-06-15 22:05:32,013:INFO:Creating metrics dataframe
2026-06-15 22:05:32,048:INFO:Initializing CatBoost Classifier
2026-06-15 22:05:32,048:INFO:Total runtime is 111.34867310126623 minutes
2026-06-15 22:05:32,048:INFO:SubProcess create_model() called ==================================
2026-06-15 22:05:32,048:INFO:Initializing create_model()
2026-06-15 22:05:32,048:INFO:create_model(self=<pycaret.classification.oop.ClassificationExperiment object at 0x000001431C02A390>, estimator=catboost, fold=StratifiedKFold(n_splits=10, random_state=None, shuffle=False), round=4, cross_validation=True, predict=True, fit_kwargs={}, groups=None, refit=False, probability_threshold=None, experiment_custom_tags=None, verbose=False, system=False, add_to_model_list=True, metrics=None, display=<pycaret.internal.display.display.CommonDisplay object at 0x0000014327C15FD0>, model_only=True, return_train_score=False, error_score=0.0, kwargs={})
2026-06-15 22:05:32,048:INFO:Checking exceptions
2026-06-15 22:05:32,048:INFO:Importing libraries
2026-06-15 22:05:32,048:INFO:Copying training dataset
2026-06-15 22:05:32,212:INFO:Defining folds
2026-06-15 22:05:32,212:INFO:Declaring metric variables
2026-06-15 22:05:32,228:INFO:Importing untrained model
2026-06-15 22:05:32,249:INFO:CatBoost Classifier Imported successfully
2026-06-15 22:05:32,262:INFO:Starting cross validation
2026-06-15 22:05:32,266:INFO:Cross validating with StratifiedKFold(n_splits=10, random_state=None, shuffle=False), n_jobs=-1
2026-06-15 22:21:21,675:INFO:Calculating mean and std
2026-06-15 22:21:21,675:INFO:Creating metrics dataframe
2026-06-15 22:21:21,683:INFO:Uploading results into container
2026-06-15 22:21:21,683:INFO:Uploading model into container now
2026-06-15 22:21:21,685:INFO:_master_model_container: 15
2026-06-15 22:21:21,685:INFO:_display_container: 2
2026-06-15 22:21:21,685:INFO:CatBoostClassifier(border_count=254, random_state=40, task_type='CPU', verbose=False)
2026-06-15 22:21:21,685:INFO:create_model() successfully completed......................................
2026-06-15 22:21:22,614:INFO:SubProcess create_model() end ==================================
2026-06-15 22:21:22,614:INFO:Creating metrics dataframe
2026-06-15 22:21:22,648:INFO:Initializing Dummy Classifier
2026-06-15 22:21:22,648:INFO:Total runtime is 127.19200224876404 minutes
2026-06-15 22:21:22,652:INFO:SubProcess create_model() called ==================================
2026-06-15 22:21:22,652:INFO:Initializing create_model()
2026-06-15 22:21:22,653:INFO:create_model(self=<pycaret.classification.oop.ClassificationExperiment object at 0x000001431C02A390>, estimator=dummy, fold=StratifiedKFold(n_splits=10, random_state=None, shuffle=False), round=4, cross_validation=True, predict=True, fit_kwargs={}, groups=None, refit=False, probability_threshold=None, experiment_custom_tags=None, verbose=False, system=False, add_to_model_list=True, metrics=None, display=<pycaret.internal.display.display.CommonDisplay object at 0x0000014327C15FD0>, model_only=True, return_train_score=False, error_score=0.0, kwargs={})
2026-06-15 22:21:22,654:INFO:Checking exceptions
2026-06-15 22:21:22,654:INFO:Importing libraries
2026-06-15 22:21:22,654:INFO:Copying training dataset
2026-06-15 22:21:22,841:INFO:Defining folds
2026-06-15 22:21:22,841:INFO:Declaring metric variables
2026-06-15 22:21:22,841:INFO:Importing untrained model
2026-06-15 22:21:22,856:INFO:Dummy Classifier Imported successfully
2026-06-15 22:21:22,864:INFO:Starting cross validation
2026-06-15 22:21:22,871:INFO:Cross validating with StratifiedKFold(n_splits=10, random_state=None, shuffle=False), n_jobs=-1
2026-06-15 22:21:51,906:WARNING:c:\Users\DELL\anaconda3\envs\p11_env\Lib\site-packages\sklearn\metrics\_classification.py:1344: UndefinedMetricWarning: Precision is ill-defined and being set to 0.0 due to no predicted samples. Use `zero_division` parameter to control this behavior.
  _warn_prf(average, modifier, msg_start, len(result))

2026-06-15 22:21:52,036:WARNING:c:\Users\DELL\anaconda3\envs\p11_env\Lib\site-packages\sklearn\metrics\_classification.py:1344: UndefinedMetricWarning: Precision is ill-defined and being set to 0.0 due to no predicted samples. Use `zero_division` parameter to control this behavior.
  _warn_prf(average, modifier, msg_start, len(result))

2026-06-15 22:21:52,190:WARNING:c:\Users\DELL\anaconda3\envs\p11_env\Lib\site-packages\sklearn\metrics\_classification.py:1344: UndefinedMetricWarning: Precision is ill-defined and being set to 0.0 due to no predicted samples. Use `zero_division` parameter to control this behavior.
  _warn_prf(average, modifier, msg_start, len(result))

2026-06-15 22:21:52,335:WARNING:c:\Users\DELL\anaconda3\envs\p11_env\Lib\site-packages\sklearn\metrics\_classification.py:1344: UndefinedMetricWarning: Precision is ill-defined and being set to 0.0 due to no predicted samples. Use `zero_division` parameter to control this behavior.
  _warn_prf(average, modifier, msg_start, len(result))

2026-06-15 22:21:53,373:WARNING:c:\Users\DELL\anaconda3\envs\p11_env\Lib\site-packages\sklearn\metrics\_classification.py:1344: UndefinedMetricWarning: Precision is ill-defined and being set to 0.0 due to no predicted samples. Use `zero_division` parameter to control this behavior.
  _warn_prf(average, modifier, msg_start, len(result))

2026-06-15 22:21:53,541:WARNING:c:\Users\DELL\anaconda3\envs\p11_env\Lib\site-packages\sklearn\metrics\_classification.py:1344: UndefinedMetricWarning: Precision is ill-defined and being set to 0.0 due to no predicted samples. Use `zero_division` parameter to control this behavior.
  _warn_prf(average, modifier, msg_start, len(result))

2026-06-15 22:21:53,562:WARNING:c:\Users\DELL\anaconda3\envs\p11_env\Lib\site-packages\sklearn\metrics\_classification.py:1344: UndefinedMetricWarning: Precision is ill-defined and being set to 0.0 due to no predicted samples. Use `zero_division` parameter to control this behavior.
  _warn_prf(average, modifier, msg_start, len(result))

2026-06-15 22:21:53,570:WARNING:c:\Users\DELL\anaconda3\envs\p11_env\Lib\site-packages\sklearn\metrics\_classification.py:1344: UndefinedMetricWarning: Precision is ill-defined and being set to 0.0 due to no predicted samples. Use `zero_division` parameter to control this behavior.
  _warn_prf(average, modifier, msg_start, len(result))

2026-06-15 22:22:02,260:WARNING:c:\Users\DELL\anaconda3\envs\p11_env\Lib\site-packages\sklearn\metrics\_classification.py:1344: UndefinedMetricWarning: Precision is ill-defined and being set to 0.0 due to no predicted samples. Use `zero_division` parameter to control this behavior.
  _warn_prf(average, modifier, msg_start, len(result))

2026-06-15 22:22:02,277:WARNING:c:\Users\DELL\anaconda3\envs\p11_env\Lib\site-packages\sklearn\metrics\_classification.py:1344: UndefinedMetricWarning: Precision is ill-defined and being set to 0.0 due to no predicted samples. Use `zero_division` parameter to control this behavior.
  _warn_prf(average, modifier, msg_start, len(result))

2026-06-15 22:22:02,620:INFO:Calculating mean and std
2026-06-15 22:22:02,620:INFO:Creating metrics dataframe
2026-06-15 22:22:02,627:INFO:Uploading results into container
2026-06-15 22:22:02,639:INFO:Uploading model into container now
2026-06-15 22:22:02,639:INFO:_master_model_container: 16
2026-06-15 22:22:02,639:INFO:_display_container: 2
2026-06-15 22:22:02,639:INFO:DummyClassifier(constant=None, random_state=40, strategy='prior')
2026-06-15 22:22:02,639:INFO:create_model() successfully completed......................................
2026-06-15 22:22:03,387:INFO:SubProcess create_model() end ==================================
2026-06-15 22:22:03,387:INFO:Creating metrics dataframe
2026-06-15 22:22:03,428:INFO:Initializing create_model()
2026-06-15 22:22:03,428:INFO:create_model(self=<pycaret.classification.oop.ClassificationExperiment object at 0x000001431C02A390>, estimator=DummyClassifier(constant=None, random_state=40, strategy='prior'), fold=StratifiedKFold(n_splits=10, random_state=None, shuffle=False), round=4, cross_validation=False, predict=False, fit_kwargs={}, groups=None, refit=True, probability_threshold=None, experiment_custom_tags=None, verbose=False, system=False, add_to_model_list=True, metrics=None, display=None, model_only=True, return_train_score=False, error_score=0.0, kwargs={})
2026-06-15 22:22:03,428:INFO:Checking exceptions
2026-06-15 22:22:03,428:INFO:Importing libraries
2026-06-15 22:22:03,428:INFO:Copying training dataset
2026-06-15 22:22:03,607:INFO:Defining folds
2026-06-15 22:22:03,607:INFO:Declaring metric variables
2026-06-15 22:22:03,609:INFO:Importing untrained model
2026-06-15 22:22:03,609:INFO:Declaring custom model
2026-06-15 22:22:03,609:INFO:Dummy Classifier Imported successfully
2026-06-15 22:22:03,613:INFO:Cross validation set to False
2026-06-15 22:22:03,613:INFO:Fitting Model
2026-06-15 22:22:08,879:INFO:DummyClassifier(constant=None, random_state=40, strategy='prior')
2026-06-15 22:22:08,879:INFO:create_model() successfully completed......................................
2026-06-15 22:22:09,669:INFO:_master_model_container: 16
2026-06-15 22:22:09,669:INFO:_display_container: 2
2026-06-15 22:22:09,674:INFO:DummyClassifier(constant=None, random_state=40, strategy='prior')
2026-06-15 22:22:09,674:INFO:compare_models() successfully completed......................................
2026-06-15 22:22:09,727:INFO:Initializing create_model()
2026-06-15 22:22:09,727:INFO:create_model(self=<pycaret.classification.oop.ClassificationExperiment object at 0x000001431C02A390>, estimator=et, fold=None, round=4, cross_validation=True, predict=True, fit_kwargs=None, groups=None, refit=True, probability_threshold=None, experiment_custom_tags=None, verbose=True, system=True, add_to_model_list=True, metrics=None, display=None, model_only=True, return_train_score=False, error_score=0.0, kwargs={'class_weight': 'balanced'})
2026-06-15 22:22:09,728:INFO:Checking exceptions
2026-06-15 22:22:09,750:INFO:Importing libraries
2026-06-15 22:22:09,750:INFO:Copying training dataset
2026-06-15 22:22:09,934:INFO:Defining folds
2026-06-15 22:22:09,934:INFO:Declaring metric variables
2026-06-15 22:22:09,939:INFO:Importing untrained model
2026-06-15 22:22:09,944:INFO:Extra Trees Classifier Imported successfully
2026-06-15 22:22:09,955:INFO:Starting cross validation
2026-06-15 22:22:09,961:INFO:Cross validating with StratifiedKFold(n_splits=10, random_state=None, shuffle=False), n_jobs=-1
2026-06-15 22:29:06,684:WARNING:c:\Users\DELL\anaconda3\envs\p11_env\Lib\site-packages\sklearn\model_selection\_validation.py:378: FitFailedWarning: 
6 fits failed out of a total of 10.
The score on these train-test partitions for these parameters will be set to 0.0.
If these failures are not expected, you can try to debug them by setting error_score='raise'.

Below are more details about the failures:
--------------------------------------------------------------------------------
5 fits failed with the following error:
Traceback (most recent call last):
  File "c:\Users\DELL\anaconda3\envs\p11_env\Lib\site-packages\sklearn\model_selection\_validation.py", line 686, in _fit_and_score
    estimator.fit(X_train, y_train, **fit_params)
  File "c:\Users\DELL\anaconda3\envs\p11_env\Lib\site-packages\pycaret\internal\pipeline.py", line 275, in fit
    fitted_estimator = self._memory_fit(
                       ^^^^^^^^^^^^^^^^^
  File "c:\Users\DELL\anaconda3\envs\p11_env\Lib\site-packages\joblib\memory.py", line 349, in __call__
    return self.func(*args, **kwargs)
           ^^^^^^^^^^^^^^^^^^^^^^^^^^
  File "c:\Users\DELL\anaconda3\envs\p11_env\Lib\site-packages\pycaret\internal\pipeline.py", line 68, in _fit_one
    transformer.fit(*args, **fit_params)
  File "c:\Users\DELL\anaconda3\envs\p11_env\Lib\site-packages\sklearn\ensemble\_forest.py", line 473, in fit
    trees = Parallel(
            ^^^^^^^^^
  File "c:\Users\DELL\anaconda3\envs\p11_env\Lib\site-packages\sklearn\utils\parallel.py", line 63, in __call__
    return super().__call__(iterable_with_config)
           ^^^^^^^^^^^^^^^^^^^^^^^^^^^^^^^^^^^^^^
  File "c:\Users\DELL\anaconda3\envs\p11_env\Lib\site-packages\joblib\parallel.py", line 1098, in __call__
    self.retrieve()
  File "c:\Users\DELL\anaconda3\envs\p11_env\Lib\site-packages\joblib\parallel.py", line 975, in retrieve
    self._output.extend(job.get(timeout=self.timeout))
                        ^^^^^^^^^^^^^^^^^^^^^^^^^^^^^
  File "c:\Users\DELL\anaconda3\envs\p11_env\Lib\multiprocessing\pool.py", line 774, in get
    raise self._value
  File "c:\Users\DELL\anaconda3\envs\p11_env\Lib\multiprocessing\pool.py", line 125, in worker
    result = (True, func(*args, **kwds))
                    ^^^^^^^^^^^^^^^^^^^
  File "c:\Users\DELL\anaconda3\envs\p11_env\Lib\site-packages\joblib\_parallel_backends.py", line 620, in __call__
    return self.func(*args, **kwargs)
           ^^^^^^^^^^^^^^^^^^^^^^^^^^
  File "c:\Users\DELL\anaconda3\envs\p11_env\Lib\site-packages\joblib\parallel.py", line 288, in __call__
    return [func(*args, **kwargs)
           ^^^^^^^^^^^^^^^^^^^^^^
  File "c:\Users\DELL\anaconda3\envs\p11_env\Lib\site-packages\joblib\parallel.py", line 288, in <listcomp>
    return [func(*args, **kwargs)
            ^^^^^^^^^^^^^^^^^^^^^
  File "c:\Users\DELL\anaconda3\envs\p11_env\Lib\site-packages\sklearn\utils\parallel.py", line 123, in __call__
    return self.function(*args, **kwargs)
           ^^^^^^^^^^^^^^^^^^^^^^^^^^^^^^
  File "c:\Users\DELL\anaconda3\envs\p11_env\Lib\site-packages\sklearn\ensemble\_forest.py", line 186, in _parallel_build_trees
    tree.fit(X, y, sample_weight=sample_weight, check_input=False)
  File "c:\Users\DELL\anaconda3\envs\p11_env\Lib\site-packages\sklearn\tree\_classes.py", line 889, in fit
    super().fit(
  File "c:\Users\DELL\anaconda3\envs\p11_env\Lib\site-packages\sklearn\tree\_classes.py", line 379, in fit
    builder.build(self.tree_, X, y, sample_weight)
  File "sklearn\tree\_tree.pyx", line 147, in sklearn.tree._tree.DepthFirstTreeBuilder.build
  File "sklearn\tree\_tree.pyx", line 242, in sklearn.tree._tree.DepthFirstTreeBuilder.build
  File "sklearn\tree\_tree.pyx", line 748, in sklearn.tree._tree.Tree._add_node
  File "sklearn\tree\_tree.pyx", line 719, in sklearn.tree._tree.Tree._resize_c
  File "sklearn\tree\_utils.pyx", line 35, in sklearn.tree._utils.safe_realloc
MemoryError: could not allocate 7340032 bytes

--------------------------------------------------------------------------------
1 fits failed with the following error:
Traceback (most recent call last):
  File "c:\Users\DELL\anaconda3\envs\p11_env\Lib\site-packages\sklearn\model_selection\_validation.py", line 686, in _fit_and_score
    estimator.fit(X_train, y_train, **fit_params)
  File "c:\Users\DELL\anaconda3\envs\p11_env\Lib\site-packages\pycaret\internal\pipeline.py", line 275, in fit
    fitted_estimator = self._memory_fit(
                       ^^^^^^^^^^^^^^^^^
  File "c:\Users\DELL\anaconda3\envs\p11_env\Lib\site-packages\joblib\memory.py", line 349, in __call__
    return self.func(*args, **kwargs)
           ^^^^^^^^^^^^^^^^^^^^^^^^^^
  File "c:\Users\DELL\anaconda3\envs\p11_env\Lib\site-packages\pycaret\internal\pipeline.py", line 68, in _fit_one
    transformer.fit(*args, **fit_params)
  File "c:\Users\DELL\anaconda3\envs\p11_env\Lib\site-packages\sklearn\ensemble\_forest.py", line 473, in fit
    trees = Parallel(
            ^^^^^^^^^
  File "c:\Users\DELL\anaconda3\envs\p11_env\Lib\site-packages\sklearn\utils\parallel.py", line 63, in __call__
    return super().__call__(iterable_with_config)
           ^^^^^^^^^^^^^^^^^^^^^^^^^^^^^^^^^^^^^^
  File "c:\Users\DELL\anaconda3\envs\p11_env\Lib\site-packages\joblib\parallel.py", line 1098, in __call__
    self.retrieve()
  File "c:\Users\DELL\anaconda3\envs\p11_env\Lib\site-packages\joblib\parallel.py", line 975, in retrieve
    self._output.extend(job.get(timeout=self.timeout))
                        ^^^^^^^^^^^^^^^^^^^^^^^^^^^^^
  File "c:\Users\DELL\anaconda3\envs\p11_env\Lib\multiprocessing\pool.py", line 774, in get
    raise self._value
  File "c:\Users\DELL\anaconda3\envs\p11_env\Lib\multiprocessing\pool.py", line 125, in worker
    result = (True, func(*args, **kwds))
                    ^^^^^^^^^^^^^^^^^^^
  File "c:\Users\DELL\anaconda3\envs\p11_env\Lib\site-packages\joblib\_parallel_backends.py", line 620, in __call__
    return self.func(*args, **kwargs)
           ^^^^^^^^^^^^^^^^^^^^^^^^^^
  File "c:\Users\DELL\anaconda3\envs\p11_env\Lib\site-packages\joblib\parallel.py", line 288, in __call__
    return [func(*args, **kwargs)
           ^^^^^^^^^^^^^^^^^^^^^^
  File "c:\Users\DELL\anaconda3\envs\p11_env\Lib\site-packages\joblib\parallel.py", line 288, in <listcomp>
    return [func(*args, **kwargs)
            ^^^^^^^^^^^^^^^^^^^^^
  File "c:\Users\DELL\anaconda3\envs\p11_env\Lib\site-packages\sklearn\utils\parallel.py", line 123, in __call__
    return self.function(*args, **kwargs)
           ^^^^^^^^^^^^^^^^^^^^^^^^^^^^^^
  File "c:\Users\DELL\anaconda3\envs\p11_env\Lib\site-packages\sklearn\ensemble\_forest.py", line 186, in _parallel_build_trees
    tree.fit(X, y, sample_weight=sample_weight, check_input=False)
  File "c:\Users\DELL\anaconda3\envs\p11_env\Lib\site-packages\sklearn\tree\_classes.py", line 889, in fit
    super().fit(
  File "c:\Users\DELL\anaconda3\envs\p11_env\Lib\site-packages\sklearn\tree\_classes.py", line 235, in fit
    classes_k, y_encoded[:, k] = np.unique(y[:, k], return_inverse=True)
                                 ^^^^^^^^^^^^^^^^^^^^^^^^^^^^^^^^^^^^^^^
  File "c:\Users\DELL\anaconda3\envs\p11_env\Lib\site-packages\numpy\lib\arraysetops.py", line 274, in unique
    ret = _unique1d(ar, return_index, return_inverse, return_counts,
         ^^^^^^^^^^^^^^^^^^^^^^^^^^^^^^^^^^^^^^^^^^^^^^^^^^^^^^^^^^
  File "c:\Users\DELL\anaconda3\envs\p11_env\Lib\site-packages\numpy\lib\arraysetops.py", line 328, in _unique1d
    ar = np.asanyarray(ar).flatten()
         ^^^^^^^^^^^^^^^^^^^^^^^^^^^
numpy.core._exceptions._ArrayMemoryError: Unable to allocate 1.57 MiB for an array with shape (205224,) and data type float64

  warnings.warn(some_fits_failed_message, FitFailedWarning)

2026-06-15 22:29:06,691:INFO:Calculating mean and std
2026-06-15 22:29:06,693:INFO:Creating metrics dataframe
2026-06-15 22:29:06,700:INFO:Finalizing model
2026-06-15 22:29:57,286:INFO:Uploading results into container
2026-06-15 22:29:57,290:INFO:Uploading model into container now
2026-06-15 22:29:57,329:INFO:_master_model_container: 17
2026-06-15 22:29:57,329:INFO:_display_container: 3
2026-06-15 22:29:57,335:INFO:ExtraTreesClassifier(bootstrap=False, ccp_alpha=0.0, class_weight='balanced',
                     criterion='gini', max_depth=None, max_features='sqrt',
                     max_leaf_nodes=None, max_samples=None,
                     min_impurity_decrease=0.0, min_samples_leaf=1,
                     min_samples_split=2, min_weight_fraction_leaf=0.0,
                     n_estimators=100, n_jobs=-1, oob_score=False,
                     random_state=40, verbose=0, warm_start=False)
2026-06-15 22:29:57,337:INFO:create_model() successfully completed......................................
2026-06-15 22:29:58,400:INFO:Initializing tune_model()
2026-06-15 22:29:58,400:INFO:tune_model(self=<pycaret.classification.oop.ClassificationExperiment object at 0x000001431C02A390>, estimator=ExtraTreesClassifier(bootstrap=False, ccp_alpha=0.0, class_weight='balanced',
                     criterion='gini', max_depth=None, max_features='sqrt',
                     max_leaf_nodes=None, max_samples=None,
                     min_impurity_decrease=0.0, min_samples_leaf=1,
                     min_samples_split=2, min_weight_fraction_leaf=0.0,
                     n_estimators=100, n_jobs=-1, oob_score=False,
                     random_state=40, verbose=0, warm_start=False), fold=None, round=4, n_iter=100, custom_grid=None, optimize=Precision, custom_scorer=None, search_library=scikit-learn, search_algorithm=None, early_stopping=False, early_stopping_max_iters=10, choose_better=True, fit_kwargs=None, groups=None, return_tuner=False, verbose=True, tuner_verbose=True, return_train_score=False, kwargs={})
2026-06-15 22:29:58,400:INFO:Checking exceptions
2026-06-15 22:29:58,490:INFO:Copying training dataset
2026-06-15 22:29:58,612:INFO:Checking base model
2026-06-15 22:29:58,612:INFO:Base model : Extra Trees Classifier
2026-06-15 22:29:58,616:INFO:Declaring metric variables
2026-06-15 22:29:58,620:INFO:Defining Hyperparameters
2026-06-15 22:29:59,423:INFO:Tuning with n_jobs=-1
2026-06-15 22:29:59,423:INFO:Initializing RandomizedSearchCV
2026-06-15 22:41:26,467:WARNING:c:\Users\DELL\anaconda3\envs\p11_env\Lib\site-packages\sklearn\metrics\_classification.py:1344: UndefinedMetricWarning: Precision is ill-defined and being set to 0.0 due to no predicted samples. Use `zero_division` parameter to control this behavior.
  _warn_prf(average, modifier, msg_start, len(result))

2026-06-15 22:41:29,368:WARNING:c:\Users\DELL\anaconda3\envs\p11_env\Lib\site-packages\sklearn\metrics\_classification.py:1344: UndefinedMetricWarning: Precision is ill-defined and being set to 0.0 due to no predicted samples. Use `zero_division` parameter to control this behavior.
  _warn_prf(average, modifier, msg_start, len(result))

2026-06-15 22:41:46,725:WARNING:c:\Users\DELL\anaconda3\envs\p11_env\Lib\site-packages\sklearn\metrics\_classification.py:1344: UndefinedMetricWarning: Precision is ill-defined and being set to 0.0 due to no predicted samples. Use `zero_division` parameter to control this behavior.
  _warn_prf(average, modifier, msg_start, len(result))

2026-06-15 22:41:57,119:WARNING:c:\Users\DELL\anaconda3\envs\p11_env\Lib\site-packages\sklearn\metrics\_classification.py:1344: UndefinedMetricWarning: Precision is ill-defined and being set to 0.0 due to no predicted samples. Use `zero_division` parameter to control this behavior.
  _warn_prf(average, modifier, msg_start, len(result))

2026-06-15 22:42:01,660:WARNING:c:\Users\DELL\anaconda3\envs\p11_env\Lib\site-packages\sklearn\metrics\_classification.py:1344: UndefinedMetricWarning: Precision is ill-defined and being set to 0.0 due to no predicted samples. Use `zero_division` parameter to control this behavior.
  _warn_prf(average, modifier, msg_start, len(result))

2026-06-15 22:42:05,311:WARNING:c:\Users\DELL\anaconda3\envs\p11_env\Lib\site-packages\sklearn\metrics\_classification.py:1344: UndefinedMetricWarning: Precision is ill-defined and being set to 0.0 due to no predicted samples. Use `zero_division` parameter to control this behavior.
  _warn_prf(average, modifier, msg_start, len(result))

2026-06-15 22:42:32,668:WARNING:c:\Users\DELL\anaconda3\envs\p11_env\Lib\site-packages\sklearn\metrics\_classification.py:1344: UndefinedMetricWarning: Precision is ill-defined and being set to 0.0 due to no predicted samples. Use `zero_division` parameter to control this behavior.
  _warn_prf(average, modifier, msg_start, len(result))

2026-06-15 22:42:43,748:WARNING:c:\Users\DELL\anaconda3\envs\p11_env\Lib\site-packages\sklearn\metrics\_classification.py:1344: UndefinedMetricWarning: Precision is ill-defined and being set to 0.0 due to no predicted samples. Use `zero_division` parameter to control this behavior.
  _warn_prf(average, modifier, msg_start, len(result))

2026-06-15 22:43:01,853:WARNING:c:\Users\DELL\anaconda3\envs\p11_env\Lib\site-packages\sklearn\metrics\_classification.py:1344: UndefinedMetricWarning: Precision is ill-defined and being set to 0.0 due to no predicted samples. Use `zero_division` parameter to control this behavior.
  _warn_prf(average, modifier, msg_start, len(result))

2026-06-15 22:43:12,078:WARNING:c:\Users\DELL\anaconda3\envs\p11_env\Lib\site-packages\sklearn\metrics\_classification.py:1344: UndefinedMetricWarning: Precision is ill-defined and being set to 0.0 due to no predicted samples. Use `zero_division` parameter to control this behavior.
  _warn_prf(average, modifier, msg_start, len(result))

2026-06-15 22:44:09,710:WARNING:c:\Users\DELL\anaconda3\envs\p11_env\Lib\site-packages\sklearn\metrics\_classification.py:1344: UndefinedMetricWarning: Precision is ill-defined and being set to 0.0 due to no predicted samples. Use `zero_division` parameter to control this behavior.
  _warn_prf(average, modifier, msg_start, len(result))

2026-06-15 22:44:18,750:WARNING:c:\Users\DELL\anaconda3\envs\p11_env\Lib\site-packages\sklearn\metrics\_classification.py:1344: UndefinedMetricWarning: Precision is ill-defined and being set to 0.0 due to no predicted samples. Use `zero_division` parameter to control this behavior.
  _warn_prf(average, modifier, msg_start, len(result))

2026-06-15 22:44:33,913:WARNING:c:\Users\DELL\anaconda3\envs\p11_env\Lib\site-packages\sklearn\metrics\_classification.py:1344: UndefinedMetricWarning: Precision is ill-defined and being set to 0.0 due to no predicted samples. Use `zero_division` parameter to control this behavior.
  _warn_prf(average, modifier, msg_start, len(result))

2026-06-15 22:44:53,792:WARNING:c:\Users\DELL\anaconda3\envs\p11_env\Lib\site-packages\sklearn\metrics\_classification.py:1344: UndefinedMetricWarning: Precision is ill-defined and being set to 0.0 due to no predicted samples. Use `zero_division` parameter to control this behavior.
  _warn_prf(average, modifier, msg_start, len(result))

2026-06-15 22:45:26,190:WARNING:c:\Users\DELL\anaconda3\envs\p11_env\Lib\site-packages\sklearn\metrics\_classification.py:1344: UndefinedMetricWarning: Precision is ill-defined and being set to 0.0 due to no predicted samples. Use `zero_division` parameter to control this behavior.
  _warn_prf(average, modifier, msg_start, len(result))

2026-06-15 22:45:33,644:WARNING:c:\Users\DELL\anaconda3\envs\p11_env\Lib\site-packages\sklearn\metrics\_classification.py:1344: UndefinedMetricWarning: Precision is ill-defined and being set to 0.0 due to no predicted samples. Use `zero_division` parameter to control this behavior.
  _warn_prf(average, modifier, msg_start, len(result))

2026-06-15 22:45:45,768:WARNING:c:\Users\DELL\anaconda3\envs\p11_env\Lib\site-packages\sklearn\metrics\_classification.py:1344: UndefinedMetricWarning: Precision is ill-defined and being set to 0.0 due to no predicted samples. Use `zero_division` parameter to control this behavior.
  _warn_prf(average, modifier, msg_start, len(result))

2026-06-15 22:45:55,107:WARNING:c:\Users\DELL\anaconda3\envs\p11_env\Lib\site-packages\sklearn\metrics\_classification.py:1344: UndefinedMetricWarning: Precision is ill-defined and being set to 0.0 due to no predicted samples. Use `zero_division` parameter to control this behavior.
  _warn_prf(average, modifier, msg_start, len(result))

2026-06-15 22:46:00,683:WARNING:c:\Users\DELL\anaconda3\envs\p11_env\Lib\site-packages\sklearn\metrics\_classification.py:1344: UndefinedMetricWarning: Precision is ill-defined and being set to 0.0 due to no predicted samples. Use `zero_division` parameter to control this behavior.
  _warn_prf(average, modifier, msg_start, len(result))

2026-06-15 22:46:08,806:WARNING:c:\Users\DELL\anaconda3\envs\p11_env\Lib\site-packages\sklearn\metrics\_classification.py:1344: UndefinedMetricWarning: Precision is ill-defined and being set to 0.0 due to no predicted samples. Use `zero_division` parameter to control this behavior.
  _warn_prf(average, modifier, msg_start, len(result))

2026-06-15 22:46:25,521:WARNING:c:\Users\DELL\anaconda3\envs\p11_env\Lib\site-packages\sklearn\metrics\_classification.py:1344: UndefinedMetricWarning: Precision is ill-defined and being set to 0.0 due to no predicted samples. Use `zero_division` parameter to control this behavior.
  _warn_prf(average, modifier, msg_start, len(result))

2026-06-15 22:46:33,560:WARNING:c:\Users\DELL\anaconda3\envs\p11_env\Lib\site-packages\sklearn\metrics\_classification.py:1344: UndefinedMetricWarning: Precision is ill-defined and being set to 0.0 due to no predicted samples. Use `zero_division` parameter to control this behavior.
  _warn_prf(average, modifier, msg_start, len(result))

2026-06-15 22:46:38,620:WARNING:c:\Users\DELL\anaconda3\envs\p11_env\Lib\site-packages\sklearn\metrics\_classification.py:1344: UndefinedMetricWarning: Precision is ill-defined and being set to 0.0 due to no predicted samples. Use `zero_division` parameter to control this behavior.
  _warn_prf(average, modifier, msg_start, len(result))

2026-06-15 22:46:48,454:WARNING:c:\Users\DELL\anaconda3\envs\p11_env\Lib\site-packages\sklearn\metrics\_classification.py:1344: UndefinedMetricWarning: Precision is ill-defined and being set to 0.0 due to no predicted samples. Use `zero_division` parameter to control this behavior.
  _warn_prf(average, modifier, msg_start, len(result))

2026-06-15 22:46:58,438:WARNING:c:\Users\DELL\anaconda3\envs\p11_env\Lib\site-packages\sklearn\metrics\_classification.py:1344: UndefinedMetricWarning: Precision is ill-defined and being set to 0.0 due to no predicted samples. Use `zero_division` parameter to control this behavior.
  _warn_prf(average, modifier, msg_start, len(result))

2026-06-15 22:47:12,692:WARNING:c:\Users\DELL\anaconda3\envs\p11_env\Lib\site-packages\sklearn\metrics\_classification.py:1344: UndefinedMetricWarning: Precision is ill-defined and being set to 0.0 due to no predicted samples. Use `zero_division` parameter to control this behavior.
  _warn_prf(average, modifier, msg_start, len(result))

2026-06-15 22:47:13,440:WARNING:c:\Users\DELL\anaconda3\envs\p11_env\Lib\site-packages\sklearn\metrics\_classification.py:1344: UndefinedMetricWarning: Precision is ill-defined and being set to 0.0 due to no predicted samples. Use `zero_division` parameter to control this behavior.
  _warn_prf(average, modifier, msg_start, len(result))

2026-06-15 22:47:18,447:WARNING:c:\Users\DELL\anaconda3\envs\p11_env\Lib\site-packages\sklearn\metrics\_classification.py:1344: UndefinedMetricWarning: Precision is ill-defined and being set to 0.0 due to no predicted samples. Use `zero_division` parameter to control this behavior.
  _warn_prf(average, modifier, msg_start, len(result))

2026-06-15 22:47:28,530:WARNING:c:\Users\DELL\anaconda3\envs\p11_env\Lib\site-packages\sklearn\metrics\_classification.py:1344: UndefinedMetricWarning: Precision is ill-defined and being set to 0.0 due to no predicted samples. Use `zero_division` parameter to control this behavior.
  _warn_prf(average, modifier, msg_start, len(result))

2026-06-15 22:47:37,682:WARNING:c:\Users\DELL\anaconda3\envs\p11_env\Lib\site-packages\sklearn\metrics\_classification.py:1344: UndefinedMetricWarning: Precision is ill-defined and being set to 0.0 due to no predicted samples. Use `zero_division` parameter to control this behavior.
  _warn_prf(average, modifier, msg_start, len(result))

2026-06-15 22:47:47,054:WARNING:c:\Users\DELL\anaconda3\envs\p11_env\Lib\site-packages\sklearn\metrics\_classification.py:1344: UndefinedMetricWarning: Precision is ill-defined and being set to 0.0 due to no predicted samples. Use `zero_division` parameter to control this behavior.
  _warn_prf(average, modifier, msg_start, len(result))

2026-06-15 22:47:49,629:WARNING:c:\Users\DELL\anaconda3\envs\p11_env\Lib\site-packages\sklearn\metrics\_classification.py:1344: UndefinedMetricWarning: Precision is ill-defined and being set to 0.0 due to no predicted samples. Use `zero_division` parameter to control this behavior.
  _warn_prf(average, modifier, msg_start, len(result))

2026-06-15 22:47:59,767:WARNING:c:\Users\DELL\anaconda3\envs\p11_env\Lib\site-packages\sklearn\metrics\_classification.py:1344: UndefinedMetricWarning: Precision is ill-defined and being set to 0.0 due to no predicted samples. Use `zero_division` parameter to control this behavior.
  _warn_prf(average, modifier, msg_start, len(result))

2026-06-15 22:48:23,632:WARNING:c:\Users\DELL\anaconda3\envs\p11_env\Lib\site-packages\sklearn\metrics\_classification.py:1344: UndefinedMetricWarning: Precision is ill-defined and being set to 0.0 due to no predicted samples. Use `zero_division` parameter to control this behavior.
  _warn_prf(average, modifier, msg_start, len(result))

2026-06-15 22:49:04,380:WARNING:c:\Users\DELL\anaconda3\envs\p11_env\Lib\site-packages\sklearn\metrics\_classification.py:1344: UndefinedMetricWarning: Precision is ill-defined and being set to 0.0 due to no predicted samples. Use `zero_division` parameter to control this behavior.
  _warn_prf(average, modifier, msg_start, len(result))

2026-06-15 22:49:17,662:WARNING:c:\Users\DELL\anaconda3\envs\p11_env\Lib\site-packages\sklearn\metrics\_classification.py:1344: UndefinedMetricWarning: Precision is ill-defined and being set to 0.0 due to no predicted samples. Use `zero_division` parameter to control this behavior.
  _warn_prf(average, modifier, msg_start, len(result))

2026-06-15 22:49:48,603:WARNING:c:\Users\DELL\anaconda3\envs\p11_env\Lib\site-packages\sklearn\metrics\_classification.py:1344: UndefinedMetricWarning: Precision is ill-defined and being set to 0.0 due to no predicted samples. Use `zero_division` parameter to control this behavior.
  _warn_prf(average, modifier, msg_start, len(result))

2026-06-15 22:49:53,236:WARNING:c:\Users\DELL\anaconda3\envs\p11_env\Lib\site-packages\sklearn\metrics\_classification.py:1344: UndefinedMetricWarning: Precision is ill-defined and being set to 0.0 due to no predicted samples. Use `zero_division` parameter to control this behavior.
  _warn_prf(average, modifier, msg_start, len(result))

2026-06-15 22:50:23,666:WARNING:c:\Users\DELL\anaconda3\envs\p11_env\Lib\site-packages\sklearn\metrics\_classification.py:1344: UndefinedMetricWarning: Precision is ill-defined and being set to 0.0 due to no predicted samples. Use `zero_division` parameter to control this behavior.
  _warn_prf(average, modifier, msg_start, len(result))

2026-06-15 22:50:26,690:WARNING:c:\Users\DELL\anaconda3\envs\p11_env\Lib\site-packages\sklearn\metrics\_classification.py:1344: UndefinedMetricWarning: Precision is ill-defined and being set to 0.0 due to no predicted samples. Use `zero_division` parameter to control this behavior.
  _warn_prf(average, modifier, msg_start, len(result))

2026-06-15 22:50:48,828:WARNING:c:\Users\DELL\anaconda3\envs\p11_env\Lib\site-packages\sklearn\metrics\_classification.py:1344: UndefinedMetricWarning: Precision is ill-defined and being set to 0.0 due to no predicted samples. Use `zero_division` parameter to control this behavior.
  _warn_prf(average, modifier, msg_start, len(result))

2026-06-15 22:51:26,956:WARNING:c:\Users\DELL\anaconda3\envs\p11_env\Lib\site-packages\sklearn\metrics\_classification.py:1344: UndefinedMetricWarning: Precision is ill-defined and being set to 0.0 due to no predicted samples. Use `zero_division` parameter to control this behavior.
  _warn_prf(average, modifier, msg_start, len(result))

2026-06-15 22:52:13,609:WARNING:c:\Users\DELL\anaconda3\envs\p11_env\Lib\site-packages\sklearn\metrics\_classification.py:1344: UndefinedMetricWarning: Precision is ill-defined and being set to 0.0 due to no predicted samples. Use `zero_division` parameter to control this behavior.
  _warn_prf(average, modifier, msg_start, len(result))

2026-06-15 22:52:29,117:WARNING:c:\Users\DELL\anaconda3\envs\p11_env\Lib\site-packages\sklearn\metrics\_classification.py:1344: UndefinedMetricWarning: Precision is ill-defined and being set to 0.0 due to no predicted samples. Use `zero_division` parameter to control this behavior.
  _warn_prf(average, modifier, msg_start, len(result))

2026-06-15 22:54:56,839:WARNING:c:\Users\DELL\anaconda3\envs\p11_env\Lib\site-packages\sklearn\metrics\_classification.py:1344: UndefinedMetricWarning: Precision is ill-defined and being set to 0.0 due to no predicted samples. Use `zero_division` parameter to control this behavior.
  _warn_prf(average, modifier, msg_start, len(result))

2026-06-15 22:55:06,535:WARNING:c:\Users\DELL\anaconda3\envs\p11_env\Lib\site-packages\sklearn\metrics\_classification.py:1344: UndefinedMetricWarning: Precision is ill-defined and being set to 0.0 due to no predicted samples. Use `zero_division` parameter to control this behavior.
  _warn_prf(average, modifier, msg_start, len(result))

2026-06-15 22:55:49,530:WARNING:c:\Users\DELL\anaconda3\envs\p11_env\Lib\site-packages\sklearn\metrics\_classification.py:1344: UndefinedMetricWarning: Precision is ill-defined and being set to 0.0 due to no predicted samples. Use `zero_division` parameter to control this behavior.
  _warn_prf(average, modifier, msg_start, len(result))

2026-06-15 22:55:52,615:WARNING:c:\Users\DELL\anaconda3\envs\p11_env\Lib\site-packages\sklearn\metrics\_classification.py:1344: UndefinedMetricWarning: Precision is ill-defined and being set to 0.0 due to no predicted samples. Use `zero_division` parameter to control this behavior.
  _warn_prf(average, modifier, msg_start, len(result))

2026-06-15 23:22:42,026:WARNING:c:\Users\DELL\anaconda3\envs\p11_env\Lib\site-packages\sklearn\metrics\_classification.py:1344: UndefinedMetricWarning: Precision is ill-defined and being set to 0.0 due to no predicted samples. Use `zero_division` parameter to control this behavior.
  _warn_prf(average, modifier, msg_start, len(result))

2026-06-15 23:23:15,474:WARNING:c:\Users\DELL\anaconda3\envs\p11_env\Lib\site-packages\sklearn\metrics\_classification.py:1344: UndefinedMetricWarning: Precision is ill-defined and being set to 0.0 due to no predicted samples. Use `zero_division` parameter to control this behavior.
  _warn_prf(average, modifier, msg_start, len(result))

2026-06-15 23:23:15,744:WARNING:c:\Users\DELL\anaconda3\envs\p11_env\Lib\site-packages\sklearn\metrics\_classification.py:1344: UndefinedMetricWarning: Precision is ill-defined and being set to 0.0 due to no predicted samples. Use `zero_division` parameter to control this behavior.
  _warn_prf(average, modifier, msg_start, len(result))

2026-06-15 23:23:31,568:WARNING:c:\Users\DELL\anaconda3\envs\p11_env\Lib\site-packages\sklearn\metrics\_classification.py:1344: UndefinedMetricWarning: Precision is ill-defined and being set to 0.0 due to no predicted samples. Use `zero_division` parameter to control this behavior.
  _warn_prf(average, modifier, msg_start, len(result))

2026-06-15 23:23:59,783:WARNING:c:\Users\DELL\anaconda3\envs\p11_env\Lib\site-packages\sklearn\metrics\_classification.py:1344: UndefinedMetricWarning: Precision is ill-defined and being set to 0.0 due to no predicted samples. Use `zero_division` parameter to control this behavior.
  _warn_prf(average, modifier, msg_start, len(result))

2026-06-15 23:24:03,867:WARNING:c:\Users\DELL\anaconda3\envs\p11_env\Lib\site-packages\sklearn\metrics\_classification.py:1344: UndefinedMetricWarning: Precision is ill-defined and being set to 0.0 due to no predicted samples. Use `zero_division` parameter to control this behavior.
  _warn_prf(average, modifier, msg_start, len(result))

2026-06-15 23:24:06,013:WARNING:c:\Users\DELL\anaconda3\envs\p11_env\Lib\site-packages\sklearn\metrics\_classification.py:1344: UndefinedMetricWarning: Precision is ill-defined and being set to 0.0 due to no predicted samples. Use `zero_division` parameter to control this behavior.
  _warn_prf(average, modifier, msg_start, len(result))

2026-06-15 23:24:20,479:WARNING:c:\Users\DELL\anaconda3\envs\p11_env\Lib\site-packages\sklearn\metrics\_classification.py:1344: UndefinedMetricWarning: Precision is ill-defined and being set to 0.0 due to no predicted samples. Use `zero_division` parameter to control this behavior.
  _warn_prf(average, modifier, msg_start, len(result))

2026-06-15 23:24:21,371:WARNING:c:\Users\DELL\anaconda3\envs\p11_env\Lib\site-packages\sklearn\metrics\_classification.py:1344: UndefinedMetricWarning: Precision is ill-defined and being set to 0.0 due to no predicted samples. Use `zero_division` parameter to control this behavior.
  _warn_prf(average, modifier, msg_start, len(result))

2026-06-15 23:24:31,520:WARNING:c:\Users\DELL\anaconda3\envs\p11_env\Lib\site-packages\sklearn\metrics\_classification.py:1344: UndefinedMetricWarning: Precision is ill-defined and being set to 0.0 due to no predicted samples. Use `zero_division` parameter to control this behavior.
  _warn_prf(average, modifier, msg_start, len(result))

2026-06-15 23:25:43,250:WARNING:c:\Users\DELL\anaconda3\envs\p11_env\Lib\site-packages\sklearn\metrics\_classification.py:1344: UndefinedMetricWarning: Precision is ill-defined and being set to 0.0 due to no predicted samples. Use `zero_division` parameter to control this behavior.
  _warn_prf(average, modifier, msg_start, len(result))

2026-06-15 23:25:48,451:WARNING:c:\Users\DELL\anaconda3\envs\p11_env\Lib\site-packages\sklearn\metrics\_classification.py:1344: UndefinedMetricWarning: Precision is ill-defined and being set to 0.0 due to no predicted samples. Use `zero_division` parameter to control this behavior.
  _warn_prf(average, modifier, msg_start, len(result))

2026-06-15 23:25:50,083:WARNING:c:\Users\DELL\anaconda3\envs\p11_env\Lib\site-packages\sklearn\metrics\_classification.py:1344: UndefinedMetricWarning: Precision is ill-defined and being set to 0.0 due to no predicted samples. Use `zero_division` parameter to control this behavior.
  _warn_prf(average, modifier, msg_start, len(result))

2026-06-15 23:26:01,409:WARNING:c:\Users\DELL\anaconda3\envs\p11_env\Lib\site-packages\sklearn\metrics\_classification.py:1344: UndefinedMetricWarning: Precision is ill-defined and being set to 0.0 due to no predicted samples. Use `zero_division` parameter to control this behavior.
  _warn_prf(average, modifier, msg_start, len(result))

2026-06-15 23:26:04,896:WARNING:c:\Users\DELL\anaconda3\envs\p11_env\Lib\site-packages\sklearn\metrics\_classification.py:1344: UndefinedMetricWarning: Precision is ill-defined and being set to 0.0 due to no predicted samples. Use `zero_division` parameter to control this behavior.
  _warn_prf(average, modifier, msg_start, len(result))

2026-06-15 23:26:12,038:WARNING:c:\Users\DELL\anaconda3\envs\p11_env\Lib\site-packages\sklearn\metrics\_classification.py:1344: UndefinedMetricWarning: Precision is ill-defined and being set to 0.0 due to no predicted samples. Use `zero_division` parameter to control this behavior.
  _warn_prf(average, modifier, msg_start, len(result))

2026-06-15 23:26:23,608:WARNING:c:\Users\DELL\anaconda3\envs\p11_env\Lib\site-packages\sklearn\metrics\_classification.py:1344: UndefinedMetricWarning: Precision is ill-defined and being set to 0.0 due to no predicted samples. Use `zero_division` parameter to control this behavior.
  _warn_prf(average, modifier, msg_start, len(result))

2026-06-15 23:26:29,957:WARNING:c:\Users\DELL\anaconda3\envs\p11_env\Lib\site-packages\sklearn\metrics\_classification.py:1344: UndefinedMetricWarning: Precision is ill-defined and being set to 0.0 due to no predicted samples. Use `zero_division` parameter to control this behavior.
  _warn_prf(average, modifier, msg_start, len(result))

2026-06-15 23:26:36,526:WARNING:c:\Users\DELL\anaconda3\envs\p11_env\Lib\site-packages\sklearn\metrics\_classification.py:1344: UndefinedMetricWarning: Precision is ill-defined and being set to 0.0 due to no predicted samples. Use `zero_division` parameter to control this behavior.
  _warn_prf(average, modifier, msg_start, len(result))

2026-06-15 23:26:38,864:WARNING:c:\Users\DELL\anaconda3\envs\p11_env\Lib\site-packages\sklearn\metrics\_classification.py:1344: UndefinedMetricWarning: Precision is ill-defined and being set to 0.0 due to no predicted samples. Use `zero_division` parameter to control this behavior.
  _warn_prf(average, modifier, msg_start, len(result))

2026-06-15 23:26:44,815:WARNING:c:\Users\DELL\anaconda3\envs\p11_env\Lib\site-packages\sklearn\metrics\_classification.py:1344: UndefinedMetricWarning: Precision is ill-defined and being set to 0.0 due to no predicted samples. Use `zero_division` parameter to control this behavior.
  _warn_prf(average, modifier, msg_start, len(result))

2026-06-15 23:26:51,557:WARNING:c:\Users\DELL\anaconda3\envs\p11_env\Lib\site-packages\sklearn\metrics\_classification.py:1344: UndefinedMetricWarning: Precision is ill-defined and being set to 0.0 due to no predicted samples. Use `zero_division` parameter to control this behavior.
  _warn_prf(average, modifier, msg_start, len(result))

2026-06-15 23:27:06,502:WARNING:c:\Users\DELL\anaconda3\envs\p11_env\Lib\site-packages\sklearn\metrics\_classification.py:1344: UndefinedMetricWarning: Precision is ill-defined and being set to 0.0 due to no predicted samples. Use `zero_division` parameter to control this behavior.
  _warn_prf(average, modifier, msg_start, len(result))

2026-06-15 23:27:08,111:WARNING:c:\Users\DELL\anaconda3\envs\p11_env\Lib\site-packages\sklearn\metrics\_classification.py:1344: UndefinedMetricWarning: Precision is ill-defined and being set to 0.0 due to no predicted samples. Use `zero_division` parameter to control this behavior.
  _warn_prf(average, modifier, msg_start, len(result))

2026-06-15 23:27:26,461:WARNING:c:\Users\DELL\anaconda3\envs\p11_env\Lib\site-packages\sklearn\metrics\_classification.py:1344: UndefinedMetricWarning: Precision is ill-defined and being set to 0.0 due to no predicted samples. Use `zero_division` parameter to control this behavior.
  _warn_prf(average, modifier, msg_start, len(result))

2026-06-15 23:27:41,099:WARNING:c:\Users\DELL\anaconda3\envs\p11_env\Lib\site-packages\sklearn\metrics\_classification.py:1344: UndefinedMetricWarning: Precision is ill-defined and being set to 0.0 due to no predicted samples. Use `zero_division` parameter to control this behavior.
  _warn_prf(average, modifier, msg_start, len(result))

2026-06-15 23:27:52,202:WARNING:c:\Users\DELL\anaconda3\envs\p11_env\Lib\site-packages\sklearn\metrics\_classification.py:1344: UndefinedMetricWarning: Precision is ill-defined and being set to 0.0 due to no predicted samples. Use `zero_division` parameter to control this behavior.
  _warn_prf(average, modifier, msg_start, len(result))

2026-06-15 23:27:52,819:WARNING:c:\Users\DELL\anaconda3\envs\p11_env\Lib\site-packages\sklearn\metrics\_classification.py:1344: UndefinedMetricWarning: Precision is ill-defined and being set to 0.0 due to no predicted samples. Use `zero_division` parameter to control this behavior.
  _warn_prf(average, modifier, msg_start, len(result))

2026-06-15 23:27:56,248:WARNING:c:\Users\DELL\anaconda3\envs\p11_env\Lib\site-packages\sklearn\metrics\_classification.py:1344: UndefinedMetricWarning: Precision is ill-defined and being set to 0.0 due to no predicted samples. Use `zero_division` parameter to control this behavior.
  _warn_prf(average, modifier, msg_start, len(result))

2026-06-15 23:28:07,901:WARNING:c:\Users\DELL\anaconda3\envs\p11_env\Lib\site-packages\sklearn\metrics\_classification.py:1344: UndefinedMetricWarning: Precision is ill-defined and being set to 0.0 due to no predicted samples. Use `zero_division` parameter to control this behavior.
  _warn_prf(average, modifier, msg_start, len(result))

2026-06-15 23:43:56,046:WARNING:c:\Users\DELL\anaconda3\envs\p11_env\Lib\site-packages\sklearn\metrics\_classification.py:1344: UndefinedMetricWarning: Precision is ill-defined and being set to 0.0 due to no predicted samples. Use `zero_division` parameter to control this behavior.
  _warn_prf(average, modifier, msg_start, len(result))

2026-06-15 23:44:12,610:WARNING:c:\Users\DELL\anaconda3\envs\p11_env\Lib\site-packages\sklearn\metrics\_classification.py:1344: UndefinedMetricWarning: Precision is ill-defined and being set to 0.0 due to no predicted samples. Use `zero_division` parameter to control this behavior.
  _warn_prf(average, modifier, msg_start, len(result))

2026-06-15 23:44:37,766:WARNING:c:\Users\DELL\anaconda3\envs\p11_env\Lib\site-packages\sklearn\metrics\_classification.py:1344: UndefinedMetricWarning: Precision is ill-defined and being set to 0.0 due to no predicted samples. Use `zero_division` parameter to control this behavior.
  _warn_prf(average, modifier, msg_start, len(result))

2026-06-15 23:45:14,912:WARNING:c:\Users\DELL\anaconda3\envs\p11_env\Lib\site-packages\sklearn\metrics\_classification.py:1344: UndefinedMetricWarning: Precision is ill-defined and being set to 0.0 due to no predicted samples. Use `zero_division` parameter to control this behavior.
  _warn_prf(average, modifier, msg_start, len(result))

2026-06-15 23:45:47,427:WARNING:c:\Users\DELL\anaconda3\envs\p11_env\Lib\site-packages\sklearn\metrics\_classification.py:1344: UndefinedMetricWarning: Precision is ill-defined and being set to 0.0 due to no predicted samples. Use `zero_division` parameter to control this behavior.
  _warn_prf(average, modifier, msg_start, len(result))

2026-06-15 23:45:53,275:WARNING:c:\Users\DELL\anaconda3\envs\p11_env\Lib\site-packages\sklearn\metrics\_classification.py:1344: UndefinedMetricWarning: Precision is ill-defined and being set to 0.0 due to no predicted samples. Use `zero_division` parameter to control this behavior.
  _warn_prf(average, modifier, msg_start, len(result))

2026-06-15 23:46:04,395:WARNING:c:\Users\DELL\anaconda3\envs\p11_env\Lib\site-packages\sklearn\metrics\_classification.py:1344: UndefinedMetricWarning: Precision is ill-defined and being set to 0.0 due to no predicted samples. Use `zero_division` parameter to control this behavior.
  _warn_prf(average, modifier, msg_start, len(result))

2026-06-15 23:46:08,578:WARNING:c:\Users\DELL\anaconda3\envs\p11_env\Lib\site-packages\sklearn\metrics\_classification.py:1344: UndefinedMetricWarning: Precision is ill-defined and being set to 0.0 due to no predicted samples. Use `zero_division` parameter to control this behavior.
  _warn_prf(average, modifier, msg_start, len(result))

2026-06-15 23:46:38,605:WARNING:c:\Users\DELL\anaconda3\envs\p11_env\Lib\site-packages\sklearn\metrics\_classification.py:1344: UndefinedMetricWarning: Precision is ill-defined and being set to 0.0 due to no predicted samples. Use `zero_division` parameter to control this behavior.
  _warn_prf(average, modifier, msg_start, len(result))

2026-06-15 23:46:38,865:WARNING:c:\Users\DELL\anaconda3\envs\p11_env\Lib\site-packages\sklearn\metrics\_classification.py:1344: UndefinedMetricWarning: Precision is ill-defined and being set to 0.0 due to no predicted samples. Use `zero_division` parameter to control this behavior.
  _warn_prf(average, modifier, msg_start, len(result))

2026-06-15 23:46:48,549:WARNING:c:\Users\DELL\anaconda3\envs\p11_env\Lib\site-packages\sklearn\metrics\_classification.py:1344: UndefinedMetricWarning: Precision is ill-defined and being set to 0.0 due to no predicted samples. Use `zero_division` parameter to control this behavior.
  _warn_prf(average, modifier, msg_start, len(result))

2026-06-15 23:46:51,589:WARNING:c:\Users\DELL\anaconda3\envs\p11_env\Lib\site-packages\sklearn\metrics\_classification.py:1344: UndefinedMetricWarning: Precision is ill-defined and being set to 0.0 due to no predicted samples. Use `zero_division` parameter to control this behavior.
  _warn_prf(average, modifier, msg_start, len(result))

2026-06-15 23:47:03,498:WARNING:c:\Users\DELL\anaconda3\envs\p11_env\Lib\site-packages\sklearn\metrics\_classification.py:1344: UndefinedMetricWarning: Precision is ill-defined and being set to 0.0 due to no predicted samples. Use `zero_division` parameter to control this behavior.
  _warn_prf(average, modifier, msg_start, len(result))

2026-06-15 23:47:06,580:WARNING:c:\Users\DELL\anaconda3\envs\p11_env\Lib\site-packages\sklearn\metrics\_classification.py:1344: UndefinedMetricWarning: Precision is ill-defined and being set to 0.0 due to no predicted samples. Use `zero_division` parameter to control this behavior.
  _warn_prf(average, modifier, msg_start, len(result))

2026-06-15 23:47:08,861:WARNING:c:\Users\DELL\anaconda3\envs\p11_env\Lib\site-packages\sklearn\metrics\_classification.py:1344: UndefinedMetricWarning: Precision is ill-defined and being set to 0.0 due to no predicted samples. Use `zero_division` parameter to control this behavior.
  _warn_prf(average, modifier, msg_start, len(result))

2026-06-15 23:47:15,695:WARNING:c:\Users\DELL\anaconda3\envs\p11_env\Lib\site-packages\sklearn\metrics\_classification.py:1344: UndefinedMetricWarning: Precision is ill-defined and being set to 0.0 due to no predicted samples. Use `zero_division` parameter to control this behavior.
  _warn_prf(average, modifier, msg_start, len(result))

2026-06-15 23:47:31,443:WARNING:c:\Users\DELL\anaconda3\envs\p11_env\Lib\site-packages\sklearn\metrics\_classification.py:1344: UndefinedMetricWarning: Precision is ill-defined and being set to 0.0 due to no predicted samples. Use `zero_division` parameter to control this behavior.
  _warn_prf(average, modifier, msg_start, len(result))

2026-06-15 23:47:33,339:WARNING:c:\Users\DELL\anaconda3\envs\p11_env\Lib\site-packages\sklearn\metrics\_classification.py:1344: UndefinedMetricWarning: Precision is ill-defined and being set to 0.0 due to no predicted samples. Use `zero_division` parameter to control this behavior.
  _warn_prf(average, modifier, msg_start, len(result))

2026-06-15 23:47:38,068:WARNING:c:\Users\DELL\anaconda3\envs\p11_env\Lib\site-packages\sklearn\metrics\_classification.py:1344: UndefinedMetricWarning: Precision is ill-defined and being set to 0.0 due to no predicted samples. Use `zero_division` parameter to control this behavior.
  _warn_prf(average, modifier, msg_start, len(result))

2026-06-15 23:47:40,274:WARNING:c:\Users\DELL\anaconda3\envs\p11_env\Lib\site-packages\sklearn\metrics\_classification.py:1344: UndefinedMetricWarning: Precision is ill-defined and being set to 0.0 due to no predicted samples. Use `zero_division` parameter to control this behavior.
  _warn_prf(average, modifier, msg_start, len(result))

2026-06-15 23:48:04,306:WARNING:c:\Users\DELL\anaconda3\envs\p11_env\Lib\site-packages\sklearn\metrics\_classification.py:1344: UndefinedMetricWarning: Precision is ill-defined and being set to 0.0 due to no predicted samples. Use `zero_division` parameter to control this behavior.
  _warn_prf(average, modifier, msg_start, len(result))

2026-06-15 23:48:07,115:WARNING:c:\Users\DELL\anaconda3\envs\p11_env\Lib\site-packages\sklearn\metrics\_classification.py:1344: UndefinedMetricWarning: Precision is ill-defined and being set to 0.0 due to no predicted samples. Use `zero_division` parameter to control this behavior.
  _warn_prf(average, modifier, msg_start, len(result))

2026-06-15 23:48:08,211:WARNING:c:\Users\DELL\anaconda3\envs\p11_env\Lib\site-packages\sklearn\metrics\_classification.py:1344: UndefinedMetricWarning: Precision is ill-defined and being set to 0.0 due to no predicted samples. Use `zero_division` parameter to control this behavior.
  _warn_prf(average, modifier, msg_start, len(result))

2026-06-15 23:48:09,723:WARNING:c:\Users\DELL\anaconda3\envs\p11_env\Lib\site-packages\sklearn\metrics\_classification.py:1344: UndefinedMetricWarning: Precision is ill-defined and being set to 0.0 due to no predicted samples. Use `zero_division` parameter to control this behavior.
  _warn_prf(average, modifier, msg_start, len(result))

2026-06-15 23:48:23,834:WARNING:c:\Users\DELL\anaconda3\envs\p11_env\Lib\site-packages\sklearn\metrics\_classification.py:1344: UndefinedMetricWarning: Precision is ill-defined and being set to 0.0 due to no predicted samples. Use `zero_division` parameter to control this behavior.
  _warn_prf(average, modifier, msg_start, len(result))

2026-06-15 23:48:24,477:WARNING:c:\Users\DELL\anaconda3\envs\p11_env\Lib\site-packages\sklearn\metrics\_classification.py:1344: UndefinedMetricWarning: Precision is ill-defined and being set to 0.0 due to no predicted samples. Use `zero_division` parameter to control this behavior.
  _warn_prf(average, modifier, msg_start, len(result))

2026-06-15 23:48:41,644:WARNING:c:\Users\DELL\anaconda3\envs\p11_env\Lib\site-packages\sklearn\metrics\_classification.py:1344: UndefinedMetricWarning: Precision is ill-defined and being set to 0.0 due to no predicted samples. Use `zero_division` parameter to control this behavior.
  _warn_prf(average, modifier, msg_start, len(result))

2026-06-15 23:48:42,556:WARNING:c:\Users\DELL\anaconda3\envs\p11_env\Lib\site-packages\sklearn\metrics\_classification.py:1344: UndefinedMetricWarning: Precision is ill-defined and being set to 0.0 due to no predicted samples. Use `zero_division` parameter to control this behavior.
  _warn_prf(average, modifier, msg_start, len(result))

2026-06-15 23:49:07,190:WARNING:c:\Users\DELL\anaconda3\envs\p11_env\Lib\site-packages\sklearn\metrics\_classification.py:1344: UndefinedMetricWarning: Precision is ill-defined and being set to 0.0 due to no predicted samples. Use `zero_division` parameter to control this behavior.
  _warn_prf(average, modifier, msg_start, len(result))

2026-06-15 23:49:10,630:WARNING:c:\Users\DELL\anaconda3\envs\p11_env\Lib\site-packages\sklearn\metrics\_classification.py:1344: UndefinedMetricWarning: Precision is ill-defined and being set to 0.0 due to no predicted samples. Use `zero_division` parameter to control this behavior.
  _warn_prf(average, modifier, msg_start, len(result))

2026-06-15 23:50:16,723:WARNING:c:\Users\DELL\anaconda3\envs\p11_env\Lib\site-packages\sklearn\metrics\_classification.py:1344: UndefinedMetricWarning: Precision is ill-defined and being set to 0.0 due to no predicted samples. Use `zero_division` parameter to control this behavior.
  _warn_prf(average, modifier, msg_start, len(result))

2026-06-15 23:50:24,760:WARNING:c:\Users\DELL\anaconda3\envs\p11_env\Lib\site-packages\sklearn\metrics\_classification.py:1344: UndefinedMetricWarning: Precision is ill-defined and being set to 0.0 due to no predicted samples. Use `zero_division` parameter to control this behavior.
  _warn_prf(average, modifier, msg_start, len(result))

2026-06-15 23:50:45,690:WARNING:c:\Users\DELL\anaconda3\envs\p11_env\Lib\site-packages\sklearn\metrics\_classification.py:1344: UndefinedMetricWarning: Precision is ill-defined and being set to 0.0 due to no predicted samples. Use `zero_division` parameter to control this behavior.
  _warn_prf(average, modifier, msg_start, len(result))

2026-06-15 23:50:55,616:WARNING:c:\Users\DELL\anaconda3\envs\p11_env\Lib\site-packages\sklearn\metrics\_classification.py:1344: UndefinedMetricWarning: Precision is ill-defined and being set to 0.0 due to no predicted samples. Use `zero_division` parameter to control this behavior.
  _warn_prf(average, modifier, msg_start, len(result))

2026-06-15 23:52:01,192:WARNING:c:\Users\DELL\anaconda3\envs\p11_env\Lib\site-packages\sklearn\metrics\_classification.py:1344: UndefinedMetricWarning: Precision is ill-defined and being set to 0.0 due to no predicted samples. Use `zero_division` parameter to control this behavior.
  _warn_prf(average, modifier, msg_start, len(result))

2026-06-15 23:52:08,796:WARNING:c:\Users\DELL\anaconda3\envs\p11_env\Lib\site-packages\sklearn\metrics\_classification.py:1344: UndefinedMetricWarning: Precision is ill-defined and being set to 0.0 due to no predicted samples. Use `zero_division` parameter to control this behavior.
  _warn_prf(average, modifier, msg_start, len(result))

2026-06-15 23:52:09,595:WARNING:c:\Users\DELL\anaconda3\envs\p11_env\Lib\site-packages\sklearn\metrics\_classification.py:1344: UndefinedMetricWarning: Precision is ill-defined and being set to 0.0 due to no predicted samples. Use `zero_division` parameter to control this behavior.
  _warn_prf(average, modifier, msg_start, len(result))

2026-06-15 23:52:16,164:WARNING:c:\Users\DELL\anaconda3\envs\p11_env\Lib\site-packages\sklearn\metrics\_classification.py:1344: UndefinedMetricWarning: Precision is ill-defined and being set to 0.0 due to no predicted samples. Use `zero_division` parameter to control this behavior.
  _warn_prf(average, modifier, msg_start, len(result))

2026-06-15 23:52:16,325:WARNING:c:\Users\DELL\anaconda3\envs\p11_env\Lib\site-packages\sklearn\metrics\_classification.py:1344: UndefinedMetricWarning: Precision is ill-defined and being set to 0.0 due to no predicted samples. Use `zero_division` parameter to control this behavior.
  _warn_prf(average, modifier, msg_start, len(result))

2026-06-15 23:52:23,257:WARNING:c:\Users\DELL\anaconda3\envs\p11_env\Lib\site-packages\sklearn\metrics\_classification.py:1344: UndefinedMetricWarning: Precision is ill-defined and being set to 0.0 due to no predicted samples. Use `zero_division` parameter to control this behavior.
  _warn_prf(average, modifier, msg_start, len(result))

2026-06-15 23:52:31,331:WARNING:c:\Users\DELL\anaconda3\envs\p11_env\Lib\site-packages\sklearn\metrics\_classification.py:1344: UndefinedMetricWarning: Precision is ill-defined and being set to 0.0 due to no predicted samples. Use `zero_division` parameter to control this behavior.
  _warn_prf(average, modifier, msg_start, len(result))

2026-06-15 23:52:40,517:WARNING:c:\Users\DELL\anaconda3\envs\p11_env\Lib\site-packages\sklearn\metrics\_classification.py:1344: UndefinedMetricWarning: Precision is ill-defined and being set to 0.0 due to no predicted samples. Use `zero_division` parameter to control this behavior.
  _warn_prf(average, modifier, msg_start, len(result))

2026-06-15 23:52:45,785:WARNING:c:\Users\DELL\anaconda3\envs\p11_env\Lib\site-packages\sklearn\metrics\_classification.py:1344: UndefinedMetricWarning: Precision is ill-defined and being set to 0.0 due to no predicted samples. Use `zero_division` parameter to control this behavior.
  _warn_prf(average, modifier, msg_start, len(result))

2026-06-15 23:52:52,280:WARNING:c:\Users\DELL\anaconda3\envs\p11_env\Lib\site-packages\sklearn\metrics\_classification.py:1344: UndefinedMetricWarning: Precision is ill-defined and being set to 0.0 due to no predicted samples. Use `zero_division` parameter to control this behavior.
  _warn_prf(average, modifier, msg_start, len(result))

2026-06-15 23:55:42,541:WARNING:c:\Users\DELL\anaconda3\envs\p11_env\Lib\site-packages\sklearn\metrics\_classification.py:1344: UndefinedMetricWarning: Precision is ill-defined and being set to 0.0 due to no predicted samples. Use `zero_division` parameter to control this behavior.
  _warn_prf(average, modifier, msg_start, len(result))

2026-06-15 23:55:55,614:WARNING:c:\Users\DELL\anaconda3\envs\p11_env\Lib\site-packages\sklearn\metrics\_classification.py:1344: UndefinedMetricWarning: Precision is ill-defined and being set to 0.0 due to no predicted samples. Use `zero_division` parameter to control this behavior.
  _warn_prf(average, modifier, msg_start, len(result))

2026-06-15 23:56:21,238:WARNING:c:\Users\DELL\anaconda3\envs\p11_env\Lib\site-packages\sklearn\metrics\_classification.py:1344: UndefinedMetricWarning: Precision is ill-defined and being set to 0.0 due to no predicted samples. Use `zero_division` parameter to control this behavior.
  _warn_prf(average, modifier, msg_start, len(result))

2026-06-15 23:56:36,621:WARNING:c:\Users\DELL\anaconda3\envs\p11_env\Lib\site-packages\sklearn\metrics\_classification.py:1344: UndefinedMetricWarning: Precision is ill-defined and being set to 0.0 due to no predicted samples. Use `zero_division` parameter to control this behavior.
  _warn_prf(average, modifier, msg_start, len(result))

2026-06-15 23:56:58,470:WARNING:c:\Users\DELL\anaconda3\envs\p11_env\Lib\site-packages\sklearn\metrics\_classification.py:1344: UndefinedMetricWarning: Precision is ill-defined and being set to 0.0 due to no predicted samples. Use `zero_division` parameter to control this behavior.
  _warn_prf(average, modifier, msg_start, len(result))

2026-06-15 23:56:59,281:WARNING:c:\Users\DELL\anaconda3\envs\p11_env\Lib\site-packages\sklearn\metrics\_classification.py:1344: UndefinedMetricWarning: Precision is ill-defined and being set to 0.0 due to no predicted samples. Use `zero_division` parameter to control this behavior.
  _warn_prf(average, modifier, msg_start, len(result))

2026-06-15 23:57:00,684:WARNING:c:\Users\DELL\anaconda3\envs\p11_env\Lib\site-packages\sklearn\metrics\_classification.py:1344: UndefinedMetricWarning: Precision is ill-defined and being set to 0.0 due to no predicted samples. Use `zero_division` parameter to control this behavior.
  _warn_prf(average, modifier, msg_start, len(result))

2026-06-15 23:57:15,421:WARNING:c:\Users\DELL\anaconda3\envs\p11_env\Lib\site-packages\sklearn\metrics\_classification.py:1344: UndefinedMetricWarning: Precision is ill-defined and being set to 0.0 due to no predicted samples. Use `zero_division` parameter to control this behavior.
  _warn_prf(average, modifier, msg_start, len(result))

2026-06-15 23:57:26,737:WARNING:c:\Users\DELL\anaconda3\envs\p11_env\Lib\site-packages\sklearn\metrics\_classification.py:1344: UndefinedMetricWarning: Precision is ill-defined and being set to 0.0 due to no predicted samples. Use `zero_division` parameter to control this behavior.
  _warn_prf(average, modifier, msg_start, len(result))

2026-06-15 23:57:32,041:WARNING:c:\Users\DELL\anaconda3\envs\p11_env\Lib\site-packages\sklearn\metrics\_classification.py:1344: UndefinedMetricWarning: Precision is ill-defined and being set to 0.0 due to no predicted samples. Use `zero_division` parameter to control this behavior.
  _warn_prf(average, modifier, msg_start, len(result))

2026-06-15 23:57:36,354:WARNING:c:\Users\DELL\anaconda3\envs\p11_env\Lib\site-packages\sklearn\metrics\_classification.py:1344: UndefinedMetricWarning: Precision is ill-defined and being set to 0.0 due to no predicted samples. Use `zero_division` parameter to control this behavior.
  _warn_prf(average, modifier, msg_start, len(result))

2026-06-15 23:57:45,351:WARNING:c:\Users\DELL\anaconda3\envs\p11_env\Lib\site-packages\sklearn\metrics\_classification.py:1344: UndefinedMetricWarning: Precision is ill-defined and being set to 0.0 due to no predicted samples. Use `zero_division` parameter to control this behavior.
  _warn_prf(average, modifier, msg_start, len(result))

2026-06-15 23:57:53,093:WARNING:c:\Users\DELL\anaconda3\envs\p11_env\Lib\site-packages\sklearn\metrics\_classification.py:1344: UndefinedMetricWarning: Precision is ill-defined and being set to 0.0 due to no predicted samples. Use `zero_division` parameter to control this behavior.
  _warn_prf(average, modifier, msg_start, len(result))

2026-06-15 23:57:55,095:WARNING:c:\Users\DELL\anaconda3\envs\p11_env\Lib\site-packages\sklearn\metrics\_classification.py:1344: UndefinedMetricWarning: Precision is ill-defined and being set to 0.0 due to no predicted samples. Use `zero_division` parameter to control this behavior.
  _warn_prf(average, modifier, msg_start, len(result))

2026-06-15 23:57:55,427:WARNING:c:\Users\DELL\anaconda3\envs\p11_env\Lib\site-packages\sklearn\metrics\_classification.py:1344: UndefinedMetricWarning: Precision is ill-defined and being set to 0.0 due to no predicted samples. Use `zero_division` parameter to control this behavior.
  _warn_prf(average, modifier, msg_start, len(result))

2026-06-15 23:58:00,967:WARNING:c:\Users\DELL\anaconda3\envs\p11_env\Lib\site-packages\sklearn\metrics\_classification.py:1344: UndefinedMetricWarning: Precision is ill-defined and being set to 0.0 due to no predicted samples. Use `zero_division` parameter to control this behavior.
  _warn_prf(average, modifier, msg_start, len(result))

2026-06-15 23:58:11,103:WARNING:c:\Users\DELL\anaconda3\envs\p11_env\Lib\site-packages\sklearn\metrics\_classification.py:1344: UndefinedMetricWarning: Precision is ill-defined and being set to 0.0 due to no predicted samples. Use `zero_division` parameter to control this behavior.
  _warn_prf(average, modifier, msg_start, len(result))

2026-06-15 23:58:13,063:WARNING:c:\Users\DELL\anaconda3\envs\p11_env\Lib\site-packages\sklearn\metrics\_classification.py:1344: UndefinedMetricWarning: Precision is ill-defined and being set to 0.0 due to no predicted samples. Use `zero_division` parameter to control this behavior.
  _warn_prf(average, modifier, msg_start, len(result))

2026-06-15 23:58:15,689:WARNING:c:\Users\DELL\anaconda3\envs\p11_env\Lib\site-packages\sklearn\metrics\_classification.py:1344: UndefinedMetricWarning: Precision is ill-defined and being set to 0.0 due to no predicted samples. Use `zero_division` parameter to control this behavior.
  _warn_prf(average, modifier, msg_start, len(result))

2026-06-15 23:58:23,864:WARNING:c:\Users\DELL\anaconda3\envs\p11_env\Lib\site-packages\sklearn\metrics\_classification.py:1344: UndefinedMetricWarning: Precision is ill-defined and being set to 0.0 due to no predicted samples. Use `zero_division` parameter to control this behavior.
  _warn_prf(average, modifier, msg_start, len(result))

2026-06-16 00:01:26,884:WARNING:c:\Users\DELL\anaconda3\envs\p11_env\Lib\site-packages\sklearn\metrics\_classification.py:1344: UndefinedMetricWarning: Precision is ill-defined and being set to 0.0 due to no predicted samples. Use `zero_division` parameter to control this behavior.
  _warn_prf(average, modifier, msg_start, len(result))

2026-06-16 00:01:38,943:WARNING:c:\Users\DELL\anaconda3\envs\p11_env\Lib\site-packages\sklearn\metrics\_classification.py:1344: UndefinedMetricWarning: Precision is ill-defined and being set to 0.0 due to no predicted samples. Use `zero_division` parameter to control this behavior.
  _warn_prf(average, modifier, msg_start, len(result))

2026-06-16 00:01:55,949:WARNING:c:\Users\DELL\anaconda3\envs\p11_env\Lib\site-packages\sklearn\metrics\_classification.py:1344: UndefinedMetricWarning: Precision is ill-defined and being set to 0.0 due to no predicted samples. Use `zero_division` parameter to control this behavior.
  _warn_prf(average, modifier, msg_start, len(result))

2026-06-16 00:02:01,933:WARNING:c:\Users\DELL\anaconda3\envs\p11_env\Lib\site-packages\sklearn\metrics\_classification.py:1344: UndefinedMetricWarning: Precision is ill-defined and being set to 0.0 due to no predicted samples. Use `zero_division` parameter to control this behavior.
  _warn_prf(average, modifier, msg_start, len(result))

2026-06-16 00:02:03,684:WARNING:c:\Users\DELL\anaconda3\envs\p11_env\Lib\site-packages\sklearn\metrics\_classification.py:1344: UndefinedMetricWarning: Precision is ill-defined and being set to 0.0 due to no predicted samples. Use `zero_division` parameter to control this behavior.
  _warn_prf(average, modifier, msg_start, len(result))

2026-06-16 00:02:05,389:WARNING:c:\Users\DELL\anaconda3\envs\p11_env\Lib\site-packages\sklearn\metrics\_classification.py:1344: UndefinedMetricWarning: Precision is ill-defined and being set to 0.0 due to no predicted samples. Use `zero_division` parameter to control this behavior.
  _warn_prf(average, modifier, msg_start, len(result))

2026-06-16 00:02:17,615:WARNING:c:\Users\DELL\anaconda3\envs\p11_env\Lib\site-packages\sklearn\metrics\_classification.py:1344: UndefinedMetricWarning: Precision is ill-defined and being set to 0.0 due to no predicted samples. Use `zero_division` parameter to control this behavior.
  _warn_prf(average, modifier, msg_start, len(result))

2026-06-16 00:02:31,989:WARNING:c:\Users\DELL\anaconda3\envs\p11_env\Lib\site-packages\sklearn\metrics\_classification.py:1344: UndefinedMetricWarning: Precision is ill-defined and being set to 0.0 due to no predicted samples. Use `zero_division` parameter to control this behavior.
  _warn_prf(average, modifier, msg_start, len(result))

2026-06-16 00:02:34,163:WARNING:c:\Users\DELL\anaconda3\envs\p11_env\Lib\site-packages\sklearn\metrics\_classification.py:1344: UndefinedMetricWarning: Precision is ill-defined and being set to 0.0 due to no predicted samples. Use `zero_division` parameter to control this behavior.
  _warn_prf(average, modifier, msg_start, len(result))

2026-06-16 00:02:41,590:WARNING:c:\Users\DELL\anaconda3\envs\p11_env\Lib\site-packages\sklearn\metrics\_classification.py:1344: UndefinedMetricWarning: Precision is ill-defined and being set to 0.0 due to no predicted samples. Use `zero_division` parameter to control this behavior.
  _warn_prf(average, modifier, msg_start, len(result))

2026-06-16 00:02:47,442:WARNING:c:\Users\DELL\anaconda3\envs\p11_env\Lib\site-packages\sklearn\metrics\_classification.py:1344: UndefinedMetricWarning: Precision is ill-defined and being set to 0.0 due to no predicted samples. Use `zero_division` parameter to control this behavior.
  _warn_prf(average, modifier, msg_start, len(result))

2026-06-16 00:02:47,465:WARNING:c:\Users\DELL\anaconda3\envs\p11_env\Lib\site-packages\sklearn\metrics\_classification.py:1344: UndefinedMetricWarning: Precision is ill-defined and being set to 0.0 due to no predicted samples. Use `zero_division` parameter to control this behavior.
  _warn_prf(average, modifier, msg_start, len(result))

2026-06-16 00:02:47,979:WARNING:c:\Users\DELL\anaconda3\envs\p11_env\Lib\site-packages\sklearn\metrics\_classification.py:1344: UndefinedMetricWarning: Precision is ill-defined and being set to 0.0 due to no predicted samples. Use `zero_division` parameter to control this behavior.
  _warn_prf(average, modifier, msg_start, len(result))

2026-06-16 00:02:50,304:WARNING:c:\Users\DELL\anaconda3\envs\p11_env\Lib\site-packages\sklearn\metrics\_classification.py:1344: UndefinedMetricWarning: Precision is ill-defined and being set to 0.0 due to no predicted samples. Use `zero_division` parameter to control this behavior.
  _warn_prf(average, modifier, msg_start, len(result))

2026-06-16 00:02:58,728:WARNING:c:\Users\DELL\anaconda3\envs\p11_env\Lib\site-packages\sklearn\metrics\_classification.py:1344: UndefinedMetricWarning: Precision is ill-defined and being set to 0.0 due to no predicted samples. Use `zero_division` parameter to control this behavior.
  _warn_prf(average, modifier, msg_start, len(result))

2026-06-16 00:03:06,222:WARNING:c:\Users\DELL\anaconda3\envs\p11_env\Lib\site-packages\sklearn\metrics\_classification.py:1344: UndefinedMetricWarning: Precision is ill-defined and being set to 0.0 due to no predicted samples. Use `zero_division` parameter to control this behavior.
  _warn_prf(average, modifier, msg_start, len(result))

2026-06-16 00:03:08,004:WARNING:c:\Users\DELL\anaconda3\envs\p11_env\Lib\site-packages\sklearn\metrics\_classification.py:1344: UndefinedMetricWarning: Precision is ill-defined and being set to 0.0 due to no predicted samples. Use `zero_division` parameter to control this behavior.
  _warn_prf(average, modifier, msg_start, len(result))

2026-06-16 00:03:11,894:WARNING:c:\Users\DELL\anaconda3\envs\p11_env\Lib\site-packages\sklearn\metrics\_classification.py:1344: UndefinedMetricWarning: Precision is ill-defined and being set to 0.0 due to no predicted samples. Use `zero_division` parameter to control this behavior.
  _warn_prf(average, modifier, msg_start, len(result))

2026-06-16 00:03:18,069:WARNING:c:\Users\DELL\anaconda3\envs\p11_env\Lib\site-packages\sklearn\metrics\_classification.py:1344: UndefinedMetricWarning: Precision is ill-defined and being set to 0.0 due to no predicted samples. Use `zero_division` parameter to control this behavior.
  _warn_prf(average, modifier, msg_start, len(result))

2026-06-16 00:03:19,597:WARNING:c:\Users\DELL\anaconda3\envs\p11_env\Lib\site-packages\sklearn\metrics\_classification.py:1344: UndefinedMetricWarning: Precision is ill-defined and being set to 0.0 due to no predicted samples. Use `zero_division` parameter to control this behavior.
  _warn_prf(average, modifier, msg_start, len(result))

2026-06-16 00:07:07,494:WARNING:c:\Users\DELL\anaconda3\envs\p11_env\Lib\site-packages\sklearn\metrics\_classification.py:1344: UndefinedMetricWarning: Precision is ill-defined and being set to 0.0 due to no predicted samples. Use `zero_division` parameter to control this behavior.
  _warn_prf(average, modifier, msg_start, len(result))

2026-06-16 00:07:09,165:WARNING:c:\Users\DELL\anaconda3\envs\p11_env\Lib\site-packages\sklearn\metrics\_classification.py:1344: UndefinedMetricWarning: Precision is ill-defined and being set to 0.0 due to no predicted samples. Use `zero_division` parameter to control this behavior.
  _warn_prf(average, modifier, msg_start, len(result))

2026-06-16 00:07:17,295:WARNING:c:\Users\DELL\anaconda3\envs\p11_env\Lib\site-packages\sklearn\metrics\_classification.py:1344: UndefinedMetricWarning: Precision is ill-defined and being set to 0.0 due to no predicted samples. Use `zero_division` parameter to control this behavior.
  _warn_prf(average, modifier, msg_start, len(result))

2026-06-16 00:07:26,402:WARNING:c:\Users\DELL\anaconda3\envs\p11_env\Lib\site-packages\sklearn\metrics\_classification.py:1344: UndefinedMetricWarning: Precision is ill-defined and being set to 0.0 due to no predicted samples. Use `zero_division` parameter to control this behavior.
  _warn_prf(average, modifier, msg_start, len(result))

2026-06-16 00:07:40,344:WARNING:c:\Users\DELL\anaconda3\envs\p11_env\Lib\site-packages\sklearn\metrics\_classification.py:1344: UndefinedMetricWarning: Precision is ill-defined and being set to 0.0 due to no predicted samples. Use `zero_division` parameter to control this behavior.
  _warn_prf(average, modifier, msg_start, len(result))

2026-06-16 00:07:57,527:WARNING:c:\Users\DELL\anaconda3\envs\p11_env\Lib\site-packages\sklearn\metrics\_classification.py:1344: UndefinedMetricWarning: Precision is ill-defined and being set to 0.0 due to no predicted samples. Use `zero_division` parameter to control this behavior.
  _warn_prf(average, modifier, msg_start, len(result))

2026-06-16 00:08:08,444:WARNING:c:\Users\DELL\anaconda3\envs\p11_env\Lib\site-packages\sklearn\metrics\_classification.py:1344: UndefinedMetricWarning: Precision is ill-defined and being set to 0.0 due to no predicted samples. Use `zero_division` parameter to control this behavior.
  _warn_prf(average, modifier, msg_start, len(result))

2026-06-16 00:08:18,572:WARNING:c:\Users\DELL\anaconda3\envs\p11_env\Lib\site-packages\sklearn\metrics\_classification.py:1344: UndefinedMetricWarning: Precision is ill-defined and being set to 0.0 due to no predicted samples. Use `zero_division` parameter to control this behavior.
  _warn_prf(average, modifier, msg_start, len(result))

2026-06-16 00:08:22,557:WARNING:c:\Users\DELL\anaconda3\envs\p11_env\Lib\site-packages\sklearn\metrics\_classification.py:1344: UndefinedMetricWarning: Precision is ill-defined and being set to 0.0 due to no predicted samples. Use `zero_division` parameter to control this behavior.
  _warn_prf(average, modifier, msg_start, len(result))

2026-06-16 00:08:28,468:WARNING:c:\Users\DELL\anaconda3\envs\p11_env\Lib\site-packages\sklearn\metrics\_classification.py:1344: UndefinedMetricWarning: Precision is ill-defined and being set to 0.0 due to no predicted samples. Use `zero_division` parameter to control this behavior.
  _warn_prf(average, modifier, msg_start, len(result))

2026-06-16 00:16:42,007:WARNING:c:\Users\DELL\anaconda3\envs\p11_env\Lib\site-packages\sklearn\metrics\_classification.py:1344: UndefinedMetricWarning: Precision is ill-defined and being set to 0.0 due to no predicted samples. Use `zero_division` parameter to control this behavior.
  _warn_prf(average, modifier, msg_start, len(result))

2026-06-16 00:16:45,339:WARNING:c:\Users\DELL\anaconda3\envs\p11_env\Lib\site-packages\sklearn\metrics\_classification.py:1344: UndefinedMetricWarning: Precision is ill-defined and being set to 0.0 due to no predicted samples. Use `zero_division` parameter to control this behavior.
  _warn_prf(average, modifier, msg_start, len(result))

2026-06-16 00:16:49,119:WARNING:c:\Users\DELL\anaconda3\envs\p11_env\Lib\site-packages\sklearn\metrics\_classification.py:1344: UndefinedMetricWarning: Precision is ill-defined and being set to 0.0 due to no predicted samples. Use `zero_division` parameter to control this behavior.
  _warn_prf(average, modifier, msg_start, len(result))

2026-06-16 00:16:49,822:WARNING:c:\Users\DELL\anaconda3\envs\p11_env\Lib\site-packages\sklearn\metrics\_classification.py:1344: UndefinedMetricWarning: Precision is ill-defined and being set to 0.0 due to no predicted samples. Use `zero_division` parameter to control this behavior.
  _warn_prf(average, modifier, msg_start, len(result))

2026-06-16 00:16:58,577:WARNING:c:\Users\DELL\anaconda3\envs\p11_env\Lib\site-packages\sklearn\metrics\_classification.py:1344: UndefinedMetricWarning: Precision is ill-defined and being set to 0.0 due to no predicted samples. Use `zero_division` parameter to control this behavior.
  _warn_prf(average, modifier, msg_start, len(result))

2026-06-16 00:17:10,570:WARNING:c:\Users\DELL\anaconda3\envs\p11_env\Lib\site-packages\sklearn\metrics\_classification.py:1344: UndefinedMetricWarning: Precision is ill-defined and being set to 0.0 due to no predicted samples. Use `zero_division` parameter to control this behavior.
  _warn_prf(average, modifier, msg_start, len(result))

2026-06-16 00:17:19,832:WARNING:c:\Users\DELL\anaconda3\envs\p11_env\Lib\site-packages\sklearn\metrics\_classification.py:1344: UndefinedMetricWarning: Precision is ill-defined and being set to 0.0 due to no predicted samples. Use `zero_division` parameter to control this behavior.
  _warn_prf(average, modifier, msg_start, len(result))

2026-06-16 00:17:31,166:WARNING:c:\Users\DELL\anaconda3\envs\p11_env\Lib\site-packages\sklearn\metrics\_classification.py:1344: UndefinedMetricWarning: Precision is ill-defined and being set to 0.0 due to no predicted samples. Use `zero_division` parameter to control this behavior.
  _warn_prf(average, modifier, msg_start, len(result))

2026-06-16 00:17:31,471:WARNING:c:\Users\DELL\anaconda3\envs\p11_env\Lib\site-packages\sklearn\metrics\_classification.py:1344: UndefinedMetricWarning: Precision is ill-defined and being set to 0.0 due to no predicted samples. Use `zero_division` parameter to control this behavior.
  _warn_prf(average, modifier, msg_start, len(result))

2026-06-16 00:17:31,636:WARNING:c:\Users\DELL\anaconda3\envs\p11_env\Lib\site-packages\sklearn\metrics\_classification.py:1344: UndefinedMetricWarning: Precision is ill-defined and being set to 0.0 due to no predicted samples. Use `zero_division` parameter to control this behavior.
  _warn_prf(average, modifier, msg_start, len(result))

2026-06-16 00:17:32,263:WARNING:c:\Users\DELL\anaconda3\envs\p11_env\Lib\site-packages\sklearn\metrics\_classification.py:1344: UndefinedMetricWarning: Precision is ill-defined and being set to 0.0 due to no predicted samples. Use `zero_division` parameter to control this behavior.
  _warn_prf(average, modifier, msg_start, len(result))

2026-06-16 00:17:32,790:WARNING:c:\Users\DELL\anaconda3\envs\p11_env\Lib\site-packages\sklearn\metrics\_classification.py:1344: UndefinedMetricWarning: Precision is ill-defined and being set to 0.0 due to no predicted samples. Use `zero_division` parameter to control this behavior.
  _warn_prf(average, modifier, msg_start, len(result))

2026-06-16 00:17:38,853:WARNING:c:\Users\DELL\anaconda3\envs\p11_env\Lib\site-packages\sklearn\metrics\_classification.py:1344: UndefinedMetricWarning: Precision is ill-defined and being set to 0.0 due to no predicted samples. Use `zero_division` parameter to control this behavior.
  _warn_prf(average, modifier, msg_start, len(result))

2026-06-16 00:17:47,780:WARNING:c:\Users\DELL\anaconda3\envs\p11_env\Lib\site-packages\sklearn\metrics\_classification.py:1344: UndefinedMetricWarning: Precision is ill-defined and being set to 0.0 due to no predicted samples. Use `zero_division` parameter to control this behavior.
  _warn_prf(average, modifier, msg_start, len(result))

2026-06-16 00:17:55,918:WARNING:c:\Users\DELL\anaconda3\envs\p11_env\Lib\site-packages\sklearn\metrics\_classification.py:1344: UndefinedMetricWarning: Precision is ill-defined and being set to 0.0 due to no predicted samples. Use `zero_division` parameter to control this behavior.
  _warn_prf(average, modifier, msg_start, len(result))

2026-06-16 00:18:01,142:WARNING:c:\Users\DELL\anaconda3\envs\p11_env\Lib\site-packages\sklearn\metrics\_classification.py:1344: UndefinedMetricWarning: Precision is ill-defined and being set to 0.0 due to no predicted samples. Use `zero_division` parameter to control this behavior.
  _warn_prf(average, modifier, msg_start, len(result))

2026-06-16 00:18:02,436:WARNING:c:\Users\DELL\anaconda3\envs\p11_env\Lib\site-packages\sklearn\metrics\_classification.py:1344: UndefinedMetricWarning: Precision is ill-defined and being set to 0.0 due to no predicted samples. Use `zero_division` parameter to control this behavior.
  _warn_prf(average, modifier, msg_start, len(result))

2026-06-16 00:18:03,199:WARNING:c:\Users\DELL\anaconda3\envs\p11_env\Lib\site-packages\sklearn\metrics\_classification.py:1344: UndefinedMetricWarning: Precision is ill-defined and being set to 0.0 due to no predicted samples. Use `zero_division` parameter to control this behavior.
  _warn_prf(average, modifier, msg_start, len(result))

2026-06-16 00:18:03,694:WARNING:c:\Users\DELL\anaconda3\envs\p11_env\Lib\site-packages\sklearn\metrics\_classification.py:1344: UndefinedMetricWarning: Precision is ill-defined and being set to 0.0 due to no predicted samples. Use `zero_division` parameter to control this behavior.
  _warn_prf(average, modifier, msg_start, len(result))

2026-06-16 00:18:05,455:WARNING:c:\Users\DELL\anaconda3\envs\p11_env\Lib\site-packages\sklearn\metrics\_classification.py:1344: UndefinedMetricWarning: Precision is ill-defined and being set to 0.0 due to no predicted samples. Use `zero_division` parameter to control this behavior.
  _warn_prf(average, modifier, msg_start, len(result))

2026-06-16 00:27:26,562:WARNING:c:\Users\DELL\anaconda3\envs\p11_env\Lib\site-packages\sklearn\metrics\_classification.py:1344: UndefinedMetricWarning: Precision is ill-defined and being set to 0.0 due to no predicted samples. Use `zero_division` parameter to control this behavior.
  _warn_prf(average, modifier, msg_start, len(result))

2026-06-16 00:27:27,535:WARNING:c:\Users\DELL\anaconda3\envs\p11_env\Lib\site-packages\sklearn\metrics\_classification.py:1344: UndefinedMetricWarning: Precision is ill-defined and being set to 0.0 due to no predicted samples. Use `zero_division` parameter to control this behavior.
  _warn_prf(average, modifier, msg_start, len(result))

2026-06-16 00:27:49,661:WARNING:c:\Users\DELL\anaconda3\envs\p11_env\Lib\site-packages\sklearn\metrics\_classification.py:1344: UndefinedMetricWarning: Precision is ill-defined and being set to 0.0 due to no predicted samples. Use `zero_division` parameter to control this behavior.
  _warn_prf(average, modifier, msg_start, len(result))

2026-06-16 00:28:02,321:WARNING:c:\Users\DELL\anaconda3\envs\p11_env\Lib\site-packages\sklearn\metrics\_classification.py:1344: UndefinedMetricWarning: Precision is ill-defined and being set to 0.0 due to no predicted samples. Use `zero_division` parameter to control this behavior.
  _warn_prf(average, modifier, msg_start, len(result))

2026-06-16 00:28:03,515:WARNING:c:\Users\DELL\anaconda3\envs\p11_env\Lib\site-packages\sklearn\metrics\_classification.py:1344: UndefinedMetricWarning: Precision is ill-defined and being set to 0.0 due to no predicted samples. Use `zero_division` parameter to control this behavior.
  _warn_prf(average, modifier, msg_start, len(result))

2026-06-16 00:28:07,160:WARNING:c:\Users\DELL\anaconda3\envs\p11_env\Lib\site-packages\sklearn\metrics\_classification.py:1344: UndefinedMetricWarning: Precision is ill-defined and being set to 0.0 due to no predicted samples. Use `zero_division` parameter to control this behavior.
  _warn_prf(average, modifier, msg_start, len(result))

2026-06-16 00:28:49,075:WARNING:c:\Users\DELL\anaconda3\envs\p11_env\Lib\site-packages\sklearn\metrics\_classification.py:1344: UndefinedMetricWarning: Precision is ill-defined and being set to 0.0 due to no predicted samples. Use `zero_division` parameter to control this behavior.
  _warn_prf(average, modifier, msg_start, len(result))

2026-06-16 00:28:50,266:WARNING:c:\Users\DELL\anaconda3\envs\p11_env\Lib\site-packages\sklearn\metrics\_classification.py:1344: UndefinedMetricWarning: Precision is ill-defined and being set to 0.0 due to no predicted samples. Use `zero_division` parameter to control this behavior.
  _warn_prf(average, modifier, msg_start, len(result))

2026-06-16 00:28:57,862:WARNING:c:\Users\DELL\anaconda3\envs\p11_env\Lib\site-packages\sklearn\metrics\_classification.py:1344: UndefinedMetricWarning: Precision is ill-defined and being set to 0.0 due to no predicted samples. Use `zero_division` parameter to control this behavior.
  _warn_prf(average, modifier, msg_start, len(result))

2026-06-16 00:28:58,382:WARNING:c:\Users\DELL\anaconda3\envs\p11_env\Lib\site-packages\sklearn\metrics\_classification.py:1344: UndefinedMetricWarning: Precision is ill-defined and being set to 0.0 due to no predicted samples. Use `zero_division` parameter to control this behavior.
  _warn_prf(average, modifier, msg_start, len(result))

2026-06-16 00:30:34,388:WARNING:c:\Users\DELL\anaconda3\envs\p11_env\Lib\site-packages\sklearn\metrics\_classification.py:1344: UndefinedMetricWarning: Precision is ill-defined and being set to 0.0 due to no predicted samples. Use `zero_division` parameter to control this behavior.
  _warn_prf(average, modifier, msg_start, len(result))

2026-06-16 00:30:38,699:WARNING:c:\Users\DELL\anaconda3\envs\p11_env\Lib\site-packages\sklearn\metrics\_classification.py:1344: UndefinedMetricWarning: Precision is ill-defined and being set to 0.0 due to no predicted samples. Use `zero_division` parameter to control this behavior.
  _warn_prf(average, modifier, msg_start, len(result))

2026-06-16 00:31:19,660:WARNING:c:\Users\DELL\anaconda3\envs\p11_env\Lib\site-packages\sklearn\metrics\_classification.py:1344: UndefinedMetricWarning: Precision is ill-defined and being set to 0.0 due to no predicted samples. Use `zero_division` parameter to control this behavior.
  _warn_prf(average, modifier, msg_start, len(result))

2026-06-16 00:31:25,410:WARNING:c:\Users\DELL\anaconda3\envs\p11_env\Lib\site-packages\sklearn\metrics\_classification.py:1344: UndefinedMetricWarning: Precision is ill-defined and being set to 0.0 due to no predicted samples. Use `zero_division` parameter to control this behavior.
  _warn_prf(average, modifier, msg_start, len(result))

2026-06-16 00:31:31,808:WARNING:c:\Users\DELL\anaconda3\envs\p11_env\Lib\site-packages\sklearn\metrics\_classification.py:1344: UndefinedMetricWarning: Precision is ill-defined and being set to 0.0 due to no predicted samples. Use `zero_division` parameter to control this behavior.
  _warn_prf(average, modifier, msg_start, len(result))

2026-06-16 00:34:30,045:WARNING:c:\Users\DELL\anaconda3\envs\p11_env\Lib\site-packages\sklearn\metrics\_classification.py:1344: UndefinedMetricWarning: Precision is ill-defined and being set to 0.0 due to no predicted samples. Use `zero_division` parameter to control this behavior.
  _warn_prf(average, modifier, msg_start, len(result))

2026-06-16 00:34:31,939:WARNING:c:\Users\DELL\anaconda3\envs\p11_env\Lib\site-packages\sklearn\metrics\_classification.py:1344: UndefinedMetricWarning: Precision is ill-defined and being set to 0.0 due to no predicted samples. Use `zero_division` parameter to control this behavior.
  _warn_prf(average, modifier, msg_start, len(result))

2026-06-16 00:35:04,309:WARNING:c:\Users\DELL\anaconda3\envs\p11_env\Lib\site-packages\sklearn\metrics\_classification.py:1344: UndefinedMetricWarning: Precision is ill-defined and being set to 0.0 due to no predicted samples. Use `zero_division` parameter to control this behavior.
  _warn_prf(average, modifier, msg_start, len(result))

2026-06-16 00:35:06,877:WARNING:c:\Users\DELL\anaconda3\envs\p11_env\Lib\site-packages\sklearn\metrics\_classification.py:1344: UndefinedMetricWarning: Precision is ill-defined and being set to 0.0 due to no predicted samples. Use `zero_division` parameter to control this behavior.
  _warn_prf(average, modifier, msg_start, len(result))

2026-06-16 00:35:16,112:WARNING:c:\Users\DELL\anaconda3\envs\p11_env\Lib\site-packages\sklearn\metrics\_classification.py:1344: UndefinedMetricWarning: Precision is ill-defined and being set to 0.0 due to no predicted samples. Use `zero_division` parameter to control this behavior.
  _warn_prf(average, modifier, msg_start, len(result))

2026-06-16 00:36:50,816:WARNING:c:\Users\DELL\anaconda3\envs\p11_env\Lib\site-packages\sklearn\metrics\_classification.py:1344: UndefinedMetricWarning: Precision is ill-defined and being set to 0.0 due to no predicted samples. Use `zero_division` parameter to control this behavior.
  _warn_prf(average, modifier, msg_start, len(result))

2026-06-16 00:36:51,231:WARNING:c:\Users\DELL\anaconda3\envs\p11_env\Lib\site-packages\sklearn\metrics\_classification.py:1344: UndefinedMetricWarning: Precision is ill-defined and being set to 0.0 due to no predicted samples. Use `zero_division` parameter to control this behavior.
  _warn_prf(average, modifier, msg_start, len(result))

2026-06-16 00:37:05,001:WARNING:c:\Users\DELL\anaconda3\envs\p11_env\Lib\site-packages\sklearn\metrics\_classification.py:1344: UndefinedMetricWarning: Precision is ill-defined and being set to 0.0 due to no predicted samples. Use `zero_division` parameter to control this behavior.
  _warn_prf(average, modifier, msg_start, len(result))

2026-06-16 00:37:09,968:WARNING:c:\Users\DELL\anaconda3\envs\p11_env\Lib\site-packages\sklearn\metrics\_classification.py:1344: UndefinedMetricWarning: Precision is ill-defined and being set to 0.0 due to no predicted samples. Use `zero_division` parameter to control this behavior.
  _warn_prf(average, modifier, msg_start, len(result))

2026-06-16 00:55:30,328:WARNING:c:\Users\DELL\anaconda3\envs\p11_env\Lib\site-packages\sklearn\metrics\_classification.py:1344: UndefinedMetricWarning: Precision is ill-defined and being set to 0.0 due to no predicted samples. Use `zero_division` parameter to control this behavior.
  _warn_prf(average, modifier, msg_start, len(result))

2026-06-16 00:55:37,967:WARNING:c:\Users\DELL\anaconda3\envs\p11_env\Lib\site-packages\sklearn\metrics\_classification.py:1344: UndefinedMetricWarning: Precision is ill-defined and being set to 0.0 due to no predicted samples. Use `zero_division` parameter to control this behavior.
  _warn_prf(average, modifier, msg_start, len(result))

2026-06-16 00:56:06,135:WARNING:c:\Users\DELL\anaconda3\envs\p11_env\Lib\site-packages\sklearn\metrics\_classification.py:1344: UndefinedMetricWarning: Precision is ill-defined and being set to 0.0 due to no predicted samples. Use `zero_division` parameter to control this behavior.
  _warn_prf(average, modifier, msg_start, len(result))

2026-06-16 00:56:11,629:WARNING:c:\Users\DELL\anaconda3\envs\p11_env\Lib\site-packages\sklearn\metrics\_classification.py:1344: UndefinedMetricWarning: Precision is ill-defined and being set to 0.0 due to no predicted samples. Use `zero_division` parameter to control this behavior.
  _warn_prf(average, modifier, msg_start, len(result))

2026-06-16 00:56:58,662:WARNING:c:\Users\DELL\anaconda3\envs\p11_env\Lib\site-packages\sklearn\metrics\_classification.py:1344: UndefinedMetricWarning: Precision is ill-defined and being set to 0.0 due to no predicted samples. Use `zero_division` parameter to control this behavior.
  _warn_prf(average, modifier, msg_start, len(result))

2026-06-16 00:57:05,318:WARNING:c:\Users\DELL\anaconda3\envs\p11_env\Lib\site-packages\sklearn\metrics\_classification.py:1344: UndefinedMetricWarning: Precision is ill-defined and being set to 0.0 due to no predicted samples. Use `zero_division` parameter to control this behavior.
  _warn_prf(average, modifier, msg_start, len(result))

2026-06-16 00:57:15,417:WARNING:c:\Users\DELL\anaconda3\envs\p11_env\Lib\site-packages\sklearn\metrics\_classification.py:1344: UndefinedMetricWarning: Precision is ill-defined and being set to 0.0 due to no predicted samples. Use `zero_division` parameter to control this behavior.
  _warn_prf(average, modifier, msg_start, len(result))

2026-06-16 00:57:16,222:WARNING:c:\Users\DELL\anaconda3\envs\p11_env\Lib\site-packages\sklearn\metrics\_classification.py:1344: UndefinedMetricWarning: Precision is ill-defined and being set to 0.0 due to no predicted samples. Use `zero_division` parameter to control this behavior.
  _warn_prf(average, modifier, msg_start, len(result))

2026-06-16 00:57:33,524:WARNING:c:\Users\DELL\anaconda3\envs\p11_env\Lib\site-packages\sklearn\metrics\_classification.py:1344: UndefinedMetricWarning: Precision is ill-defined and being set to 0.0 due to no predicted samples. Use `zero_division` parameter to control this behavior.
  _warn_prf(average, modifier, msg_start, len(result))

2026-06-16 00:57:37,970:WARNING:c:\Users\DELL\anaconda3\envs\p11_env\Lib\site-packages\sklearn\metrics\_classification.py:1344: UndefinedMetricWarning: Precision is ill-defined and being set to 0.0 due to no predicted samples. Use `zero_division` parameter to control this behavior.
  _warn_prf(average, modifier, msg_start, len(result))

2026-06-16 01:00:45,154:WARNING:c:\Users\DELL\anaconda3\envs\p11_env\Lib\site-packages\sklearn\metrics\_classification.py:1344: UndefinedMetricWarning: Precision is ill-defined and being set to 0.0 due to no predicted samples. Use `zero_division` parameter to control this behavior.
  _warn_prf(average, modifier, msg_start, len(result))

2026-06-16 01:00:49,009:WARNING:c:\Users\DELL\anaconda3\envs\p11_env\Lib\site-packages\sklearn\metrics\_classification.py:1344: UndefinedMetricWarning: Precision is ill-defined and being set to 0.0 due to no predicted samples. Use `zero_division` parameter to control this behavior.
  _warn_prf(average, modifier, msg_start, len(result))

2026-06-16 01:01:37,975:WARNING:c:\Users\DELL\anaconda3\envs\p11_env\Lib\site-packages\sklearn\metrics\_classification.py:1344: UndefinedMetricWarning: Precision is ill-defined and being set to 0.0 due to no predicted samples. Use `zero_division` parameter to control this behavior.
  _warn_prf(average, modifier, msg_start, len(result))

2026-06-16 01:01:43,593:WARNING:c:\Users\DELL\anaconda3\envs\p11_env\Lib\site-packages\sklearn\metrics\_classification.py:1344: UndefinedMetricWarning: Precision is ill-defined and being set to 0.0 due to no predicted samples. Use `zero_division` parameter to control this behavior.
  _warn_prf(average, modifier, msg_start, len(result))

2026-06-16 01:01:51,245:WARNING:c:\Users\DELL\anaconda3\envs\p11_env\Lib\site-packages\sklearn\metrics\_classification.py:1344: UndefinedMetricWarning: Precision is ill-defined and being set to 0.0 due to no predicted samples. Use `zero_division` parameter to control this behavior.
  _warn_prf(average, modifier, msg_start, len(result))

2026-06-16 01:01:51,615:WARNING:c:\Users\DELL\anaconda3\envs\p11_env\Lib\site-packages\sklearn\metrics\_classification.py:1344: UndefinedMetricWarning: Precision is ill-defined and being set to 0.0 due to no predicted samples. Use `zero_division` parameter to control this behavior.
  _warn_prf(average, modifier, msg_start, len(result))

2026-06-16 01:01:56,927:WARNING:c:\Users\DELL\anaconda3\envs\p11_env\Lib\site-packages\sklearn\metrics\_classification.py:1344: UndefinedMetricWarning: Precision is ill-defined and being set to 0.0 due to no predicted samples. Use `zero_division` parameter to control this behavior.
  _warn_prf(average, modifier, msg_start, len(result))

2026-06-16 01:01:59,268:WARNING:c:\Users\DELL\anaconda3\envs\p11_env\Lib\site-packages\sklearn\metrics\_classification.py:1344: UndefinedMetricWarning: Precision is ill-defined and being set to 0.0 due to no predicted samples. Use `zero_division` parameter to control this behavior.
  _warn_prf(average, modifier, msg_start, len(result))

2026-06-16 01:02:19,293:WARNING:c:\Users\DELL\anaconda3\envs\p11_env\Lib\site-packages\sklearn\metrics\_classification.py:1344: UndefinedMetricWarning: Precision is ill-defined and being set to 0.0 due to no predicted samples. Use `zero_division` parameter to control this behavior.
  _warn_prf(average, modifier, msg_start, len(result))

2026-06-16 01:02:23,090:WARNING:c:\Users\DELL\anaconda3\envs\p11_env\Lib\site-packages\sklearn\metrics\_classification.py:1344: UndefinedMetricWarning: Precision is ill-defined and being set to 0.0 due to no predicted samples. Use `zero_division` parameter to control this behavior.
  _warn_prf(average, modifier, msg_start, len(result))

2026-06-16 01:02:44,828:WARNING:c:\Users\DELL\anaconda3\envs\p11_env\Lib\site-packages\sklearn\metrics\_classification.py:1344: UndefinedMetricWarning: Precision is ill-defined and being set to 0.0 due to no predicted samples. Use `zero_division` parameter to control this behavior.
  _warn_prf(average, modifier, msg_start, len(result))

2026-06-16 01:02:58,495:WARNING:c:\Users\DELL\anaconda3\envs\p11_env\Lib\site-packages\sklearn\metrics\_classification.py:1344: UndefinedMetricWarning: Precision is ill-defined and being set to 0.0 due to no predicted samples. Use `zero_division` parameter to control this behavior.
  _warn_prf(average, modifier, msg_start, len(result))

2026-06-16 01:03:21,953:WARNING:c:\Users\DELL\anaconda3\envs\p11_env\Lib\site-packages\sklearn\metrics\_classification.py:1344: UndefinedMetricWarning: Precision is ill-defined and being set to 0.0 due to no predicted samples. Use `zero_division` parameter to control this behavior.
  _warn_prf(average, modifier, msg_start, len(result))

2026-06-16 01:03:23,486:WARNING:c:\Users\DELL\anaconda3\envs\p11_env\Lib\site-packages\sklearn\metrics\_classification.py:1344: UndefinedMetricWarning: Precision is ill-defined and being set to 0.0 due to no predicted samples. Use `zero_division` parameter to control this behavior.
  _warn_prf(average, modifier, msg_start, len(result))

2026-06-16 01:03:28,983:WARNING:c:\Users\DELL\anaconda3\envs\p11_env\Lib\site-packages\sklearn\metrics\_classification.py:1344: UndefinedMetricWarning: Precision is ill-defined and being set to 0.0 due to no predicted samples. Use `zero_division` parameter to control this behavior.
  _warn_prf(average, modifier, msg_start, len(result))

2026-06-16 01:03:30,272:WARNING:c:\Users\DELL\anaconda3\envs\p11_env\Lib\site-packages\sklearn\metrics\_classification.py:1344: UndefinedMetricWarning: Precision is ill-defined and being set to 0.0 due to no predicted samples. Use `zero_division` parameter to control this behavior.
  _warn_prf(average, modifier, msg_start, len(result))

2026-06-16 01:04:00,272:WARNING:c:\Users\DELL\anaconda3\envs\p11_env\Lib\site-packages\sklearn\metrics\_classification.py:1344: UndefinedMetricWarning: Precision is ill-defined and being set to 0.0 due to no predicted samples. Use `zero_division` parameter to control this behavior.
  _warn_prf(average, modifier, msg_start, len(result))

2026-06-16 01:04:06,870:WARNING:c:\Users\DELL\anaconda3\envs\p11_env\Lib\site-packages\sklearn\metrics\_classification.py:1344: UndefinedMetricWarning: Precision is ill-defined and being set to 0.0 due to no predicted samples. Use `zero_division` parameter to control this behavior.
  _warn_prf(average, modifier, msg_start, len(result))

2026-06-16 01:04:25,642:WARNING:c:\Users\DELL\anaconda3\envs\p11_env\Lib\site-packages\sklearn\metrics\_classification.py:1344: UndefinedMetricWarning: Precision is ill-defined and being set to 0.0 due to no predicted samples. Use `zero_division` parameter to control this behavior.
  _warn_prf(average, modifier, msg_start, len(result))

2026-06-16 01:04:39,953:WARNING:c:\Users\DELL\anaconda3\envs\p11_env\Lib\site-packages\sklearn\metrics\_classification.py:1344: UndefinedMetricWarning: Precision is ill-defined and being set to 0.0 due to no predicted samples. Use `zero_division` parameter to control this behavior.
  _warn_prf(average, modifier, msg_start, len(result))

2026-06-16 01:07:55,936:WARNING:c:\Users\DELL\anaconda3\envs\p11_env\Lib\site-packages\sklearn\metrics\_classification.py:1344: UndefinedMetricWarning: Precision is ill-defined and being set to 0.0 due to no predicted samples. Use `zero_division` parameter to control this behavior.
  _warn_prf(average, modifier, msg_start, len(result))

2026-06-16 01:07:58,537:WARNING:c:\Users\DELL\anaconda3\envs\p11_env\Lib\site-packages\sklearn\metrics\_classification.py:1344: UndefinedMetricWarning: Precision is ill-defined and being set to 0.0 due to no predicted samples. Use `zero_division` parameter to control this behavior.
  _warn_prf(average, modifier, msg_start, len(result))

2026-06-16 01:08:02,063:WARNING:c:\Users\DELL\anaconda3\envs\p11_env\Lib\site-packages\sklearn\metrics\_classification.py:1344: UndefinedMetricWarning: Precision is ill-defined and being set to 0.0 due to no predicted samples. Use `zero_division` parameter to control this behavior.
  _warn_prf(average, modifier, msg_start, len(result))

2026-06-16 01:08:06,171:WARNING:c:\Users\DELL\anaconda3\envs\p11_env\Lib\site-packages\sklearn\metrics\_classification.py:1344: UndefinedMetricWarning: Precision is ill-defined and being set to 0.0 due to no predicted samples. Use `zero_division` parameter to control this behavior.
  _warn_prf(average, modifier, msg_start, len(result))

2026-06-16 01:08:16,392:WARNING:c:\Users\DELL\anaconda3\envs\p11_env\Lib\site-packages\sklearn\metrics\_classification.py:1344: UndefinedMetricWarning: Precision is ill-defined and being set to 0.0 due to no predicted samples. Use `zero_division` parameter to control this behavior.
  _warn_prf(average, modifier, msg_start, len(result))

2026-06-16 01:08:21,570:WARNING:c:\Users\DELL\anaconda3\envs\p11_env\Lib\site-packages\sklearn\metrics\_classification.py:1344: UndefinedMetricWarning: Precision is ill-defined and being set to 0.0 due to no predicted samples. Use `zero_division` parameter to control this behavior.
  _warn_prf(average, modifier, msg_start, len(result))

2026-06-16 01:08:22,297:WARNING:c:\Users\DELL\anaconda3\envs\p11_env\Lib\site-packages\sklearn\metrics\_classification.py:1344: UndefinedMetricWarning: Precision is ill-defined and being set to 0.0 due to no predicted samples. Use `zero_division` parameter to control this behavior.
  _warn_prf(average, modifier, msg_start, len(result))

2026-06-16 01:08:22,434:WARNING:c:\Users\DELL\anaconda3\envs\p11_env\Lib\site-packages\sklearn\metrics\_classification.py:1344: UndefinedMetricWarning: Precision is ill-defined and being set to 0.0 due to no predicted samples. Use `zero_division` parameter to control this behavior.
  _warn_prf(average, modifier, msg_start, len(result))

2026-06-16 01:08:25,298:WARNING:c:\Users\DELL\anaconda3\envs\p11_env\Lib\site-packages\sklearn\metrics\_classification.py:1344: UndefinedMetricWarning: Precision is ill-defined and being set to 0.0 due to no predicted samples. Use `zero_division` parameter to control this behavior.
  _warn_prf(average, modifier, msg_start, len(result))

2026-06-16 01:08:27,332:WARNING:c:\Users\DELL\anaconda3\envs\p11_env\Lib\site-packages\sklearn\metrics\_classification.py:1344: UndefinedMetricWarning: Precision is ill-defined and being set to 0.0 due to no predicted samples. Use `zero_division` parameter to control this behavior.
  _warn_prf(average, modifier, msg_start, len(result))

2026-06-16 01:08:50,387:WARNING:c:\Users\DELL\anaconda3\envs\p11_env\Lib\site-packages\sklearn\metrics\_classification.py:1344: UndefinedMetricWarning: Precision is ill-defined and being set to 0.0 due to no predicted samples. Use `zero_division` parameter to control this behavior.
  _warn_prf(average, modifier, msg_start, len(result))

2026-06-16 01:08:56,782:WARNING:c:\Users\DELL\anaconda3\envs\p11_env\Lib\site-packages\sklearn\metrics\_classification.py:1344: UndefinedMetricWarning: Precision is ill-defined and being set to 0.0 due to no predicted samples. Use `zero_division` parameter to control this behavior.
  _warn_prf(average, modifier, msg_start, len(result))

2026-06-16 01:09:26,945:WARNING:c:\Users\DELL\anaconda3\envs\p11_env\Lib\site-packages\sklearn\metrics\_classification.py:1344: UndefinedMetricWarning: Precision is ill-defined and being set to 0.0 due to no predicted samples. Use `zero_division` parameter to control this behavior.
  _warn_prf(average, modifier, msg_start, len(result))

2026-06-16 01:09:26,984:WARNING:c:\Users\DELL\anaconda3\envs\p11_env\Lib\site-packages\sklearn\metrics\_classification.py:1344: UndefinedMetricWarning: Precision is ill-defined and being set to 0.0 due to no predicted samples. Use `zero_division` parameter to control this behavior.
  _warn_prf(average, modifier, msg_start, len(result))

2026-06-16 01:11:06,454:WARNING:c:\Users\DELL\anaconda3\envs\p11_env\Lib\site-packages\sklearn\metrics\_classification.py:1344: UndefinedMetricWarning: Precision is ill-defined and being set to 0.0 due to no predicted samples. Use `zero_division` parameter to control this behavior.
  _warn_prf(average, modifier, msg_start, len(result))

2026-06-16 01:11:12,014:WARNING:c:\Users\DELL\anaconda3\envs\p11_env\Lib\site-packages\sklearn\metrics\_classification.py:1344: UndefinedMetricWarning: Precision is ill-defined and being set to 0.0 due to no predicted samples. Use `zero_division` parameter to control this behavior.
  _warn_prf(average, modifier, msg_start, len(result))

2026-06-16 01:11:12,810:WARNING:c:\Users\DELL\anaconda3\envs\p11_env\Lib\site-packages\sklearn\metrics\_classification.py:1344: UndefinedMetricWarning: Precision is ill-defined and being set to 0.0 due to no predicted samples. Use `zero_division` parameter to control this behavior.
  _warn_prf(average, modifier, msg_start, len(result))

2026-06-16 01:11:40,410:WARNING:c:\Users\DELL\anaconda3\envs\p11_env\Lib\site-packages\sklearn\metrics\_classification.py:1344: UndefinedMetricWarning: Precision is ill-defined and being set to 0.0 due to no predicted samples. Use `zero_division` parameter to control this behavior.
  _warn_prf(average, modifier, msg_start, len(result))

2026-06-16 01:11:40,496:WARNING:c:\Users\DELL\anaconda3\envs\p11_env\Lib\site-packages\sklearn\metrics\_classification.py:1344: UndefinedMetricWarning: Precision is ill-defined and being set to 0.0 due to no predicted samples. Use `zero_division` parameter to control this behavior.
  _warn_prf(average, modifier, msg_start, len(result))

2026-06-16 01:19:15,108:WARNING:c:\Users\DELL\anaconda3\envs\p11_env\Lib\site-packages\sklearn\metrics\_classification.py:1344: UndefinedMetricWarning: Precision is ill-defined and being set to 0.0 due to no predicted samples. Use `zero_division` parameter to control this behavior.
  _warn_prf(average, modifier, msg_start, len(result))

2026-06-16 01:19:18,518:WARNING:c:\Users\DELL\anaconda3\envs\p11_env\Lib\site-packages\sklearn\metrics\_classification.py:1344: UndefinedMetricWarning: Precision is ill-defined and being set to 0.0 due to no predicted samples. Use `zero_division` parameter to control this behavior.
  _warn_prf(average, modifier, msg_start, len(result))

2026-06-16 01:19:24,005:WARNING:c:\Users\DELL\anaconda3\envs\p11_env\Lib\site-packages\sklearn\metrics\_classification.py:1344: UndefinedMetricWarning: Precision is ill-defined and being set to 0.0 due to no predicted samples. Use `zero_division` parameter to control this behavior.
  _warn_prf(average, modifier, msg_start, len(result))

2026-06-16 01:19:39,467:WARNING:c:\Users\DELL\anaconda3\envs\p11_env\Lib\site-packages\sklearn\metrics\_classification.py:1344: UndefinedMetricWarning: Precision is ill-defined and being set to 0.0 due to no predicted samples. Use `zero_division` parameter to control this behavior.
  _warn_prf(average, modifier, msg_start, len(result))

2026-06-16 01:19:41,992:WARNING:c:\Users\DELL\anaconda3\envs\p11_env\Lib\site-packages\sklearn\metrics\_classification.py:1344: UndefinedMetricWarning: Precision is ill-defined and being set to 0.0 due to no predicted samples. Use `zero_division` parameter to control this behavior.
  _warn_prf(average, modifier, msg_start, len(result))

2026-06-16 01:20:04,515:WARNING:c:\Users\DELL\anaconda3\envs\p11_env\Lib\site-packages\sklearn\metrics\_classification.py:1344: UndefinedMetricWarning: Precision is ill-defined and being set to 0.0 due to no predicted samples. Use `zero_division` parameter to control this behavior.
  _warn_prf(average, modifier, msg_start, len(result))

2026-06-16 01:20:12,983:WARNING:c:\Users\DELL\anaconda3\envs\p11_env\Lib\site-packages\sklearn\metrics\_classification.py:1344: UndefinedMetricWarning: Precision is ill-defined and being set to 0.0 due to no predicted samples. Use `zero_division` parameter to control this behavior.
  _warn_prf(average, modifier, msg_start, len(result))

2026-06-16 01:20:15,485:WARNING:c:\Users\DELL\anaconda3\envs\p11_env\Lib\site-packages\sklearn\metrics\_classification.py:1344: UndefinedMetricWarning: Precision is ill-defined and being set to 0.0 due to no predicted samples. Use `zero_division` parameter to control this behavior.
  _warn_prf(average, modifier, msg_start, len(result))

2026-06-16 01:20:21,024:WARNING:c:\Users\DELL\anaconda3\envs\p11_env\Lib\site-packages\sklearn\metrics\_classification.py:1344: UndefinedMetricWarning: Precision is ill-defined and being set to 0.0 due to no predicted samples. Use `zero_division` parameter to control this behavior.
  _warn_prf(average, modifier, msg_start, len(result))

2026-06-16 01:20:21,921:WARNING:c:\Users\DELL\anaconda3\envs\p11_env\Lib\site-packages\sklearn\metrics\_classification.py:1344: UndefinedMetricWarning: Precision is ill-defined and being set to 0.0 due to no predicted samples. Use `zero_division` parameter to control this behavior.
  _warn_prf(average, modifier, msg_start, len(result))

2026-06-16 01:20:32,501:WARNING:c:\Users\DELL\anaconda3\envs\p11_env\Lib\site-packages\sklearn\metrics\_classification.py:1344: UndefinedMetricWarning: Precision is ill-defined and being set to 0.0 due to no predicted samples. Use `zero_division` parameter to control this behavior.
  _warn_prf(average, modifier, msg_start, len(result))

2026-06-16 01:20:52,392:WARNING:c:\Users\DELL\anaconda3\envs\p11_env\Lib\site-packages\sklearn\metrics\_classification.py:1344: UndefinedMetricWarning: Precision is ill-defined and being set to 0.0 due to no predicted samples. Use `zero_division` parameter to control this behavior.
  _warn_prf(average, modifier, msg_start, len(result))

2026-06-16 01:20:57,805:WARNING:c:\Users\DELL\anaconda3\envs\p11_env\Lib\site-packages\sklearn\metrics\_classification.py:1344: UndefinedMetricWarning: Precision is ill-defined and being set to 0.0 due to no predicted samples. Use `zero_division` parameter to control this behavior.
  _warn_prf(average, modifier, msg_start, len(result))

2026-06-16 01:21:01,707:WARNING:c:\Users\DELL\anaconda3\envs\p11_env\Lib\site-packages\sklearn\metrics\_classification.py:1344: UndefinedMetricWarning: Precision is ill-defined and being set to 0.0 due to no predicted samples. Use `zero_division` parameter to control this behavior.
  _warn_prf(average, modifier, msg_start, len(result))

2026-06-16 01:21:04,096:WARNING:c:\Users\DELL\anaconda3\envs\p11_env\Lib\site-packages\sklearn\metrics\_classification.py:1344: UndefinedMetricWarning: Precision is ill-defined and being set to 0.0 due to no predicted samples. Use `zero_division` parameter to control this behavior.
  _warn_prf(average, modifier, msg_start, len(result))

2026-06-16 01:21:48,385:WARNING:c:\Users\DELL\anaconda3\envs\p11_env\Lib\site-packages\sklearn\metrics\_classification.py:1344: UndefinedMetricWarning: Precision is ill-defined and being set to 0.0 due to no predicted samples. Use `zero_division` parameter to control this behavior.
  _warn_prf(average, modifier, msg_start, len(result))

2026-06-16 01:21:50,862:WARNING:c:\Users\DELL\anaconda3\envs\p11_env\Lib\site-packages\sklearn\metrics\_classification.py:1344: UndefinedMetricWarning: Precision is ill-defined and being set to 0.0 due to no predicted samples. Use `zero_division` parameter to control this behavior.
  _warn_prf(average, modifier, msg_start, len(result))

2026-06-16 01:21:53,368:WARNING:c:\Users\DELL\anaconda3\envs\p11_env\Lib\site-packages\sklearn\metrics\_classification.py:1344: UndefinedMetricWarning: Precision is ill-defined and being set to 0.0 due to no predicted samples. Use `zero_division` parameter to control this behavior.
  _warn_prf(average, modifier, msg_start, len(result))

2026-06-16 01:21:56,518:WARNING:c:\Users\DELL\anaconda3\envs\p11_env\Lib\site-packages\sklearn\metrics\_classification.py:1344: UndefinedMetricWarning: Precision is ill-defined and being set to 0.0 due to no predicted samples. Use `zero_division` parameter to control this behavior.
  _warn_prf(average, modifier, msg_start, len(result))

2026-06-16 01:22:00,739:WARNING:c:\Users\DELL\anaconda3\envs\p11_env\Lib\site-packages\sklearn\metrics\_classification.py:1344: UndefinedMetricWarning: Precision is ill-defined and being set to 0.0 due to no predicted samples. Use `zero_division` parameter to control this behavior.
  _warn_prf(average, modifier, msg_start, len(result))

2026-06-16 01:22:01,387:WARNING:c:\Users\DELL\anaconda3\envs\p11_env\Lib\site-packages\sklearn\metrics\_classification.py:1344: UndefinedMetricWarning: Precision is ill-defined and being set to 0.0 due to no predicted samples. Use `zero_division` parameter to control this behavior.
  _warn_prf(average, modifier, msg_start, len(result))

2026-06-16 01:22:04,666:WARNING:c:\Users\DELL\anaconda3\envs\p11_env\Lib\site-packages\sklearn\metrics\_classification.py:1344: UndefinedMetricWarning: Precision is ill-defined and being set to 0.0 due to no predicted samples. Use `zero_division` parameter to control this behavior.
  _warn_prf(average, modifier, msg_start, len(result))

2026-06-16 01:22:08,279:WARNING:c:\Users\DELL\anaconda3\envs\p11_env\Lib\site-packages\sklearn\metrics\_classification.py:1344: UndefinedMetricWarning: Precision is ill-defined and being set to 0.0 due to no predicted samples. Use `zero_division` parameter to control this behavior.
  _warn_prf(average, modifier, msg_start, len(result))

2026-06-16 01:22:20,512:WARNING:c:\Users\DELL\anaconda3\envs\p11_env\Lib\site-packages\sklearn\metrics\_classification.py:1344: UndefinedMetricWarning: Precision is ill-defined and being set to 0.0 due to no predicted samples. Use `zero_division` parameter to control this behavior.
  _warn_prf(average, modifier, msg_start, len(result))

2026-06-16 01:22:22,301:WARNING:c:\Users\DELL\anaconda3\envs\p11_env\Lib\site-packages\sklearn\metrics\_classification.py:1344: UndefinedMetricWarning: Precision is ill-defined and being set to 0.0 due to no predicted samples. Use `zero_division` parameter to control this behavior.
  _warn_prf(average, modifier, msg_start, len(result))

2026-06-16 01:37:35,277:WARNING:c:\Users\DELL\anaconda3\envs\p11_env\Lib\site-packages\sklearn\metrics\_classification.py:1344: UndefinedMetricWarning: Precision is ill-defined and being set to 0.0 due to no predicted samples. Use `zero_division` parameter to control this behavior.
  _warn_prf(average, modifier, msg_start, len(result))

2026-06-16 01:37:58,897:WARNING:c:\Users\DELL\anaconda3\envs\p11_env\Lib\site-packages\sklearn\metrics\_classification.py:1344: UndefinedMetricWarning: Precision is ill-defined and being set to 0.0 due to no predicted samples. Use `zero_division` parameter to control this behavior.
  _warn_prf(average, modifier, msg_start, len(result))

2026-06-16 01:38:44,491:WARNING:c:\Users\DELL\anaconda3\envs\p11_env\Lib\site-packages\sklearn\metrics\_classification.py:1344: UndefinedMetricWarning: Precision is ill-defined and being set to 0.0 due to no predicted samples. Use `zero_division` parameter to control this behavior.
  _warn_prf(average, modifier, msg_start, len(result))

2026-06-16 01:38:51,164:WARNING:c:\Users\DELL\anaconda3\envs\p11_env\Lib\site-packages\sklearn\metrics\_classification.py:1344: UndefinedMetricWarning: Precision is ill-defined and being set to 0.0 due to no predicted samples. Use `zero_division` parameter to control this behavior.
  _warn_prf(average, modifier, msg_start, len(result))

2026-06-16 01:38:51,378:WARNING:c:\Users\DELL\anaconda3\envs\p11_env\Lib\site-packages\sklearn\metrics\_classification.py:1344: UndefinedMetricWarning: Precision is ill-defined and being set to 0.0 due to no predicted samples. Use `zero_division` parameter to control this behavior.
  _warn_prf(average, modifier, msg_start, len(result))

2026-06-16 01:38:57,674:WARNING:c:\Users\DELL\anaconda3\envs\p11_env\Lib\site-packages\sklearn\metrics\_classification.py:1344: UndefinedMetricWarning: Precision is ill-defined and being set to 0.0 due to no predicted samples. Use `zero_division` parameter to control this behavior.
  _warn_prf(average, modifier, msg_start, len(result))

2026-06-16 01:38:59,073:WARNING:c:\Users\DELL\anaconda3\envs\p11_env\Lib\site-packages\sklearn\metrics\_classification.py:1344: UndefinedMetricWarning: Precision is ill-defined and being set to 0.0 due to no predicted samples. Use `zero_division` parameter to control this behavior.
  _warn_prf(average, modifier, msg_start, len(result))

2026-06-16 01:39:10,284:WARNING:c:\Users\DELL\anaconda3\envs\p11_env\Lib\site-packages\sklearn\metrics\_classification.py:1344: UndefinedMetricWarning: Precision is ill-defined and being set to 0.0 due to no predicted samples. Use `zero_division` parameter to control this behavior.
  _warn_prf(average, modifier, msg_start, len(result))

2026-06-16 01:39:11,844:WARNING:c:\Users\DELL\anaconda3\envs\p11_env\Lib\site-packages\sklearn\metrics\_classification.py:1344: UndefinedMetricWarning: Precision is ill-defined and being set to 0.0 due to no predicted samples. Use `zero_division` parameter to control this behavior.
  _warn_prf(average, modifier, msg_start, len(result))

2026-06-16 01:39:16,396:WARNING:c:\Users\DELL\anaconda3\envs\p11_env\Lib\site-packages\sklearn\metrics\_classification.py:1344: UndefinedMetricWarning: Precision is ill-defined and being set to 0.0 due to no predicted samples. Use `zero_division` parameter to control this behavior.
  _warn_prf(average, modifier, msg_start, len(result))

2026-06-16 01:44:18,242:WARNING:c:\Users\DELL\anaconda3\envs\p11_env\Lib\site-packages\sklearn\metrics\_classification.py:1344: UndefinedMetricWarning: Precision is ill-defined and being set to 0.0 due to no predicted samples. Use `zero_division` parameter to control this behavior.
  _warn_prf(average, modifier, msg_start, len(result))

2026-06-16 01:44:19,111:WARNING:c:\Users\DELL\anaconda3\envs\p11_env\Lib\site-packages\sklearn\metrics\_classification.py:1344: UndefinedMetricWarning: Precision is ill-defined and being set to 0.0 due to no predicted samples. Use `zero_division` parameter to control this behavior.
  _warn_prf(average, modifier, msg_start, len(result))

2026-06-16 01:44:30,280:WARNING:c:\Users\DELL\anaconda3\envs\p11_env\Lib\site-packages\sklearn\metrics\_classification.py:1344: UndefinedMetricWarning: Precision is ill-defined and being set to 0.0 due to no predicted samples. Use `zero_division` parameter to control this behavior.
  _warn_prf(average, modifier, msg_start, len(result))

2026-06-16 01:44:31,882:WARNING:c:\Users\DELL\anaconda3\envs\p11_env\Lib\site-packages\sklearn\metrics\_classification.py:1344: UndefinedMetricWarning: Precision is ill-defined and being set to 0.0 due to no predicted samples. Use `zero_division` parameter to control this behavior.
  _warn_prf(average, modifier, msg_start, len(result))

2026-06-16 01:44:41,120:WARNING:c:\Users\DELL\anaconda3\envs\p11_env\Lib\site-packages\sklearn\metrics\_classification.py:1344: UndefinedMetricWarning: Precision is ill-defined and being set to 0.0 due to no predicted samples. Use `zero_division` parameter to control this behavior.
  _warn_prf(average, modifier, msg_start, len(result))

2026-06-16 01:44:44,348:WARNING:c:\Users\DELL\anaconda3\envs\p11_env\Lib\site-packages\sklearn\metrics\_classification.py:1344: UndefinedMetricWarning: Precision is ill-defined and being set to 0.0 due to no predicted samples. Use `zero_division` parameter to control this behavior.
  _warn_prf(average, modifier, msg_start, len(result))

2026-06-16 01:44:47,166:WARNING:c:\Users\DELL\anaconda3\envs\p11_env\Lib\site-packages\sklearn\metrics\_classification.py:1344: UndefinedMetricWarning: Precision is ill-defined and being set to 0.0 due to no predicted samples. Use `zero_division` parameter to control this behavior.
  _warn_prf(average, modifier, msg_start, len(result))

2026-06-16 01:44:50,015:WARNING:c:\Users\DELL\anaconda3\envs\p11_env\Lib\site-packages\sklearn\metrics\_classification.py:1344: UndefinedMetricWarning: Precision is ill-defined and being set to 0.0 due to no predicted samples. Use `zero_division` parameter to control this behavior.
  _warn_prf(average, modifier, msg_start, len(result))

2026-06-16 01:44:50,436:WARNING:c:\Users\DELL\anaconda3\envs\p11_env\Lib\site-packages\sklearn\metrics\_classification.py:1344: UndefinedMetricWarning: Precision is ill-defined and being set to 0.0 due to no predicted samples. Use `zero_division` parameter to control this behavior.
  _warn_prf(average, modifier, msg_start, len(result))

2026-06-16 01:44:50,925:WARNING:c:\Users\DELL\anaconda3\envs\p11_env\Lib\site-packages\sklearn\metrics\_classification.py:1344: UndefinedMetricWarning: Precision is ill-defined and being set to 0.0 due to no predicted samples. Use `zero_division` parameter to control this behavior.
  _warn_prf(average, modifier, msg_start, len(result))

2026-06-16 02:05:01,463:WARNING:c:\Users\DELL\anaconda3\envs\p11_env\Lib\site-packages\sklearn\metrics\_classification.py:1344: UndefinedMetricWarning: Precision is ill-defined and being set to 0.0 due to no predicted samples. Use `zero_division` parameter to control this behavior.
  _warn_prf(average, modifier, msg_start, len(result))

2026-06-16 02:05:01,559:WARNING:c:\Users\DELL\anaconda3\envs\p11_env\Lib\site-packages\sklearn\metrics\_classification.py:1344: UndefinedMetricWarning: Precision is ill-defined and being set to 0.0 due to no predicted samples. Use `zero_division` parameter to control this behavior.
  _warn_prf(average, modifier, msg_start, len(result))

2026-06-16 02:05:05,692:WARNING:c:\Users\DELL\anaconda3\envs\p11_env\Lib\site-packages\sklearn\metrics\_classification.py:1344: UndefinedMetricWarning: Precision is ill-defined and being set to 0.0 due to no predicted samples. Use `zero_division` parameter to control this behavior.
  _warn_prf(average, modifier, msg_start, len(result))

2026-06-16 02:05:06,026:WARNING:c:\Users\DELL\anaconda3\envs\p11_env\Lib\site-packages\sklearn\metrics\_classification.py:1344: UndefinedMetricWarning: Precision is ill-defined and being set to 0.0 due to no predicted samples. Use `zero_division` parameter to control this behavior.
  _warn_prf(average, modifier, msg_start, len(result))

2026-06-16 02:05:59,305:WARNING:c:\Users\DELL\anaconda3\envs\p11_env\Lib\site-packages\sklearn\metrics\_classification.py:1344: UndefinedMetricWarning: Precision is ill-defined and being set to 0.0 due to no predicted samples. Use `zero_division` parameter to control this behavior.
  _warn_prf(average, modifier, msg_start, len(result))

2026-06-16 02:06:07,492:WARNING:c:\Users\DELL\anaconda3\envs\p11_env\Lib\site-packages\sklearn\metrics\_classification.py:1344: UndefinedMetricWarning: Precision is ill-defined and being set to 0.0 due to no predicted samples. Use `zero_division` parameter to control this behavior.
  _warn_prf(average, modifier, msg_start, len(result))

2026-06-16 02:06:29,044:WARNING:c:\Users\DELL\anaconda3\envs\p11_env\Lib\site-packages\sklearn\metrics\_classification.py:1344: UndefinedMetricWarning: Precision is ill-defined and being set to 0.0 due to no predicted samples. Use `zero_division` parameter to control this behavior.
  _warn_prf(average, modifier, msg_start, len(result))

2026-06-16 02:17:48,057:WARNING:c:\Users\DELL\anaconda3\envs\p11_env\Lib\site-packages\sklearn\metrics\_classification.py:1344: UndefinedMetricWarning: Precision is ill-defined and being set to 0.0 due to no predicted samples. Use `zero_division` parameter to control this behavior.
  _warn_prf(average, modifier, msg_start, len(result))

2026-06-16 02:17:51,505:WARNING:c:\Users\DELL\anaconda3\envs\p11_env\Lib\site-packages\sklearn\metrics\_classification.py:1344: UndefinedMetricWarning: Precision is ill-defined and being set to 0.0 due to no predicted samples. Use `zero_division` parameter to control this behavior.
  _warn_prf(average, modifier, msg_start, len(result))

2026-06-16 02:18:45,631:WARNING:c:\Users\DELL\anaconda3\envs\p11_env\Lib\site-packages\sklearn\metrics\_classification.py:1344: UndefinedMetricWarning: Precision is ill-defined and being set to 0.0 due to no predicted samples. Use `zero_division` parameter to control this behavior.
  _warn_prf(average, modifier, msg_start, len(result))

2026-06-16 02:18:48,736:WARNING:c:\Users\DELL\anaconda3\envs\p11_env\Lib\site-packages\sklearn\metrics\_classification.py:1344: UndefinedMetricWarning: Precision is ill-defined and being set to 0.0 due to no predicted samples. Use `zero_division` parameter to control this behavior.
  _warn_prf(average, modifier, msg_start, len(result))

2026-06-16 02:18:59,295:WARNING:c:\Users\DELL\anaconda3\envs\p11_env\Lib\site-packages\sklearn\metrics\_classification.py:1344: UndefinedMetricWarning: Precision is ill-defined and being set to 0.0 due to no predicted samples. Use `zero_division` parameter to control this behavior.
  _warn_prf(average, modifier, msg_start, len(result))

2026-06-16 02:18:59,601:WARNING:c:\Users\DELL\anaconda3\envs\p11_env\Lib\site-packages\sklearn\metrics\_classification.py:1344: UndefinedMetricWarning: Precision is ill-defined and being set to 0.0 due to no predicted samples. Use `zero_division` parameter to control this behavior.
  _warn_prf(average, modifier, msg_start, len(result))

2026-06-16 02:19:34,350:WARNING:c:\Users\DELL\anaconda3\envs\p11_env\Lib\site-packages\sklearn\metrics\_classification.py:1344: UndefinedMetricWarning: Precision is ill-defined and being set to 0.0 due to no predicted samples. Use `zero_division` parameter to control this behavior.
  _warn_prf(average, modifier, msg_start, len(result))

2026-06-16 02:19:40,041:WARNING:c:\Users\DELL\anaconda3\envs\p11_env\Lib\site-packages\sklearn\metrics\_classification.py:1344: UndefinedMetricWarning: Precision is ill-defined and being set to 0.0 due to no predicted samples. Use `zero_division` parameter to control this behavior.
  _warn_prf(average, modifier, msg_start, len(result))

2026-06-16 02:19:49,362:WARNING:c:\Users\DELL\anaconda3\envs\p11_env\Lib\site-packages\sklearn\metrics\_classification.py:1344: UndefinedMetricWarning: Precision is ill-defined and being set to 0.0 due to no predicted samples. Use `zero_division` parameter to control this behavior.
  _warn_prf(average, modifier, msg_start, len(result))

2026-06-16 02:19:53,736:WARNING:c:\Users\DELL\anaconda3\envs\p11_env\Lib\site-packages\sklearn\metrics\_classification.py:1344: UndefinedMetricWarning: Precision is ill-defined and being set to 0.0 due to no predicted samples. Use `zero_division` parameter to control this behavior.
  _warn_prf(average, modifier, msg_start, len(result))

2026-06-16 02:20:03,452:WARNING:c:\Users\DELL\anaconda3\envs\p11_env\Lib\site-packages\sklearn\metrics\_classification.py:1344: UndefinedMetricWarning: Precision is ill-defined and being set to 0.0 due to no predicted samples. Use `zero_division` parameter to control this behavior.
  _warn_prf(average, modifier, msg_start, len(result))

2026-06-16 02:20:05,233:WARNING:c:\Users\DELL\anaconda3\envs\p11_env\Lib\site-packages\sklearn\metrics\_classification.py:1344: UndefinedMetricWarning: Precision is ill-defined and being set to 0.0 due to no predicted samples. Use `zero_division` parameter to control this behavior.
  _warn_prf(average, modifier, msg_start, len(result))

2026-06-16 02:20:05,602:WARNING:c:\Users\DELL\anaconda3\envs\p11_env\Lib\site-packages\sklearn\metrics\_classification.py:1344: UndefinedMetricWarning: Precision is ill-defined and being set to 0.0 due to no predicted samples. Use `zero_division` parameter to control this behavior.
  _warn_prf(average, modifier, msg_start, len(result))

2026-06-16 02:20:07,773:WARNING:c:\Users\DELL\anaconda3\envs\p11_env\Lib\site-packages\sklearn\metrics\_classification.py:1344: UndefinedMetricWarning: Precision is ill-defined and being set to 0.0 due to no predicted samples. Use `zero_division` parameter to control this behavior.
  _warn_prf(average, modifier, msg_start, len(result))

2026-06-16 02:20:23,772:WARNING:c:\Users\DELL\anaconda3\envs\p11_env\Lib\site-packages\sklearn\metrics\_classification.py:1344: UndefinedMetricWarning: Precision is ill-defined and being set to 0.0 due to no predicted samples. Use `zero_division` parameter to control this behavior.
  _warn_prf(average, modifier, msg_start, len(result))

2026-06-16 02:20:27,861:WARNING:c:\Users\DELL\anaconda3\envs\p11_env\Lib\site-packages\sklearn\metrics\_classification.py:1344: UndefinedMetricWarning: Precision is ill-defined and being set to 0.0 due to no predicted samples. Use `zero_division` parameter to control this behavior.
  _warn_prf(average, modifier, msg_start, len(result))

2026-06-16 02:20:31,466:WARNING:c:\Users\DELL\anaconda3\envs\p11_env\Lib\site-packages\sklearn\metrics\_classification.py:1344: UndefinedMetricWarning: Precision is ill-defined and being set to 0.0 due to no predicted samples. Use `zero_division` parameter to control this behavior.
  _warn_prf(average, modifier, msg_start, len(result))

2026-06-16 02:20:36,717:WARNING:c:\Users\DELL\anaconda3\envs\p11_env\Lib\site-packages\sklearn\metrics\_classification.py:1344: UndefinedMetricWarning: Precision is ill-defined and being set to 0.0 due to no predicted samples. Use `zero_division` parameter to control this behavior.
  _warn_prf(average, modifier, msg_start, len(result))

2026-06-16 02:20:42,071:WARNING:c:\Users\DELL\anaconda3\envs\p11_env\Lib\site-packages\sklearn\metrics\_classification.py:1344: UndefinedMetricWarning: Precision is ill-defined and being set to 0.0 due to no predicted samples. Use `zero_division` parameter to control this behavior.
  _warn_prf(average, modifier, msg_start, len(result))

2026-06-16 02:20:42,377:WARNING:c:\Users\DELL\anaconda3\envs\p11_env\Lib\site-packages\sklearn\metrics\_classification.py:1344: UndefinedMetricWarning: Precision is ill-defined and being set to 0.0 due to no predicted samples. Use `zero_division` parameter to control this behavior.
  _warn_prf(average, modifier, msg_start, len(result))

2026-06-16 02:21:05,560:INFO:best_params: {'actual_estimator__n_estimators': 260, 'actual_estimator__min_samples_split': 7, 'actual_estimator__min_samples_leaf': 3, 'actual_estimator__min_impurity_decrease': 0, 'actual_estimator__max_features': 1.0, 'actual_estimator__max_depth': 10, 'actual_estimator__criterion': 'entropy', 'actual_estimator__class_weight': 'balanced_subsample', 'actual_estimator__bootstrap': False}
2026-06-16 02:21:05,562:INFO:Hyperparameter search completed
2026-06-16 02:21:05,564:INFO:SubProcess create_model() called ==================================
2026-06-16 02:21:05,568:INFO:Initializing create_model()
2026-06-16 02:21:05,570:INFO:create_model(self=<pycaret.classification.oop.ClassificationExperiment object at 0x000001431C02A390>, estimator=ExtraTreesClassifier(bootstrap=False, ccp_alpha=0.0, class_weight='balanced',
                     criterion='gini', max_depth=None, max_features='sqrt',
                     max_leaf_nodes=None, max_samples=None,
                     min_impurity_decrease=0.0, min_samples_leaf=1,
                     min_samples_split=2, min_weight_fraction_leaf=0.0,
                     n_estimators=100, n_jobs=-1, oob_score=False,
                     random_state=40, verbose=0, warm_start=False), fold=StratifiedKFold(n_splits=10, random_state=None, shuffle=False), round=4, cross_validation=True, predict=True, fit_kwargs={}, groups=None, refit=True, probability_threshold=None, experiment_custom_tags=None, verbose=True, system=False, add_to_model_list=True, metrics=None, display=<pycaret.internal.display.display.CommonDisplay object at 0x000001435C891050>, model_only=True, return_train_score=False, error_score=0.0, kwargs={'n_estimators': 260, 'min_samples_split': 7, 'min_samples_leaf': 3, 'min_impurity_decrease': 0, 'max_features': 1.0, 'max_depth': 10, 'criterion': 'entropy', 'class_weight': 'balanced_subsample', 'bootstrap': False})
2026-06-16 02:21:05,570:INFO:Checking exceptions
2026-06-16 02:21:05,570:INFO:Importing libraries
2026-06-16 02:21:05,570:INFO:Copying training dataset
2026-06-16 02:21:06,079:INFO:Defining folds
2026-06-16 02:21:06,080:INFO:Declaring metric variables
2026-06-16 02:21:06,090:INFO:Importing untrained model
2026-06-16 02:21:06,090:INFO:Declaring custom model
2026-06-16 02:21:06,107:INFO:Extra Trees Classifier Imported successfully
2026-06-16 02:21:06,129:INFO:Starting cross validation
2026-06-16 02:21:06,139:INFO:Cross validating with StratifiedKFold(n_splits=10, random_state=None, shuffle=False), n_jobs=-1
2026-06-16 02:42:42,111:INFO:Calculating mean and std
2026-06-16 02:42:42,114:INFO:Creating metrics dataframe
2026-06-16 02:42:42,127:INFO:Finalizing model
2026-06-16 02:45:19,295:INFO:Uploading results into container
2026-06-16 02:45:19,297:INFO:Uploading model into container now
2026-06-16 02:45:19,299:INFO:_master_model_container: 18
2026-06-16 02:45:19,299:INFO:_display_container: 4
2026-06-16 02:45:19,299:INFO:ExtraTreesClassifier(bootstrap=False, ccp_alpha=0.0,
                     class_weight='balanced_subsample', criterion='entropy',
                     max_depth=10, max_features=1.0, max_leaf_nodes=None,
                     max_samples=None, min_impurity_decrease=0,
                     min_samples_leaf=3, min_samples_split=7,
                     min_weight_fraction_leaf=0.0, n_estimators=260, n_jobs=-1,
                     oob_score=False, random_state=40, verbose=0,
                     warm_start=False)
2026-06-16 02:45:19,299:INFO:create_model() successfully completed......................................
2026-06-16 02:45:20,300:INFO:SubProcess create_model() end ==================================
2026-06-16 02:45:20,300:INFO:choose_better activated
2026-06-16 02:45:20,305:INFO:SubProcess create_model() called ==================================
2026-06-16 02:45:20,318:INFO:Initializing create_model()
2026-06-16 02:45:20,319:INFO:create_model(self=<pycaret.classification.oop.ClassificationExperiment object at 0x000001431C02A390>, estimator=ExtraTreesClassifier(bootstrap=False, ccp_alpha=0.0, class_weight='balanced',
                     criterion='gini', max_depth=None, max_features='sqrt',
                     max_leaf_nodes=None, max_samples=None,
                     min_impurity_decrease=0.0, min_samples_leaf=1,
                     min_samples_split=2, min_weight_fraction_leaf=0.0,
                     n_estimators=100, n_jobs=-1, oob_score=False,
                     random_state=40, verbose=0, warm_start=False), fold=StratifiedKFold(n_splits=10, random_state=None, shuffle=False), round=4, cross_validation=True, predict=True, fit_kwargs={}, groups=None, refit=True, probability_threshold=None, experiment_custom_tags=None, verbose=False, system=False, add_to_model_list=True, metrics=None, display=None, model_only=True, return_train_score=False, error_score=0.0, kwargs={})
2026-06-16 02:45:20,319:INFO:Checking exceptions
2026-06-16 02:45:20,319:INFO:Importing libraries
2026-06-16 02:45:20,319:INFO:Copying training dataset
2026-06-16 02:45:20,527:INFO:Defining folds
2026-06-16 02:45:20,527:INFO:Declaring metric variables
2026-06-16 02:45:20,527:INFO:Importing untrained model
2026-06-16 02:45:20,527:INFO:Declaring custom model
2026-06-16 02:45:20,529:INFO:Extra Trees Classifier Imported successfully
2026-06-16 02:45:20,529:INFO:Starting cross validation
2026-06-16 02:45:20,531:INFO:Cross validating with StratifiedKFold(n_splits=10, random_state=None, shuffle=False), n_jobs=-1
2026-06-16 02:45:33,987:WARNING:c:\Users\DELL\anaconda3\envs\p11_env\Lib\site-packages\_distutils_hack\__init__.py:30: UserWarning: Setuptools is replacing distutils. Support for replacing an already imported distutils is deprecated. In the future, this condition will fail. Register concerns at https://github.com/pypa/setuptools/issues/new?template=distutils-deprecation.yml
  warnings.warn(

2026-06-16 02:45:35,175:WARNING:c:\Users\DELL\anaconda3\envs\p11_env\Lib\site-packages\_distutils_hack\__init__.py:30: UserWarning: Setuptools is replacing distutils. Support for replacing an already imported distutils is deprecated. In the future, this condition will fail. Register concerns at https://github.com/pypa/setuptools/issues/new?template=distutils-deprecation.yml
  warnings.warn(

2026-06-16 02:45:35,539:WARNING:c:\Users\DELL\anaconda3\envs\p11_env\Lib\site-packages\_distutils_hack\__init__.py:30: UserWarning: Setuptools is replacing distutils. Support for replacing an already imported distutils is deprecated. In the future, this condition will fail. Register concerns at https://github.com/pypa/setuptools/issues/new?template=distutils-deprecation.yml
  warnings.warn(

2026-06-16 02:45:35,656:WARNING:c:\Users\DELL\anaconda3\envs\p11_env\Lib\site-packages\_distutils_hack\__init__.py:30: UserWarning: Setuptools is replacing distutils. Support for replacing an already imported distutils is deprecated. In the future, this condition will fail. Register concerns at https://github.com/pypa/setuptools/issues/new?template=distutils-deprecation.yml
  warnings.warn(

2026-06-16 02:45:35,666:WARNING:c:\Users\DELL\anaconda3\envs\p11_env\Lib\site-packages\_distutils_hack\__init__.py:30: UserWarning: Setuptools is replacing distutils. Support for replacing an already imported distutils is deprecated. In the future, this condition will fail. Register concerns at https://github.com/pypa/setuptools/issues/new?template=distutils-deprecation.yml
  warnings.warn(

2026-06-16 02:45:35,769:WARNING:c:\Users\DELL\anaconda3\envs\p11_env\Lib\site-packages\_distutils_hack\__init__.py:30: UserWarning: Setuptools is replacing distutils. Support for replacing an already imported distutils is deprecated. In the future, this condition will fail. Register concerns at https://github.com/pypa/setuptools/issues/new?template=distutils-deprecation.yml
  warnings.warn(

2026-06-16 02:50:45,533:INFO:Calculating mean and std
2026-06-16 02:50:45,535:INFO:Creating metrics dataframe
2026-06-16 02:50:45,541:INFO:Finalizing model
2026-06-16 02:51:20,341:INFO:Uploading results into container
2026-06-16 02:51:20,343:INFO:Uploading model into container now
2026-06-16 02:51:20,343:INFO:_master_model_container: 19
2026-06-16 02:51:20,343:INFO:_display_container: 5
2026-06-16 02:51:20,345:INFO:ExtraTreesClassifier(bootstrap=False, ccp_alpha=0.0, class_weight='balanced',
                     criterion='gini', max_depth=None, max_features='sqrt',
                     max_leaf_nodes=None, max_samples=None,
                     min_impurity_decrease=0.0, min_samples_leaf=1,
                     min_samples_split=2, min_weight_fraction_leaf=0.0,
                     n_estimators=100, n_jobs=-1, oob_score=False,
                     random_state=40, verbose=0, warm_start=False)
2026-06-16 02:51:20,345:INFO:create_model() successfully completed......................................
2026-06-16 02:51:21,510:INFO:SubProcess create_model() end ==================================
2026-06-16 02:51:21,510:INFO:ExtraTreesClassifier(bootstrap=False, ccp_alpha=0.0, class_weight='balanced',
                     criterion='gini', max_depth=None, max_features='sqrt',
                     max_leaf_nodes=None, max_samples=None,
                     min_impurity_decrease=0.0, min_samples_leaf=1,
                     min_samples_split=2, min_weight_fraction_leaf=0.0,
                     n_estimators=100, n_jobs=-1, oob_score=False,
                     random_state=40, verbose=0, warm_start=False) result for Prec. is 0.486
2026-06-16 02:51:21,510:INFO:ExtraTreesClassifier(bootstrap=False, ccp_alpha=0.0,
                     class_weight='balanced_subsample', criterion='entropy',
                     max_depth=10, max_features=1.0, max_leaf_nodes=None,
                     max_samples=None, min_impurity_decrease=0,
                     min_samples_leaf=3, min_samples_split=7,
                     min_weight_fraction_leaf=0.0, n_estimators=260, n_jobs=-1,
                     oob_score=False, random_state=40, verbose=0,
                     warm_start=False) result for Prec. is 0.3295
2026-06-16 02:51:21,526:INFO:ExtraTreesClassifier(bootstrap=False, ccp_alpha=0.0, class_weight='balanced',
                     criterion='gini', max_depth=None, max_features='sqrt',
                     max_leaf_nodes=None, max_samples=None,
                     min_impurity_decrease=0.0, min_samples_leaf=1,
                     min_samples_split=2, min_weight_fraction_leaf=0.0,
                     n_estimators=100, n_jobs=-1, oob_score=False,
                     random_state=40, verbose=0, warm_start=False) is best model
2026-06-16 02:51:21,526:INFO:choose_better completed
2026-06-16 02:51:21,526:INFO:Original model was better than the tuned model, hence it will be returned. NOTE: The display metrics are for the tuned model (not the original one).
2026-06-16 02:51:21,534:INFO:_master_model_container: 19
2026-06-16 02:51:21,534:INFO:_display_container: 4
2026-06-16 02:51:21,545:INFO:ExtraTreesClassifier(bootstrap=False, ccp_alpha=0.0, class_weight='balanced',
                     criterion='gini', max_depth=None, max_features='sqrt',
                     max_leaf_nodes=None, max_samples=None,
                     min_impurity_decrease=0.0, min_samples_leaf=1,
                     min_samples_split=2, min_weight_fraction_leaf=0.0,
                     n_estimators=100, n_jobs=-1, oob_score=False,
                     random_state=40, verbose=0, warm_start=False)
2026-06-16 02:51:21,545:INFO:tune_model() successfully completed......................................
2026-06-16 02:51:29,279:WARNING:C:\Users\DELL\AppData\Local\Temp\ipykernel_17424\3175216543.py:22: FutureWarning: The NumPy global RNG was seeded by calling `np.random.seed`. In a future version this function will no longer use the global RNG. Pass `rng` explicitly to opt-in to the new behaviour and silence this warning.
  shap.summary_plot(shap_values_to_plot, X_sample, plot_type="bar", max_display=5)

2026-06-16 02:51:29,438:WARNING:C:\Users\DELL\AppData\Local\Temp\ipykernel_17424\3175216543.py:25: FutureWarning: The NumPy global RNG was seeded by calling `np.random.seed`. In a future version this function will no longer use the global RNG. Pass `rng` explicitly to opt-in to the new behaviour and silence this warning.
  shap.summary_plot(shap_values_to_plot, X_sample, max_display=5)

2026-06-16 07:20:04,209:WARNING:
'cuml' is a soft dependency and not included in the pycaret installation. Please run: `pip install cuml` to install.
2026-06-16 07:20:04,209:WARNING:
'cuml' is a soft dependency and not included in the pycaret installation. Please run: `pip install cuml` to install.
2026-06-16 07:20:04,209:WARNING:
'cuml' is a soft dependency and not included in the pycaret installation. Please run: `pip install cuml` to install.
2026-06-16 07:20:04,209:WARNING:
'cuml' is a soft dependency and not included in the pycaret installation. Please run: `pip install cuml` to install.
2026-06-16 07:20:08,413:WARNING:c:\Users\DELL\anaconda3\envs\p11_env\Lib\site-packages\yfinance\scrapers\history.py:396: FutureWarning: The default dtype for empty Series will be 'object' instead of 'float64' in a future version. Specify a dtype explicitly to silence this warning.
  self._capital_gains = pd.Series()

2026-06-16 07:20:08,884:WARNING:c:\Users\DELL\anaconda3\envs\p11_env\Lib\site-packages\yfinance\scrapers\history.py:396: FutureWarning: The default dtype for empty Series will be 'object' instead of 'float64' in a future version. Specify a dtype explicitly to silence this warning.
  self._capital_gains = pd.Series()

2026-06-16 07:20:09,064:WARNING:c:\Users\DELL\anaconda3\envs\p11_env\Lib\site-packages\yfinance\scrapers\history.py:396: FutureWarning: The default dtype for empty Series will be 'object' instead of 'float64' in a future version. Specify a dtype explicitly to silence this warning.
  self._capital_gains = pd.Series()

2026-06-16 07:20:09,169:WARNING:c:\Users\DELL\anaconda3\envs\p11_env\Lib\site-packages\yfinance\scrapers\history.py:396: FutureWarning: The default dtype for empty Series will be 'object' instead of 'float64' in a future version. Specify a dtype explicitly to silence this warning.
  self._capital_gains = pd.Series()

2026-06-16 07:20:09,275:WARNING:c:\Users\DELL\anaconda3\envs\p11_env\Lib\site-packages\yfinance\scrapers\history.py:396: FutureWarning: The default dtype for empty Series will be 'object' instead of 'float64' in a future version. Specify a dtype explicitly to silence this warning.
  self._capital_gains = pd.Series()

2026-06-16 07:20:09,397:WARNING:c:\Users\DELL\anaconda3\envs\p11_env\Lib\site-packages\yfinance\scrapers\history.py:396: FutureWarning: The default dtype for empty Series will be 'object' instead of 'float64' in a future version. Specify a dtype explicitly to silence this warning.
  self._capital_gains = pd.Series()

2026-06-16 07:20:09,519:WARNING:c:\Users\DELL\anaconda3\envs\p11_env\Lib\site-packages\yfinance\scrapers\history.py:396: FutureWarning: The default dtype for empty Series will be 'object' instead of 'float64' in a future version. Specify a dtype explicitly to silence this warning.
  self._capital_gains = pd.Series()

2026-06-16 07:20:09,637:WARNING:c:\Users\DELL\anaconda3\envs\p11_env\Lib\site-packages\yfinance\scrapers\history.py:396: FutureWarning: The default dtype for empty Series will be 'object' instead of 'float64' in a future version. Specify a dtype explicitly to silence this warning.
  self._capital_gains = pd.Series()

2026-06-16 07:20:09,746:WARNING:c:\Users\DELL\anaconda3\envs\p11_env\Lib\site-packages\yfinance\scrapers\history.py:396: FutureWarning: The default dtype for empty Series will be 'object' instead of 'float64' in a future version. Specify a dtype explicitly to silence this warning.
  self._capital_gains = pd.Series()

2026-06-16 07:20:09,855:WARNING:c:\Users\DELL\anaconda3\envs\p11_env\Lib\site-packages\yfinance\scrapers\history.py:396: FutureWarning: The default dtype for empty Series will be 'object' instead of 'float64' in a future version. Specify a dtype explicitly to silence this warning.
  self._capital_gains = pd.Series()

2026-06-16 07:20:09,969:WARNING:c:\Users\DELL\anaconda3\envs\p11_env\Lib\site-packages\yfinance\scrapers\history.py:396: FutureWarning: The default dtype for empty Series will be 'object' instead of 'float64' in a future version. Specify a dtype explicitly to silence this warning.
  self._capital_gains = pd.Series()

2026-06-16 07:20:10,057:WARNING:c:\Users\DELL\anaconda3\envs\p11_env\Lib\site-packages\yfinance\scrapers\history.py:396: FutureWarning: The default dtype for empty Series will be 'object' instead of 'float64' in a future version. Specify a dtype explicitly to silence this warning.
  self._capital_gains = pd.Series()

2026-06-16 07:20:10,189:WARNING:c:\Users\DELL\anaconda3\envs\p11_env\Lib\site-packages\yfinance\scrapers\history.py:396: FutureWarning: The default dtype for empty Series will be 'object' instead of 'float64' in a future version. Specify a dtype explicitly to silence this warning.
  self._capital_gains = pd.Series()

2026-06-16 07:20:10,246:WARNING:c:\Users\DELL\anaconda3\envs\p11_env\Lib\site-packages\yfinance\scrapers\history.py:396: FutureWarning: The default dtype for empty Series will be 'object' instead of 'float64' in a future version. Specify a dtype explicitly to silence this warning.
  self._capital_gains = pd.Series()

2026-06-16 07:20:10,534:WARNING:c:\Users\DELL\anaconda3\envs\p11_env\Lib\site-packages\yfinance\scrapers\history.py:396: FutureWarning: The default dtype for empty Series will be 'object' instead of 'float64' in a future version. Specify a dtype explicitly to silence this warning.
  self._capital_gains = pd.Series()

2026-06-16 07:20:10,535:WARNING:c:\Users\DELL\anaconda3\envs\p11_env\Lib\site-packages\yfinance\scrapers\history.py:396: FutureWarning: The default dtype for empty Series will be 'object' instead of 'float64' in a future version. Specify a dtype explicitly to silence this warning.
  self._capital_gains = pd.Series()

2026-06-16 07:20:10,645:WARNING:c:\Users\DELL\anaconda3\envs\p11_env\Lib\site-packages\yfinance\scrapers\history.py:396: FutureWarning: The default dtype for empty Series will be 'object' instead of 'float64' in a future version. Specify a dtype explicitly to silence this warning.
  self._capital_gains = pd.Series()

2026-06-16 07:20:10,705:WARNING:c:\Users\DELL\anaconda3\envs\p11_env\Lib\site-packages\yfinance\scrapers\history.py:396: FutureWarning: The default dtype for empty Series will be 'object' instead of 'float64' in a future version. Specify a dtype explicitly to silence this warning.
  self._capital_gains = pd.Series()

2026-06-16 07:20:10,919:WARNING:c:\Users\DELL\anaconda3\envs\p11_env\Lib\site-packages\yfinance\scrapers\history.py:396: FutureWarning: The default dtype for empty Series will be 'object' instead of 'float64' in a future version. Specify a dtype explicitly to silence this warning.
  self._capital_gains = pd.Series()

2026-06-16 07:20:11,028:WARNING:c:\Users\DELL\anaconda3\envs\p11_env\Lib\site-packages\yfinance\scrapers\history.py:396: FutureWarning: The default dtype for empty Series will be 'object' instead of 'float64' in a future version. Specify a dtype explicitly to silence this warning.
  self._capital_gains = pd.Series()

2026-06-16 07:20:11,052:WARNING:c:\Users\DELL\anaconda3\envs\p11_env\Lib\site-packages\yfinance\scrapers\history.py:396: FutureWarning: The default dtype for empty Series will be 'object' instead of 'float64' in a future version. Specify a dtype explicitly to silence this warning.
  self._capital_gains = pd.Series()

2026-06-16 07:20:11,318:WARNING:c:\Users\DELL\anaconda3\envs\p11_env\Lib\site-packages\yfinance\scrapers\history.py:396: FutureWarning: The default dtype for empty Series will be 'object' instead of 'float64' in a future version. Specify a dtype explicitly to silence this warning.
  self._capital_gains = pd.Series()

2026-06-16 07:20:11,487:WARNING:c:\Users\DELL\anaconda3\envs\p11_env\Lib\site-packages\yfinance\scrapers\history.py:396: FutureWarning: The default dtype for empty Series will be 'object' instead of 'float64' in a future version. Specify a dtype explicitly to silence this warning.
  self._capital_gains = pd.Series()

2026-06-16 07:20:11,602:WARNING:c:\Users\DELL\anaconda3\envs\p11_env\Lib\site-packages\yfinance\scrapers\history.py:396: FutureWarning: The default dtype for empty Series will be 'object' instead of 'float64' in a future version. Specify a dtype explicitly to silence this warning.
  self._capital_gains = pd.Series()

2026-06-16 07:20:11,700:WARNING:c:\Users\DELL\anaconda3\envs\p11_env\Lib\site-packages\yfinance\scrapers\history.py:396: FutureWarning: The default dtype for empty Series will be 'object' instead of 'float64' in a future version. Specify a dtype explicitly to silence this warning.
  self._capital_gains = pd.Series()

2026-06-16 07:20:11,818:WARNING:c:\Users\DELL\anaconda3\envs\p11_env\Lib\site-packages\yfinance\scrapers\history.py:396: FutureWarning: The default dtype for empty Series will be 'object' instead of 'float64' in a future version. Specify a dtype explicitly to silence this warning.
  self._capital_gains = pd.Series()

2026-06-16 07:20:11,891:WARNING:c:\Users\DELL\anaconda3\envs\p11_env\Lib\site-packages\yfinance\scrapers\history.py:396: FutureWarning: The default dtype for empty Series will be 'object' instead of 'float64' in a future version. Specify a dtype explicitly to silence this warning.
  self._capital_gains = pd.Series()

2026-06-16 07:20:11,955:WARNING:c:\Users\DELL\anaconda3\envs\p11_env\Lib\site-packages\yfinance\scrapers\history.py:396: FutureWarning: The default dtype for empty Series will be 'object' instead of 'float64' in a future version. Specify a dtype explicitly to silence this warning.
  self._capital_gains = pd.Series()

2026-06-16 07:20:12,062:WARNING:c:\Users\DELL\anaconda3\envs\p11_env\Lib\site-packages\yfinance\scrapers\history.py:396: FutureWarning: The default dtype for empty Series will be 'object' instead of 'float64' in a future version. Specify a dtype explicitly to silence this warning.
  self._capital_gains = pd.Series()

2026-06-16 07:20:12,152:WARNING:c:\Users\DELL\anaconda3\envs\p11_env\Lib\site-packages\yfinance\scrapers\history.py:396: FutureWarning: The default dtype for empty Series will be 'object' instead of 'float64' in a future version. Specify a dtype explicitly to silence this warning.
  self._capital_gains = pd.Series()

2026-06-16 07:20:12,185:WARNING:c:\Users\DELL\anaconda3\envs\p11_env\Lib\site-packages\yfinance\scrapers\history.py:396: FutureWarning: The default dtype for empty Series will be 'object' instead of 'float64' in a future version. Specify a dtype explicitly to silence this warning.
  self._capital_gains = pd.Series()

