2026-06-06 17:07:43,656:WARNING:
'cuml' is a soft dependency and not included in the pycaret installation. Please run: `pip install cuml` to install.
2026-06-06 17:07:43,656:WARNING:
'cuml' is a soft dependency and not included in the pycaret installation. Please run: `pip install cuml` to install.
2026-06-06 17:07:43,656:WARNING:
'cuml' is a soft dependency and not included in the pycaret installation. Please run: `pip install cuml` to install.
2026-06-06 17:07:43,656:WARNING:
'cuml' is a soft dependency and not included in the pycaret installation. Please run: `pip install cuml` to install.
2026-06-06 17:18:43,463:WARNING:
'cuml' is a soft dependency and not included in the pycaret installation. Please run: `pip install cuml` to install.
2026-06-06 17:18:43,463:WARNING:
'cuml' is a soft dependency and not included in the pycaret installation. Please run: `pip install cuml` to install.
2026-06-06 17:18:43,463:WARNING:
'cuml' is a soft dependency and not included in the pycaret installation. Please run: `pip install cuml` to install.
2026-06-06 17:18:43,463:WARNING:
'cuml' is a soft dependency and not included in the pycaret installation. Please run: `pip install cuml` to install.
2026-06-06 17:30:32,643:WARNING:
'cuml' is a soft dependency and not included in the pycaret installation. Please run: `pip install cuml` to install.
2026-06-06 17:30:32,643:WARNING:
'cuml' is a soft dependency and not included in the pycaret installation. Please run: `pip install cuml` to install.
2026-06-06 17:30:32,643:WARNING:
'cuml' is a soft dependency and not included in the pycaret installation. Please run: `pip install cuml` to install.
2026-06-06 17:30:32,643:WARNING:
'cuml' is a soft dependency and not included in the pycaret installation. Please run: `pip install cuml` to install.
2026-06-06 17:33:04,780:WARNING:c:\Users\DELL\anaconda3\envs\p11_env\Lib\site-packages\yfinance\scrapers\history.py:396: FutureWarning: The default dtype for empty Series will be 'object' instead of 'float64' in a future version. Specify a dtype explicitly to silence this warning.
  self._capital_gains = pd.Series()

2026-06-06 17:33:05,357:WARNING:c:\Users\DELL\anaconda3\envs\p11_env\Lib\site-packages\yfinance\scrapers\history.py:396: FutureWarning: The default dtype for empty Series will be 'object' instead of 'float64' in a future version. Specify a dtype explicitly to silence this warning.
  self._capital_gains = pd.Series()

2026-06-06 17:33:06,102:WARNING:c:\Users\DELL\anaconda3\envs\p11_env\Lib\site-packages\yfinance\scrapers\history.py:396: FutureWarning: The default dtype for empty Series will be 'object' instead of 'float64' in a future version. Specify a dtype explicitly to silence this warning.
  self._capital_gains = pd.Series()

2026-06-06 17:33:06,565:WARNING:c:\Users\DELL\anaconda3\envs\p11_env\Lib\site-packages\yfinance\scrapers\history.py:396: FutureWarning: The default dtype for empty Series will be 'object' instead of 'float64' in a future version. Specify a dtype explicitly to silence this warning.
  self._capital_gains = pd.Series()

2026-06-06 17:33:07,042:WARNING:c:\Users\DELL\anaconda3\envs\p11_env\Lib\site-packages\yfinance\scrapers\history.py:396: FutureWarning: The default dtype for empty Series will be 'object' instead of 'float64' in a future version. Specify a dtype explicitly to silence this warning.
  self._capital_gains = pd.Series()

2026-06-06 17:33:07,590:WARNING:c:\Users\DELL\anaconda3\envs\p11_env\Lib\site-packages\yfinance\scrapers\history.py:396: FutureWarning: The default dtype for empty Series will be 'object' instead of 'float64' in a future version. Specify a dtype explicitly to silence this warning.
  self._capital_gains = pd.Series()

2026-06-06 17:33:08,133:WARNING:c:\Users\DELL\anaconda3\envs\p11_env\Lib\site-packages\yfinance\scrapers\history.py:396: FutureWarning: The default dtype for empty Series will be 'object' instead of 'float64' in a future version. Specify a dtype explicitly to silence this warning.
  self._capital_gains = pd.Series()

2026-06-06 17:33:08,612:WARNING:c:\Users\DELL\anaconda3\envs\p11_env\Lib\site-packages\yfinance\scrapers\history.py:396: FutureWarning: The default dtype for empty Series will be 'object' instead of 'float64' in a future version. Specify a dtype explicitly to silence this warning.
  self._capital_gains = pd.Series()

2026-06-06 17:33:09,107:WARNING:c:\Users\DELL\anaconda3\envs\p11_env\Lib\site-packages\yfinance\scrapers\history.py:396: FutureWarning: The default dtype for empty Series will be 'object' instead of 'float64' in a future version. Specify a dtype explicitly to silence this warning.
  self._capital_gains = pd.Series()

2026-06-06 17:33:09,414:WARNING:c:\Users\DELL\anaconda3\envs\p11_env\Lib\site-packages\yfinance\scrapers\history.py:396: FutureWarning: The default dtype for empty Series will be 'object' instead of 'float64' in a future version. Specify a dtype explicitly to silence this warning.
  self._capital_gains = pd.Series()

2026-06-06 17:33:10,071:WARNING:c:\Users\DELL\anaconda3\envs\p11_env\Lib\site-packages\yfinance\scrapers\history.py:396: FutureWarning: The default dtype for empty Series will be 'object' instead of 'float64' in a future version. Specify a dtype explicitly to silence this warning.
  self._capital_gains = pd.Series()

2026-06-06 17:33:10,590:WARNING:c:\Users\DELL\anaconda3\envs\p11_env\Lib\site-packages\yfinance\scrapers\history.py:396: FutureWarning: The default dtype for empty Series will be 'object' instead of 'float64' in a future version. Specify a dtype explicitly to silence this warning.
  self._capital_gains = pd.Series()

2026-06-06 17:33:11,115:WARNING:c:\Users\DELL\anaconda3\envs\p11_env\Lib\site-packages\yfinance\scrapers\history.py:396: FutureWarning: The default dtype for empty Series will be 'object' instead of 'float64' in a future version. Specify a dtype explicitly to silence this warning.
  self._capital_gains = pd.Series()

2026-06-06 17:33:11,400:WARNING:c:\Users\DELL\anaconda3\envs\p11_env\Lib\site-packages\yfinance\scrapers\history.py:396: FutureWarning: The default dtype for empty Series will be 'object' instead of 'float64' in a future version. Specify a dtype explicitly to silence this warning.
  self._capital_gains = pd.Series()

2026-06-06 17:33:11,816:WARNING:c:\Users\DELL\anaconda3\envs\p11_env\Lib\site-packages\yfinance\scrapers\history.py:396: FutureWarning: The default dtype for empty Series will be 'object' instead of 'float64' in a future version. Specify a dtype explicitly to silence this warning.
  self._capital_gains = pd.Series()

2026-06-06 17:33:12,196:WARNING:c:\Users\DELL\anaconda3\envs\p11_env\Lib\site-packages\yfinance\scrapers\history.py:396: FutureWarning: The default dtype for empty Series will be 'object' instead of 'float64' in a future version. Specify a dtype explicitly to silence this warning.
  self._capital_gains = pd.Series()

2026-06-06 17:33:12,587:WARNING:c:\Users\DELL\anaconda3\envs\p11_env\Lib\site-packages\yfinance\scrapers\history.py:396: FutureWarning: The default dtype for empty Series will be 'object' instead of 'float64' in a future version. Specify a dtype explicitly to silence this warning.
  self._capital_gains = pd.Series()

2026-06-06 17:33:13,013:WARNING:c:\Users\DELL\anaconda3\envs\p11_env\Lib\site-packages\yfinance\scrapers\history.py:396: FutureWarning: The default dtype for empty Series will be 'object' instead of 'float64' in a future version. Specify a dtype explicitly to silence this warning.
  self._capital_gains = pd.Series()

2026-06-06 17:33:13,414:WARNING:c:\Users\DELL\anaconda3\envs\p11_env\Lib\site-packages\yfinance\scrapers\history.py:396: FutureWarning: The default dtype for empty Series will be 'object' instead of 'float64' in a future version. Specify a dtype explicitly to silence this warning.
  self._capital_gains = pd.Series()

2026-06-06 17:33:13,740:WARNING:c:\Users\DELL\anaconda3\envs\p11_env\Lib\site-packages\yfinance\scrapers\history.py:396: FutureWarning: The default dtype for empty Series will be 'object' instead of 'float64' in a future version. Specify a dtype explicitly to silence this warning.
  self._capital_gains = pd.Series()

2026-06-06 17:33:14,013:WARNING:c:\Users\DELL\anaconda3\envs\p11_env\Lib\site-packages\yfinance\scrapers\history.py:396: FutureWarning: The default dtype for empty Series will be 'object' instead of 'float64' in a future version. Specify a dtype explicitly to silence this warning.
  self._capital_gains = pd.Series()

2026-06-06 17:33:14,286:WARNING:c:\Users\DELL\anaconda3\envs\p11_env\Lib\site-packages\yfinance\scrapers\history.py:396: FutureWarning: The default dtype for empty Series will be 'object' instead of 'float64' in a future version. Specify a dtype explicitly to silence this warning.
  self._capital_gains = pd.Series()

2026-06-06 17:33:14,646:WARNING:c:\Users\DELL\anaconda3\envs\p11_env\Lib\site-packages\yfinance\scrapers\history.py:396: FutureWarning: The default dtype for empty Series will be 'object' instead of 'float64' in a future version. Specify a dtype explicitly to silence this warning.
  self._capital_gains = pd.Series()

2026-06-06 17:33:15,055:WARNING:c:\Users\DELL\anaconda3\envs\p11_env\Lib\site-packages\yfinance\scrapers\history.py:396: FutureWarning: The default dtype for empty Series will be 'object' instead of 'float64' in a future version. Specify a dtype explicitly to silence this warning.
  self._capital_gains = pd.Series()

2026-06-06 17:33:45,342:WARNING:c:\Users\DELL\anaconda3\envs\p11_env\Lib\site-packages\yfinance\scrapers\history.py:396: FutureWarning: The default dtype for empty Series will be 'object' instead of 'float64' in a future version. Specify a dtype explicitly to silence this warning.
  self._capital_gains = pd.Series()

2026-06-06 17:33:45,703:WARNING:c:\Users\DELL\anaconda3\envs\p11_env\Lib\site-packages\yfinance\scrapers\history.py:396: FutureWarning: The default dtype for empty Series will be 'object' instead of 'float64' in a future version. Specify a dtype explicitly to silence this warning.
  self._capital_gains = pd.Series()

2026-06-06 17:33:45,846:WARNING:c:\Users\DELL\anaconda3\envs\p11_env\Lib\site-packages\yfinance\scrapers\history.py:396: FutureWarning: The default dtype for empty Series will be 'object' instead of 'float64' in a future version. Specify a dtype explicitly to silence this warning.
  self._capital_gains = pd.Series()

2026-06-06 17:33:46,099:WARNING:c:\Users\DELL\anaconda3\envs\p11_env\Lib\site-packages\yfinance\scrapers\history.py:396: FutureWarning: The default dtype for empty Series will be 'object' instead of 'float64' in a future version. Specify a dtype explicitly to silence this warning.
  self._capital_gains = pd.Series()

2026-06-06 17:33:46,329:WARNING:c:\Users\DELL\anaconda3\envs\p11_env\Lib\site-packages\yfinance\scrapers\history.py:396: FutureWarning: The default dtype for empty Series will be 'object' instead of 'float64' in a future version. Specify a dtype explicitly to silence this warning.
  self._capital_gains = pd.Series()

2026-06-06 17:33:46,657:WARNING:c:\Users\DELL\anaconda3\envs\p11_env\Lib\site-packages\yfinance\scrapers\history.py:396: FutureWarning: The default dtype for empty Series will be 'object' instead of 'float64' in a future version. Specify a dtype explicitly to silence this warning.
  self._capital_gains = pd.Series()

2026-06-06 17:33:46,804:WARNING:c:\Users\DELL\anaconda3\envs\p11_env\Lib\site-packages\yfinance\scrapers\history.py:396: FutureWarning: The default dtype for empty Series will be 'object' instead of 'float64' in a future version. Specify a dtype explicitly to silence this warning.
  self._capital_gains = pd.Series()

2026-06-08 11:22:44,128:WARNING:
'cuml' is a soft dependency and not included in the pycaret installation. Please run: `pip install cuml` to install.
2026-06-08 11:22:44,129:WARNING:
'cuml' is a soft dependency and not included in the pycaret installation. Please run: `pip install cuml` to install.
2026-06-08 11:22:44,129:WARNING:
'cuml' is a soft dependency and not included in the pycaret installation. Please run: `pip install cuml` to install.
2026-06-08 11:22:44,129:WARNING:
'cuml' is a soft dependency and not included in the pycaret installation. Please run: `pip install cuml` to install.
2026-06-08 11:24:59,138:WARNING:c:\Users\DELL\anaconda3\envs\p11_env\Lib\site-packages\yfinance\scrapers\history.py:396: FutureWarning: The default dtype for empty Series will be 'object' instead of 'float64' in a future version. Specify a dtype explicitly to silence this warning.
  self._capital_gains = pd.Series()

2026-06-08 11:25:00,087:WARNING:c:\Users\DELL\anaconda3\envs\p11_env\Lib\site-packages\yfinance\scrapers\history.py:396: FutureWarning: The default dtype for empty Series will be 'object' instead of 'float64' in a future version. Specify a dtype explicitly to silence this warning.
  self._capital_gains = pd.Series()

2026-06-08 11:25:00,877:WARNING:c:\Users\DELL\anaconda3\envs\p11_env\Lib\site-packages\yfinance\scrapers\history.py:396: FutureWarning: The default dtype for empty Series will be 'object' instead of 'float64' in a future version. Specify a dtype explicitly to silence this warning.
  self._capital_gains = pd.Series()

2026-06-08 11:25:01,316:WARNING:c:\Users\DELL\anaconda3\envs\p11_env\Lib\site-packages\yfinance\scrapers\history.py:396: FutureWarning: The default dtype for empty Series will be 'object' instead of 'float64' in a future version. Specify a dtype explicitly to silence this warning.
  self._capital_gains = pd.Series()

2026-06-08 11:25:02,281:WARNING:c:\Users\DELL\anaconda3\envs\p11_env\Lib\site-packages\yfinance\scrapers\history.py:396: FutureWarning: The default dtype for empty Series will be 'object' instead of 'float64' in a future version. Specify a dtype explicitly to silence this warning.
  self._capital_gains = pd.Series()

2026-06-08 11:25:03,430:WARNING:c:\Users\DELL\anaconda3\envs\p11_env\Lib\site-packages\yfinance\scrapers\history.py:396: FutureWarning: The default dtype for empty Series will be 'object' instead of 'float64' in a future version. Specify a dtype explicitly to silence this warning.
  self._capital_gains = pd.Series()

2026-06-08 11:25:03,900:WARNING:c:\Users\DELL\anaconda3\envs\p11_env\Lib\site-packages\yfinance\scrapers\history.py:396: FutureWarning: The default dtype for empty Series will be 'object' instead of 'float64' in a future version. Specify a dtype explicitly to silence this warning.
  self._capital_gains = pd.Series()

2026-06-08 11:25:04,406:WARNING:c:\Users\DELL\anaconda3\envs\p11_env\Lib\site-packages\yfinance\scrapers\history.py:396: FutureWarning: The default dtype for empty Series will be 'object' instead of 'float64' in a future version. Specify a dtype explicitly to silence this warning.
  self._capital_gains = pd.Series()

2026-06-08 11:25:04,786:WARNING:c:\Users\DELL\anaconda3\envs\p11_env\Lib\site-packages\yfinance\scrapers\history.py:396: FutureWarning: The default dtype for empty Series will be 'object' instead of 'float64' in a future version. Specify a dtype explicitly to silence this warning.
  self._capital_gains = pd.Series()

2026-06-08 11:25:05,106:WARNING:c:\Users\DELL\anaconda3\envs\p11_env\Lib\site-packages\yfinance\scrapers\history.py:396: FutureWarning: The default dtype for empty Series will be 'object' instead of 'float64' in a future version. Specify a dtype explicitly to silence this warning.
  self._capital_gains = pd.Series()

2026-06-08 11:25:05,685:WARNING:c:\Users\DELL\anaconda3\envs\p11_env\Lib\site-packages\yfinance\scrapers\history.py:396: FutureWarning: The default dtype for empty Series will be 'object' instead of 'float64' in a future version. Specify a dtype explicitly to silence this warning.
  self._capital_gains = pd.Series()

2026-06-08 11:25:06,290:WARNING:c:\Users\DELL\anaconda3\envs\p11_env\Lib\site-packages\yfinance\scrapers\history.py:396: FutureWarning: The default dtype for empty Series will be 'object' instead of 'float64' in a future version. Specify a dtype explicitly to silence this warning.
  self._capital_gains = pd.Series()

2026-06-08 11:25:06,723:WARNING:c:\Users\DELL\anaconda3\envs\p11_env\Lib\site-packages\yfinance\scrapers\history.py:396: FutureWarning: The default dtype for empty Series will be 'object' instead of 'float64' in a future version. Specify a dtype explicitly to silence this warning.
  self._capital_gains = pd.Series()

2026-06-08 11:25:07,200:WARNING:c:\Users\DELL\anaconda3\envs\p11_env\Lib\site-packages\yfinance\scrapers\history.py:396: FutureWarning: The default dtype for empty Series will be 'object' instead of 'float64' in a future version. Specify a dtype explicitly to silence this warning.
  self._capital_gains = pd.Series()

2026-06-08 11:25:07,599:WARNING:c:\Users\DELL\anaconda3\envs\p11_env\Lib\site-packages\yfinance\scrapers\history.py:396: FutureWarning: The default dtype for empty Series will be 'object' instead of 'float64' in a future version. Specify a dtype explicitly to silence this warning.
  self._capital_gains = pd.Series()

2026-06-08 11:25:08,006:WARNING:c:\Users\DELL\anaconda3\envs\p11_env\Lib\site-packages\yfinance\scrapers\history.py:396: FutureWarning: The default dtype for empty Series will be 'object' instead of 'float64' in a future version. Specify a dtype explicitly to silence this warning.
  self._capital_gains = pd.Series()

2026-06-08 11:25:08,481:WARNING:c:\Users\DELL\anaconda3\envs\p11_env\Lib\site-packages\yfinance\scrapers\history.py:396: FutureWarning: The default dtype for empty Series will be 'object' instead of 'float64' in a future version. Specify a dtype explicitly to silence this warning.
  self._capital_gains = pd.Series()

2026-06-08 11:25:09,015:WARNING:c:\Users\DELL\anaconda3\envs\p11_env\Lib\site-packages\yfinance\scrapers\history.py:396: FutureWarning: The default dtype for empty Series will be 'object' instead of 'float64' in a future version. Specify a dtype explicitly to silence this warning.
  self._capital_gains = pd.Series()

2026-06-08 11:25:09,475:WARNING:c:\Users\DELL\anaconda3\envs\p11_env\Lib\site-packages\yfinance\scrapers\history.py:396: FutureWarning: The default dtype for empty Series will be 'object' instead of 'float64' in a future version. Specify a dtype explicitly to silence this warning.
  self._capital_gains = pd.Series()

2026-06-08 11:25:09,967:WARNING:c:\Users\DELL\anaconda3\envs\p11_env\Lib\site-packages\yfinance\scrapers\history.py:396: FutureWarning: The default dtype for empty Series will be 'object' instead of 'float64' in a future version. Specify a dtype explicitly to silence this warning.
  self._capital_gains = pd.Series()

2026-06-08 11:25:10,433:WARNING:c:\Users\DELL\anaconda3\envs\p11_env\Lib\site-packages\yfinance\scrapers\history.py:396: FutureWarning: The default dtype for empty Series will be 'object' instead of 'float64' in a future version. Specify a dtype explicitly to silence this warning.
  self._capital_gains = pd.Series()

2026-06-08 11:25:10,936:WARNING:c:\Users\DELL\anaconda3\envs\p11_env\Lib\site-packages\yfinance\scrapers\history.py:396: FutureWarning: The default dtype for empty Series will be 'object' instead of 'float64' in a future version. Specify a dtype explicitly to silence this warning.
  self._capital_gains = pd.Series()

2026-06-08 11:25:11,226:WARNING:c:\Users\DELL\anaconda3\envs\p11_env\Lib\site-packages\yfinance\scrapers\history.py:396: FutureWarning: The default dtype for empty Series will be 'object' instead of 'float64' in a future version. Specify a dtype explicitly to silence this warning.
  self._capital_gains = pd.Series()

2026-06-08 11:25:11,731:WARNING:c:\Users\DELL\anaconda3\envs\p11_env\Lib\site-packages\yfinance\scrapers\history.py:396: FutureWarning: The default dtype for empty Series will be 'object' instead of 'float64' in a future version. Specify a dtype explicitly to silence this warning.
  self._capital_gains = pd.Series()

2026-06-08 11:25:39,487:WARNING:c:\Users\DELL\anaconda3\envs\p11_env\Lib\site-packages\yfinance\scrapers\history.py:396: FutureWarning: The default dtype for empty Series will be 'object' instead of 'float64' in a future version. Specify a dtype explicitly to silence this warning.
  self._capital_gains = pd.Series()

2026-06-08 11:25:39,701:WARNING:c:\Users\DELL\anaconda3\envs\p11_env\Lib\site-packages\yfinance\scrapers\history.py:396: FutureWarning: The default dtype for empty Series will be 'object' instead of 'float64' in a future version. Specify a dtype explicitly to silence this warning.
  self._capital_gains = pd.Series()

2026-06-08 11:25:39,897:WARNING:c:\Users\DELL\anaconda3\envs\p11_env\Lib\site-packages\yfinance\scrapers\history.py:396: FutureWarning: The default dtype for empty Series will be 'object' instead of 'float64' in a future version. Specify a dtype explicitly to silence this warning.
  self._capital_gains = pd.Series()

2026-06-08 11:25:40,066:WARNING:c:\Users\DELL\anaconda3\envs\p11_env\Lib\site-packages\yfinance\scrapers\history.py:396: FutureWarning: The default dtype for empty Series will be 'object' instead of 'float64' in a future version. Specify a dtype explicitly to silence this warning.
  self._capital_gains = pd.Series()

2026-06-08 11:25:40,209:WARNING:c:\Users\DELL\anaconda3\envs\p11_env\Lib\site-packages\yfinance\scrapers\history.py:396: FutureWarning: The default dtype for empty Series will be 'object' instead of 'float64' in a future version. Specify a dtype explicitly to silence this warning.
  self._capital_gains = pd.Series()

2026-06-08 11:25:40,417:WARNING:c:\Users\DELL\anaconda3\envs\p11_env\Lib\site-packages\yfinance\scrapers\history.py:396: FutureWarning: The default dtype for empty Series will be 'object' instead of 'float64' in a future version. Specify a dtype explicitly to silence this warning.
  self._capital_gains = pd.Series()

2026-06-08 11:25:40,432:WARNING:c:\Users\DELL\anaconda3\envs\p11_env\Lib\site-packages\yfinance\scrapers\history.py:396: FutureWarning: The default dtype for empty Series will be 'object' instead of 'float64' in a future version. Specify a dtype explicitly to silence this warning.
  self._capital_gains = pd.Series()

2026-06-08 11:29:22,366:WARNING:
'cuml' is a soft dependency and not included in the pycaret installation. Please run: `pip install cuml` to install.
2026-06-08 11:29:22,366:WARNING:
'cuml' is a soft dependency and not included in the pycaret installation. Please run: `pip install cuml` to install.
2026-06-08 11:29:22,366:WARNING:
'cuml' is a soft dependency and not included in the pycaret installation. Please run: `pip install cuml` to install.
2026-06-08 11:29:22,369:WARNING:
'cuml' is a soft dependency and not included in the pycaret installation. Please run: `pip install cuml` to install.
2026-06-08 11:31:31,905:WARNING:c:\Users\DELL\anaconda3\envs\p11_env\Lib\site-packages\yfinance\scrapers\history.py:396: FutureWarning: The default dtype for empty Series will be 'object' instead of 'float64' in a future version. Specify a dtype explicitly to silence this warning.
  self._capital_gains = pd.Series()

2026-06-08 11:31:32,736:WARNING:c:\Users\DELL\anaconda3\envs\p11_env\Lib\site-packages\yfinance\scrapers\history.py:396: FutureWarning: The default dtype for empty Series will be 'object' instead of 'float64' in a future version. Specify a dtype explicitly to silence this warning.
  self._capital_gains = pd.Series()

2026-06-08 11:31:33,735:WARNING:c:\Users\DELL\anaconda3\envs\p11_env\Lib\site-packages\yfinance\scrapers\history.py:396: FutureWarning: The default dtype for empty Series will be 'object' instead of 'float64' in a future version. Specify a dtype explicitly to silence this warning.
  self._capital_gains = pd.Series()

2026-06-08 11:31:34,817:WARNING:c:\Users\DELL\anaconda3\envs\p11_env\Lib\site-packages\yfinance\scrapers\history.py:396: FutureWarning: The default dtype for empty Series will be 'object' instead of 'float64' in a future version. Specify a dtype explicitly to silence this warning.
  self._capital_gains = pd.Series()

2026-06-08 11:31:35,586:WARNING:c:\Users\DELL\anaconda3\envs\p11_env\Lib\site-packages\yfinance\scrapers\history.py:396: FutureWarning: The default dtype for empty Series will be 'object' instead of 'float64' in a future version. Specify a dtype explicitly to silence this warning.
  self._capital_gains = pd.Series()

2026-06-08 11:31:37,975:WARNING:c:\Users\DELL\anaconda3\envs\p11_env\Lib\site-packages\yfinance\scrapers\history.py:396: FutureWarning: The default dtype for empty Series will be 'object' instead of 'float64' in a future version. Specify a dtype explicitly to silence this warning.
  self._capital_gains = pd.Series()

2026-06-08 11:31:39,102:WARNING:c:\Users\DELL\anaconda3\envs\p11_env\Lib\site-packages\yfinance\scrapers\history.py:396: FutureWarning: The default dtype for empty Series will be 'object' instead of 'float64' in a future version. Specify a dtype explicitly to silence this warning.
  self._capital_gains = pd.Series()

2026-06-08 11:31:39,935:WARNING:c:\Users\DELL\anaconda3\envs\p11_env\Lib\site-packages\yfinance\scrapers\history.py:396: FutureWarning: The default dtype for empty Series will be 'object' instead of 'float64' in a future version. Specify a dtype explicitly to silence this warning.
  self._capital_gains = pd.Series()

2026-06-08 11:31:40,565:WARNING:c:\Users\DELL\anaconda3\envs\p11_env\Lib\site-packages\yfinance\scrapers\history.py:396: FutureWarning: The default dtype for empty Series will be 'object' instead of 'float64' in a future version. Specify a dtype explicitly to silence this warning.
  self._capital_gains = pd.Series()

2026-06-08 11:31:41,558:WARNING:c:\Users\DELL\anaconda3\envs\p11_env\Lib\site-packages\yfinance\scrapers\history.py:396: FutureWarning: The default dtype for empty Series will be 'object' instead of 'float64' in a future version. Specify a dtype explicitly to silence this warning.
  self._capital_gains = pd.Series()

2026-06-08 11:31:42,188:WARNING:c:\Users\DELL\anaconda3\envs\p11_env\Lib\site-packages\yfinance\scrapers\history.py:396: FutureWarning: The default dtype for empty Series will be 'object' instead of 'float64' in a future version. Specify a dtype explicitly to silence this warning.
  self._capital_gains = pd.Series()

2026-06-08 11:31:42,602:WARNING:c:\Users\DELL\anaconda3\envs\p11_env\Lib\site-packages\yfinance\scrapers\history.py:396: FutureWarning: The default dtype for empty Series will be 'object' instead of 'float64' in a future version. Specify a dtype explicitly to silence this warning.
  self._capital_gains = pd.Series()

2026-06-08 11:31:43,688:WARNING:c:\Users\DELL\anaconda3\envs\p11_env\Lib\site-packages\yfinance\scrapers\history.py:396: FutureWarning: The default dtype for empty Series will be 'object' instead of 'float64' in a future version. Specify a dtype explicitly to silence this warning.
  self._capital_gains = pd.Series()

2026-06-08 11:31:44,740:WARNING:c:\Users\DELL\anaconda3\envs\p11_env\Lib\site-packages\yfinance\scrapers\history.py:396: FutureWarning: The default dtype for empty Series will be 'object' instead of 'float64' in a future version. Specify a dtype explicitly to silence this warning.
  self._capital_gains = pd.Series()

2026-06-08 11:31:45,293:WARNING:c:\Users\DELL\anaconda3\envs\p11_env\Lib\site-packages\yfinance\scrapers\history.py:396: FutureWarning: The default dtype for empty Series will be 'object' instead of 'float64' in a future version. Specify a dtype explicitly to silence this warning.
  self._capital_gains = pd.Series()

2026-06-08 11:31:46,005:WARNING:c:\Users\DELL\anaconda3\envs\p11_env\Lib\site-packages\yfinance\scrapers\history.py:396: FutureWarning: The default dtype for empty Series will be 'object' instead of 'float64' in a future version. Specify a dtype explicitly to silence this warning.
  self._capital_gains = pd.Series()

2026-06-08 11:31:46,853:WARNING:c:\Users\DELL\anaconda3\envs\p11_env\Lib\site-packages\yfinance\scrapers\history.py:396: FutureWarning: The default dtype for empty Series will be 'object' instead of 'float64' in a future version. Specify a dtype explicitly to silence this warning.
  self._capital_gains = pd.Series()

2026-06-08 11:31:47,566:WARNING:c:\Users\DELL\anaconda3\envs\p11_env\Lib\site-packages\yfinance\scrapers\history.py:396: FutureWarning: The default dtype for empty Series will be 'object' instead of 'float64' in a future version. Specify a dtype explicitly to silence this warning.
  self._capital_gains = pd.Series()

2026-06-08 11:31:48,051:WARNING:c:\Users\DELL\anaconda3\envs\p11_env\Lib\site-packages\yfinance\scrapers\history.py:396: FutureWarning: The default dtype for empty Series will be 'object' instead of 'float64' in a future version. Specify a dtype explicitly to silence this warning.
  self._capital_gains = pd.Series()

2026-06-08 11:31:48,807:WARNING:c:\Users\DELL\anaconda3\envs\p11_env\Lib\site-packages\yfinance\scrapers\history.py:396: FutureWarning: The default dtype for empty Series will be 'object' instead of 'float64' in a future version. Specify a dtype explicitly to silence this warning.
  self._capital_gains = pd.Series()

2026-06-08 11:31:49,578:WARNING:c:\Users\DELL\anaconda3\envs\p11_env\Lib\site-packages\yfinance\scrapers\history.py:396: FutureWarning: The default dtype for empty Series will be 'object' instead of 'float64' in a future version. Specify a dtype explicitly to silence this warning.
  self._capital_gains = pd.Series()

2026-06-08 11:31:50,137:WARNING:c:\Users\DELL\anaconda3\envs\p11_env\Lib\site-packages\yfinance\scrapers\history.py:396: FutureWarning: The default dtype for empty Series will be 'object' instead of 'float64' in a future version. Specify a dtype explicitly to silence this warning.
  self._capital_gains = pd.Series()

2026-06-08 11:31:50,707:WARNING:c:\Users\DELL\anaconda3\envs\p11_env\Lib\site-packages\yfinance\scrapers\history.py:396: FutureWarning: The default dtype for empty Series will be 'object' instead of 'float64' in a future version. Specify a dtype explicitly to silence this warning.
  self._capital_gains = pd.Series()

2026-06-08 11:31:51,259:WARNING:c:\Users\DELL\anaconda3\envs\p11_env\Lib\site-packages\yfinance\scrapers\history.py:396: FutureWarning: The default dtype for empty Series will be 'object' instead of 'float64' in a future version. Specify a dtype explicitly to silence this warning.
  self._capital_gains = pd.Series()

2026-06-08 11:32:12,954:WARNING:c:\Users\DELL\anaconda3\envs\p11_env\Lib\site-packages\yfinance\scrapers\history.py:396: FutureWarning: The default dtype for empty Series will be 'object' instead of 'float64' in a future version. Specify a dtype explicitly to silence this warning.
  self._capital_gains = pd.Series()

2026-06-08 11:32:13,336:WARNING:c:\Users\DELL\anaconda3\envs\p11_env\Lib\site-packages\yfinance\scrapers\history.py:396: FutureWarning: The default dtype for empty Series will be 'object' instead of 'float64' in a future version. Specify a dtype explicitly to silence this warning.
  self._capital_gains = pd.Series()

2026-06-08 11:32:13,526:WARNING:c:\Users\DELL\anaconda3\envs\p11_env\Lib\site-packages\yfinance\scrapers\history.py:396: FutureWarning: The default dtype for empty Series will be 'object' instead of 'float64' in a future version. Specify a dtype explicitly to silence this warning.
  self._capital_gains = pd.Series()

2026-06-08 11:32:13,887:WARNING:c:\Users\DELL\anaconda3\envs\p11_env\Lib\site-packages\yfinance\scrapers\history.py:396: FutureWarning: The default dtype for empty Series will be 'object' instead of 'float64' in a future version. Specify a dtype explicitly to silence this warning.
  self._capital_gains = pd.Series()

2026-06-08 11:32:13,887:WARNING:c:\Users\DELL\anaconda3\envs\p11_env\Lib\site-packages\yfinance\scrapers\history.py:396: FutureWarning: The default dtype for empty Series will be 'object' instead of 'float64' in a future version. Specify a dtype explicitly to silence this warning.
  self._capital_gains = pd.Series()

2026-06-08 11:32:14,295:WARNING:c:\Users\DELL\anaconda3\envs\p11_env\Lib\site-packages\yfinance\scrapers\history.py:396: FutureWarning: The default dtype for empty Series will be 'object' instead of 'float64' in a future version. Specify a dtype explicitly to silence this warning.
  self._capital_gains = pd.Series()

2026-06-08 11:32:14,446:WARNING:c:\Users\DELL\anaconda3\envs\p11_env\Lib\site-packages\yfinance\scrapers\history.py:396: FutureWarning: The default dtype for empty Series will be 'object' instead of 'float64' in a future version. Specify a dtype explicitly to silence this warning.
  self._capital_gains = pd.Series()

2026-06-08 11:40:21,799:INFO:PyCaret ClassificationExperiment
2026-06-08 11:40:21,808:INFO:Logging name: clf-default-name
2026-06-08 11:40:21,811:INFO:ML Usecase: MLUsecase.CLASSIFICATION
2026-06-08 11:40:21,811:INFO:version 3.2.0
2026-06-08 11:40:21,813:INFO:Initializing setup()
2026-06-08 11:40:21,813:INFO:self.USI: ce3b
2026-06-08 11:40:21,813:INFO:self._variable_keys: {'X_test', 'log_plots_param', 'X', 'gpu_n_jobs_param', 'exp_id', 'y_train', 'fold_generator', 'idx', 'n_jobs_param', '_ml_usecase', 'y', 'data', 'is_multiclass', 'seed', '_available_plots', 'memory', 'target_param', 'X_train', 'y_test', 'gpu_param', 'html_param', 'fold_groups_param', 'fold_shuffle_param', 'logging_param', 'USI', 'fix_imbalance', 'exp_name_log', 'pipeline'}
2026-06-08 11:40:21,813:INFO:Checking environment
2026-06-08 11:40:21,813:INFO:python_version: 3.11.15
2026-06-08 11:40:21,816:INFO:python_build: ('main', 'Mar 11 2026 17:12:15')
2026-06-08 11:40:21,818:INFO:machine: AMD64
2026-06-08 11:40:21,822:INFO:platform: Windows-10-10.0.26200-SP0
2026-06-08 11:40:21,828:INFO:Memory: svmem(total=16889192448, available=1747308544, percent=89.7, used=15141883904, free=1747308544)
2026-06-08 11:40:21,829:INFO:Physical Core: 4
2026-06-08 11:40:21,829:INFO:Logical Core: 8
2026-06-08 11:40:21,829:INFO:Checking libraries
2026-06-08 11:40:21,829:INFO:System:
2026-06-08 11:40:21,829:INFO:    python: 3.11.15 | packaged by Anaconda, Inc. | (main, Mar 11 2026, 17:12:15) [MSC v.1942 64 bit (AMD64)]
2026-06-08 11:40:21,832:INFO:executable: c:\Users\DELL\anaconda3\envs\p11_env\python.exe
2026-06-08 11:40:21,832:INFO:   machine: Windows-10-10.0.26200-SP0
2026-06-08 11:40:21,832:INFO:PyCaret required dependencies:
2026-06-08 11:40:21,864:WARNING:c:\Users\DELL\anaconda3\envs\p11_env\Lib\site-packages\_distutils_hack\__init__.py:30: UserWarning: Setuptools is replacing distutils. Support for replacing an already imported distutils is deprecated. In the future, this condition will fail. Register concerns at https://github.com/pypa/setuptools/issues/new?template=distutils-deprecation.yml
  warnings.warn(

2026-06-08 11:40:23,582:INFO:                 pip: 26.1.1
2026-06-08 11:40:23,582:INFO:          setuptools: 82.0.1
2026-06-08 11:40:23,582:INFO:             pycaret: 3.2.0
2026-06-08 11:40:23,582:INFO:             IPython: 9.14.1
2026-06-08 11:40:23,583:INFO:          ipywidgets: 8.1.8
2026-06-08 11:40:23,583:INFO:                tqdm: 4.68.1
2026-06-08 11:40:23,583:INFO:               numpy: 1.25.2
2026-06-08 11:40:23,584:INFO:              pandas: 1.5.3
2026-06-08 11:40:23,584:INFO:              jinja2: 3.1.6
2026-06-08 11:40:23,584:INFO:               scipy: 1.10.1
2026-06-08 11:40:23,585:INFO:              joblib: 1.2.0
2026-06-08 11:40:23,585:INFO:             sklearn: 1.2.2
2026-06-08 11:40:23,586:INFO:                pyod: 3.6.0
2026-06-08 11:40:23,586:INFO:            imblearn: 0.12.4
2026-06-08 11:40:23,586:INFO:   category_encoders: 2.7.0
2026-06-08 11:40:23,586:INFO:            lightgbm: 4.6.0
2026-06-08 11:40:23,587:INFO:               numba: 0.65.1
2026-06-08 11:40:23,588:INFO:            requests: 2.34.2
2026-06-08 11:40:23,588:INFO:          matplotlib: 3.7.5
2026-06-08 11:40:23,588:INFO:          scikitplot: 0.3.7
2026-06-08 11:40:23,588:INFO:         yellowbrick: 1.5
2026-06-08 11:40:23,588:INFO:              plotly: 6.8.0
2026-06-08 11:40:23,589:INFO:    plotly-resampler: Not installed
2026-06-08 11:40:23,589:INFO:             kaleido: 1.3.0
2026-06-08 11:40:23,589:INFO:           schemdraw: 0.15
2026-06-08 11:40:23,589:INFO:         statsmodels: 0.14.6
2026-06-08 11:40:23,589:INFO:              sktime: 0.21.1
2026-06-08 11:40:23,589:INFO:               tbats: 1.1.3
2026-06-08 11:40:23,589:INFO:            pmdarima: 2.0.4
2026-06-08 11:40:23,589:INFO:              psutil: 7.2.2
2026-06-08 11:40:23,590:INFO:          markupsafe: 3.0.3
2026-06-08 11:40:23,590:INFO:             pickle5: Not installed
2026-06-08 11:40:23,591:INFO:         cloudpickle: 3.1.2
2026-06-08 11:40:23,591:INFO:         deprecation: 2.1.0
2026-06-08 11:40:23,591:INFO:              xxhash: 3.7.0
2026-06-08 11:40:23,591:INFO:           wurlitzer: Not installed
2026-06-08 11:40:23,592:INFO:PyCaret optional dependencies:
2026-06-08 11:40:24,024:INFO:                shap: 0.51.0
2026-06-08 11:40:24,024:INFO:           interpret: Not installed
2026-06-08 11:40:24,024:INFO:                umap: 0.5.12
2026-06-08 11:40:24,024:INFO:     ydata_profiling: Not installed
2026-06-08 11:40:24,024:INFO:  explainerdashboard: Not installed
2026-06-08 11:40:24,024:INFO:             autoviz: Not installed
2026-06-08 11:40:24,024:INFO:           fairlearn: Not installed
2026-06-08 11:40:24,024:INFO:          deepchecks: Not installed
2026-06-08 11:40:24,024:INFO:             xgboost: 3.2.0
2026-06-08 11:40:24,024:INFO:            catboost: 1.2.10
2026-06-08 11:40:24,024:INFO:              kmodes: 0.12.2
2026-06-08 11:40:24,024:INFO:             mlxtend: 0.24.0
2026-06-08 11:40:24,024:INFO:       statsforecast: Not installed
2026-06-08 11:40:24,024:INFO:        tune_sklearn: Not installed
2026-06-08 11:40:24,024:INFO:                 ray: Not installed
2026-06-08 11:40:24,024:INFO:            hyperopt: Not installed
2026-06-08 11:40:24,026:INFO:              optuna: 4.9.0
2026-06-08 11:40:24,026:INFO:               skopt: Not installed
2026-06-08 11:40:24,026:INFO:              mlflow: 3.13.0
2026-06-08 11:40:24,026:INFO:              gradio: Not installed
2026-06-08 11:40:24,026:INFO:             fastapi: 0.136.3
2026-06-08 11:40:24,026:INFO:             uvicorn: 0.49.0
2026-06-08 11:40:24,026:INFO:              m2cgen: Not installed
2026-06-08 11:40:24,026:INFO:           evidently: Not installed
2026-06-08 11:40:24,027:INFO:               fugue: Not installed
2026-06-08 11:40:24,029:INFO:           streamlit: 1.58.0
2026-06-08 11:40:24,029:INFO:             prophet: Not installed
2026-06-08 11:40:24,030:INFO:None
2026-06-08 11:40:24,030:INFO:Set up data.
2026-06-08 11:40:25,123:INFO:Set up folding strategy.
2026-06-08 11:40:25,124:INFO:Set up train/test split.
2026-06-08 11:40:26,154:INFO:Set up index.
2026-06-08 11:40:26,220:INFO:Assigning column types.
2026-06-08 11:40:26,849:INFO:Engine successfully changes for model 'lr' to 'sklearn'.
2026-06-08 11:40:27,012:INFO:Engine for model 'knn' has not been set explicitly, hence returning None.
2026-06-08 11:40:27,020:INFO:Engine for model 'rbfsvm' has not been set explicitly, hence returning None.
2026-06-08 11:40:27,144:INFO:Soft dependency imported: xgboost: 3.2.0
2026-06-08 11:40:27,155:INFO:Soft dependency imported: catboost: 1.2.10
2026-06-08 11:40:27,655:INFO:Engine for model 'knn' has not been set explicitly, hence returning None.
2026-06-08 11:40:27,660:INFO:Engine for model 'rbfsvm' has not been set explicitly, hence returning None.
2026-06-08 11:40:27,781:INFO:Soft dependency imported: xgboost: 3.2.0
2026-06-08 11:40:27,791:INFO:Soft dependency imported: catboost: 1.2.10
2026-06-08 11:40:27,791:INFO:Engine successfully changes for model 'knn' to 'sklearn'.
2026-06-08 11:40:27,994:INFO:Engine for model 'rbfsvm' has not been set explicitly, hence returning None.
2026-06-08 11:40:28,107:INFO:Soft dependency imported: xgboost: 3.2.0
2026-06-08 11:40:28,115:INFO:Soft dependency imported: catboost: 1.2.10
2026-06-08 11:40:28,303:INFO:Engine for model 'rbfsvm' has not been set explicitly, hence returning None.
2026-06-08 11:40:28,423:INFO:Soft dependency imported: xgboost: 3.2.0
2026-06-08 11:40:28,431:INFO:Soft dependency imported: catboost: 1.2.10
2026-06-08 11:40:28,433:INFO:Engine successfully changes for model 'rbfsvm' to 'sklearn'.
2026-06-08 11:40:28,773:INFO:Soft dependency imported: xgboost: 3.2.0
2026-06-08 11:40:28,782:INFO:Soft dependency imported: catboost: 1.2.10
2026-06-08 11:40:29,091:INFO:Soft dependency imported: xgboost: 3.2.0
2026-06-08 11:40:29,102:INFO:Soft dependency imported: catboost: 1.2.10
2026-06-08 11:40:29,116:INFO:Preparing preprocessing pipeline...
2026-06-08 11:40:29,188:INFO:Set up simple imputation.
2026-06-08 11:40:29,188:INFO:Set up imbalanced handling.
2026-06-08 11:40:30,972:INFO:Finished creating preprocessing pipeline.
2026-06-08 11:40:30,996:INFO:Pipeline: Pipeline(memory=FastMemory(location=C:\Users\DELL\AppData\Local\Temp\joblib),
         steps=[('numerical_imputer',
                 TransformerWrapper(exclude=None,
                                    include=['Open', 'High', 'Low', 'Close',
                                             'Volume', 'return_1d', 'return_3d',
                                             'return_5d', 'return_10d',
                                             'return_20d', 'log_return_1d',
                                             'log_return_5d', 'overnight_gap',
                                             'body_size', 'upper_shadow',
                                             'lower_shadow', 'hl_range',
                                             'clo...
                                    transformer=SimpleImputer(add_indicator=False,
                                                              copy=True,
                                                              fill_value=None,
                                                              keep_empty_features=False,
                                                              missing_values=nan,
                                                              strategy='most_frequent',
                                                              verbose='deprecated'))),
                ('balance',
                 TransformerWrapper(exclude=None, include=None,
                                    transformer=FixImbalancer(estimator=SMOTE(k_neighbors=5,
                                                                              n_jobs=None,
                                                                              random_state=40,
                                                                              sampling_strategy='auto'))))],
         verbose=False)
2026-06-08 11:40:30,996:INFO:Creating final display dataframe.
2026-06-08 11:40:56,668:INFO:Setup _display_container:                     Description             Value
0                    Session id                40
1                        Target            target
2                   Target type            Binary
3           Original data shape      (236753, 84)
4        Transformed data shape      (336596, 84)
5   Transformed train set shape      (265570, 84)
6    Transformed test set shape       (71026, 84)
7              Numeric features                83
8                    Preprocess              True
9               Imputation type            simple
10           Numeric imputation              mean
11       Categorical imputation              mode
12                Fix imbalance              True
13         Fix imbalance method             SMOTE
14               Fold Generator   StratifiedKFold
15                  Fold Number                10
16                     CPU Jobs                -1
17                      Use GPU             False
18               Log Experiment             False
19              Experiment Name  clf-default-name
20                          USI              ce3b
2026-06-08 11:40:57,090:INFO:Soft dependency imported: xgboost: 3.2.0
2026-06-08 11:40:57,102:INFO:Soft dependency imported: catboost: 1.2.10
2026-06-08 11:40:57,417:INFO:Soft dependency imported: xgboost: 3.2.0
2026-06-08 11:40:57,425:INFO:Soft dependency imported: catboost: 1.2.10
2026-06-08 11:40:57,430:INFO:setup() successfully completed in 35.7s...............
2026-06-08 11:40:57,430:INFO:Initializing compare_models()
2026-06-08 11:40:57,430:INFO:compare_models(self=<pycaret.classification.oop.ClassificationExperiment object at 0x000001C8109B08D0>, include=None, exclude=None, fold=None, round=4, cross_validation=True, sort=Accuracy, n_select=1, budget_time=None, turbo=True, errors=ignore, fit_kwargs=None, groups=None, experiment_custom_tags=None, probability_threshold=None, verbose=True, parallel=None, caller_params={'self': <pycaret.classification.oop.ClassificationExperiment object at 0x000001C8109B08D0>, 'include': None, 'exclude': None, 'fold': None, 'round': 4, 'cross_validation': True, 'sort': 'Accuracy', 'n_select': 1, 'budget_time': None, 'turbo': True, 'errors': 'ignore', 'fit_kwargs': None, 'groups': None, 'experiment_custom_tags': None, 'probability_threshold': None, 'engine': None, 'verbose': True, 'parallel': None, '__class__': <class 'pycaret.classification.oop.ClassificationExperiment'>})
2026-06-08 11:40:57,430:INFO:Checking exceptions
2026-06-08 11:40:57,750:INFO:Preparing display monitor
2026-06-08 11:40:57,825:INFO:Initializing Logistic Regression
2026-06-08 11:40:57,826:INFO:Total runtime is 1.2628237406412761e-05 minutes
2026-06-08 11:40:57,836:INFO:SubProcess create_model() called ==================================
2026-06-08 11:40:57,837:INFO:Initializing create_model()
2026-06-08 11:40:57,838:INFO:create_model(self=<pycaret.classification.oop.ClassificationExperiment object at 0x000001C8109B08D0>, estimator=lr, fold=StratifiedKFold(n_splits=10, random_state=None, shuffle=False), round=4, cross_validation=True, predict=True, fit_kwargs={}, groups=None, refit=False, probability_threshold=None, experiment_custom_tags=None, verbose=False, system=False, add_to_model_list=True, metrics=None, display=<pycaret.internal.display.display.CommonDisplay object at 0x000001C8112F71D0>, model_only=True, return_train_score=False, error_score=0.0, kwargs={})
2026-06-08 11:40:57,838:INFO:Checking exceptions
2026-06-08 11:40:57,838:INFO:Importing libraries
2026-06-08 11:40:57,840:INFO:Copying training dataset
2026-06-08 11:40:58,386:INFO:Defining folds
2026-06-08 11:40:58,386:INFO:Declaring metric variables
2026-06-08 11:40:58,398:INFO:Importing untrained model
2026-06-08 11:40:58,410:INFO:Logistic Regression Imported successfully
2026-06-08 11:40:58,427:INFO:Starting cross validation
2026-06-08 11:40:58,433:INFO:Cross validating with StratifiedKFold(n_splits=10, random_state=None, shuffle=False), n_jobs=-1
2026-06-08 11:41:16,558:WARNING:c:\Users\DELL\anaconda3\envs\p11_env\Lib\site-packages\_distutils_hack\__init__.py:30: UserWarning: Setuptools is replacing distutils. Support for replacing an already imported distutils is deprecated. In the future, this condition will fail. Register concerns at https://github.com/pypa/setuptools/issues/new?template=distutils-deprecation.yml
  warnings.warn(

2026-06-08 11:41:19,055:WARNING:c:\Users\DELL\anaconda3\envs\p11_env\Lib\site-packages\_distutils_hack\__init__.py:30: UserWarning: Setuptools is replacing distutils. Support for replacing an already imported distutils is deprecated. In the future, this condition will fail. Register concerns at https://github.com/pypa/setuptools/issues/new?template=distutils-deprecation.yml
  warnings.warn(

2026-06-08 11:41:19,430:WARNING:c:\Users\DELL\anaconda3\envs\p11_env\Lib\site-packages\_distutils_hack\__init__.py:30: UserWarning: Setuptools is replacing distutils. Support for replacing an already imported distutils is deprecated. In the future, this condition will fail. Register concerns at https://github.com/pypa/setuptools/issues/new?template=distutils-deprecation.yml
  warnings.warn(

2026-06-08 11:41:19,851:WARNING:c:\Users\DELL\anaconda3\envs\p11_env\Lib\site-packages\_distutils_hack\__init__.py:30: UserWarning: Setuptools is replacing distutils. Support for replacing an already imported distutils is deprecated. In the future, this condition will fail. Register concerns at https://github.com/pypa/setuptools/issues/new?template=distutils-deprecation.yml
  warnings.warn(

2026-06-08 11:41:19,922:WARNING:c:\Users\DELL\anaconda3\envs\p11_env\Lib\site-packages\_distutils_hack\__init__.py:30: UserWarning: Setuptools is replacing distutils. Support for replacing an already imported distutils is deprecated. In the future, this condition will fail. Register concerns at https://github.com/pypa/setuptools/issues/new?template=distutils-deprecation.yml
  warnings.warn(

2026-06-08 11:41:19,933:WARNING:c:\Users\DELL\anaconda3\envs\p11_env\Lib\site-packages\_distutils_hack\__init__.py:30: UserWarning: Setuptools is replacing distutils. Support for replacing an already imported distutils is deprecated. In the future, this condition will fail. Register concerns at https://github.com/pypa/setuptools/issues/new?template=distutils-deprecation.yml
  warnings.warn(

2026-06-08 11:41:20,809:WARNING:c:\Users\DELL\anaconda3\envs\p11_env\Lib\site-packages\_distutils_hack\__init__.py:30: UserWarning: Setuptools is replacing distutils. Support for replacing an already imported distutils is deprecated. In the future, this condition will fail. Register concerns at https://github.com/pypa/setuptools/issues/new?template=distutils-deprecation.yml
  warnings.warn(

2026-06-08 11:41:20,971:WARNING:c:\Users\DELL\anaconda3\envs\p11_env\Lib\site-packages\_distutils_hack\__init__.py:30: UserWarning: Setuptools is replacing distutils. Support for replacing an already imported distutils is deprecated. In the future, this condition will fail. Register concerns at https://github.com/pypa/setuptools/issues/new?template=distutils-deprecation.yml
  warnings.warn(

2026-06-08 11:44:11,141:INFO:Calculating mean and std
2026-06-08 11:44:11,174:INFO:Creating metrics dataframe
2026-06-08 11:44:11,239:INFO:Uploading results into container
2026-06-08 11:44:11,246:INFO:Uploading model into container now
2026-06-08 11:44:11,249:INFO:_master_model_container: 1
2026-06-08 11:44:11,250:INFO:_display_container: 2
2026-06-08 11:44:11,251:INFO:LogisticRegression(C=1.0, class_weight=None, dual=False, fit_intercept=True,
                   intercept_scaling=1, l1_ratio=None, max_iter=1000,
                   multi_class='auto', n_jobs=None, penalty='l2',
                   random_state=40, solver='lbfgs', tol=0.0001, verbose=0,
                   warm_start=False)
2026-06-08 11:44:11,251:INFO:create_model() successfully completed......................................
2026-06-08 11:44:18,383:INFO:SubProcess create_model() end ==================================
2026-06-08 11:44:18,385:INFO:Creating metrics dataframe
2026-06-08 11:44:18,455:INFO:Initializing K Neighbors Classifier
2026-06-08 11:44:18,455:INFO:Total runtime is 3.343834471702576 minutes
2026-06-08 11:44:18,538:INFO:SubProcess create_model() called ==================================
2026-06-08 11:44:18,542:INFO:Initializing create_model()
2026-06-08 11:44:18,543:INFO:create_model(self=<pycaret.classification.oop.ClassificationExperiment object at 0x000001C8109B08D0>, estimator=knn, fold=StratifiedKFold(n_splits=10, random_state=None, shuffle=False), round=4, cross_validation=True, predict=True, fit_kwargs={}, groups=None, refit=False, probability_threshold=None, experiment_custom_tags=None, verbose=False, system=False, add_to_model_list=True, metrics=None, display=<pycaret.internal.display.display.CommonDisplay object at 0x000001C8112F71D0>, model_only=True, return_train_score=False, error_score=0.0, kwargs={})
2026-06-08 11:44:18,548:INFO:Checking exceptions
2026-06-08 11:44:18,548:INFO:Importing libraries
2026-06-08 11:44:18,548:INFO:Copying training dataset
2026-06-08 11:44:19,909:INFO:Defining folds
2026-06-08 11:44:19,911:INFO:Declaring metric variables
2026-06-08 11:44:19,938:INFO:Importing untrained model
2026-06-08 11:44:20,015:INFO:K Neighbors Classifier Imported successfully
2026-06-08 11:44:20,101:INFO:Starting cross validation
2026-06-08 11:44:20,132:INFO:Cross validating with StratifiedKFold(n_splits=10, random_state=None, shuffle=False), n_jobs=-1
2026-06-08 11:56:21,822:INFO:Calculating mean and std
2026-06-08 11:56:21,824:INFO:Creating metrics dataframe
2026-06-08 11:56:21,829:INFO:Uploading results into container
2026-06-08 11:56:21,829:INFO:Uploading model into container now
2026-06-08 11:56:21,829:INFO:_master_model_container: 2
2026-06-08 11:56:21,829:INFO:_display_container: 2
2026-06-08 11:56:21,829:INFO:KNeighborsClassifier(algorithm='auto', leaf_size=30, metric='minkowski',
                     metric_params=None, n_jobs=-1, n_neighbors=5, p=2,
                     weights='uniform')
2026-06-08 11:56:21,837:INFO:create_model() successfully completed......................................
2026-06-08 11:56:22,958:INFO:SubProcess create_model() end ==================================
2026-06-08 11:56:22,960:INFO:Creating metrics dataframe
2026-06-08 11:56:22,982:INFO:Initializing Naive Bayes
2026-06-08 11:56:22,982:INFO:Total runtime is 15.419292906920116 minutes
2026-06-08 11:56:22,988:INFO:SubProcess create_model() called ==================================
2026-06-08 11:56:22,988:INFO:Initializing create_model()
2026-06-08 11:56:22,988:INFO:create_model(self=<pycaret.classification.oop.ClassificationExperiment object at 0x000001C8109B08D0>, estimator=nb, fold=StratifiedKFold(n_splits=10, random_state=None, shuffle=False), round=4, cross_validation=True, predict=True, fit_kwargs={}, groups=None, refit=False, probability_threshold=None, experiment_custom_tags=None, verbose=False, system=False, add_to_model_list=True, metrics=None, display=<pycaret.internal.display.display.CommonDisplay object at 0x000001C8112F71D0>, model_only=True, return_train_score=False, error_score=0.0, kwargs={})
2026-06-08 11:56:22,988:INFO:Checking exceptions
2026-06-08 11:56:22,988:INFO:Importing libraries
2026-06-08 11:56:22,988:INFO:Copying training dataset
2026-06-08 11:56:23,315:INFO:Defining folds
2026-06-08 11:56:23,317:INFO:Declaring metric variables
2026-06-08 11:56:23,321:INFO:Importing untrained model
2026-06-08 11:56:23,331:INFO:Naive Bayes Imported successfully
2026-06-08 11:56:23,340:INFO:Starting cross validation
2026-06-08 11:56:23,348:INFO:Cross validating with StratifiedKFold(n_splits=10, random_state=None, shuffle=False), n_jobs=-1
2026-06-08 11:57:33,891:INFO:Calculating mean and std
2026-06-08 11:57:33,894:INFO:Creating metrics dataframe
2026-06-08 11:57:33,906:INFO:Uploading results into container
2026-06-08 11:57:33,907:INFO:Uploading model into container now
2026-06-08 11:57:33,908:INFO:_master_model_container: 3
2026-06-08 11:57:33,910:INFO:_display_container: 2
2026-06-08 11:57:33,910:INFO:GaussianNB(priors=None, var_smoothing=1e-09)
2026-06-08 11:57:33,910:INFO:create_model() successfully completed......................................
2026-06-08 11:57:35,522:INFO:SubProcess create_model() end ==================================
2026-06-08 11:57:35,522:INFO:Creating metrics dataframe
2026-06-08 11:57:35,553:INFO:Initializing Decision Tree Classifier
2026-06-08 11:57:35,553:INFO:Total runtime is 16.628804330031077 minutes
2026-06-08 11:57:35,563:INFO:SubProcess create_model() called ==================================
2026-06-08 11:57:35,563:INFO:Initializing create_model()
2026-06-08 11:57:35,563:INFO:create_model(self=<pycaret.classification.oop.ClassificationExperiment object at 0x000001C8109B08D0>, estimator=dt, fold=StratifiedKFold(n_splits=10, random_state=None, shuffle=False), round=4, cross_validation=True, predict=True, fit_kwargs={}, groups=None, refit=False, probability_threshold=None, experiment_custom_tags=None, verbose=False, system=False, add_to_model_list=True, metrics=None, display=<pycaret.internal.display.display.CommonDisplay object at 0x000001C8112F71D0>, model_only=True, return_train_score=False, error_score=0.0, kwargs={})
2026-06-08 11:57:35,563:INFO:Checking exceptions
2026-06-08 11:57:35,563:INFO:Importing libraries
2026-06-08 11:57:35,563:INFO:Copying training dataset
2026-06-08 11:57:36,090:INFO:Defining folds
2026-06-08 11:57:36,090:INFO:Declaring metric variables
2026-06-08 11:57:36,100:INFO:Importing untrained model
2026-06-08 11:57:36,108:INFO:Decision Tree Classifier Imported successfully
2026-06-08 11:57:36,126:INFO:Starting cross validation
2026-06-08 11:57:36,133:INFO:Cross validating with StratifiedKFold(n_splits=10, random_state=None, shuffle=False), n_jobs=-1
2026-06-08 12:07:41,929:INFO:Calculating mean and std
2026-06-08 12:07:41,933:INFO:Creating metrics dataframe
2026-06-08 12:07:41,945:INFO:Uploading results into container
2026-06-08 12:07:41,946:INFO:Uploading model into container now
2026-06-08 12:07:41,950:INFO:_master_model_container: 4
2026-06-08 12:07:41,950:INFO:_display_container: 2
2026-06-08 12:07:41,951:INFO:DecisionTreeClassifier(ccp_alpha=0.0, class_weight=None, criterion='gini',
                       max_depth=None, max_features=None, max_leaf_nodes=None,
                       min_impurity_decrease=0.0, min_samples_leaf=1,
                       min_samples_split=2, min_weight_fraction_leaf=0.0,
                       random_state=40, splitter='best')
2026-06-08 12:07:41,951:INFO:create_model() successfully completed......................................
2026-06-08 12:07:43,305:INFO:SubProcess create_model() end ==================================
2026-06-08 12:07:43,305:INFO:Creating metrics dataframe
2026-06-08 12:07:43,338:INFO:Initializing SVM - Linear Kernel
2026-06-08 12:07:43,339:INFO:Total runtime is 26.7585706671079 minutes
2026-06-08 12:07:43,348:INFO:SubProcess create_model() called ==================================
2026-06-08 12:07:43,348:INFO:Initializing create_model()
2026-06-08 12:07:43,348:INFO:create_model(self=<pycaret.classification.oop.ClassificationExperiment object at 0x000001C8109B08D0>, estimator=svm, fold=StratifiedKFold(n_splits=10, random_state=None, shuffle=False), round=4, cross_validation=True, predict=True, fit_kwargs={}, groups=None, refit=False, probability_threshold=None, experiment_custom_tags=None, verbose=False, system=False, add_to_model_list=True, metrics=None, display=<pycaret.internal.display.display.CommonDisplay object at 0x000001C8112F71D0>, model_only=True, return_train_score=False, error_score=0.0, kwargs={})
2026-06-08 12:07:43,349:INFO:Checking exceptions
2026-06-08 12:07:43,349:INFO:Importing libraries
2026-06-08 12:07:43,349:INFO:Copying training dataset
2026-06-08 12:07:43,804:INFO:Defining folds
2026-06-08 12:07:43,805:INFO:Declaring metric variables
2026-06-08 12:07:43,812:INFO:Importing untrained model
2026-06-08 12:07:43,823:INFO:SVM - Linear Kernel Imported successfully
2026-06-08 12:07:43,839:INFO:Starting cross validation
2026-06-08 12:07:43,849:INFO:Cross validating with StratifiedKFold(n_splits=10, random_state=None, shuffle=False), n_jobs=-1
2026-06-08 12:10:19,243:WARNING:c:\Users\DELL\anaconda3\envs\p11_env\Lib\site-packages\pycaret\internal\metrics.py:190: FitFailedWarning: Metric 'make_scorer(roc_auc_score, needs_proba=True, error_score=0.0, average=weighted, multi_class=ovr)' failed and error score 0.0 has been returned instead. If this is a custom metric, this usually means that the error is in the metric code. Full exception below:
Traceback (most recent call last):
  File "c:\Users\DELL\anaconda3\envs\p11_env\Lib\site-packages\sklearn\metrics\_scorer.py", line 76, in _cached_call
    return cache[method]
           ~~~~~^^^^^^^^
KeyError: 'predict_proba'

During handling of the above exception, another exception occurred:

Traceback (most recent call last):
  File "c:\Users\DELL\anaconda3\envs\p11_env\Lib\site-packages\pycaret\internal\metrics.py", line 182, in _score
    return super()._score(
           ^^^^^^^^^^^^^^^
  File "c:\Users\DELL\anaconda3\envs\p11_env\Lib\site-packages\sklearn\metrics\_scorer.py", line 316, in _score
    y_pred = method_caller(clf, "predict_proba", X)
             ^^^^^^^^^^^^^^^^^^^^^^^^^^^^^^^^^^^^^^
  File "c:\Users\DELL\anaconda3\envs\p11_env\Lib\site-packages\sklearn\metrics\_scorer.py", line 78, in _cached_call
    result = getattr(estimator, method)(*args, **kwargs)
             ^^^^^^^^^^^^^^^^^^^^^^^^^^
  File "c:\Users\DELL\anaconda3\envs\p11_env\Lib\site-packages\pycaret\internal\pipeline.py", line 127, in __getattr__
    return getattr(self._final_estimator, name)
           ^^^^^^^^^^^^^^^^^^^^^^^^^^^^^^^^^^^^
  File "c:\Users\DELL\anaconda3\envs\p11_env\Lib\site-packages\sklearn\utils\_available_if.py", line 32, in __get__
    if not self.check(obj):
           ^^^^^^^^^^^^^^^
  File "c:\Users\DELL\anaconda3\envs\p11_env\Lib\site-packages\sklearn\linear_model\_stochastic_gradient.py", line 1235, in _check_proba
    raise AttributeError(
AttributeError: probability estimates are not available for loss='hinge'

  warnings.warn(

2026-06-08 12:10:30,466:WARNING:c:\Users\DELL\anaconda3\envs\p11_env\Lib\site-packages\pycaret\internal\metrics.py:190: FitFailedWarning: Metric 'make_scorer(roc_auc_score, needs_proba=True, error_score=0.0, average=weighted, multi_class=ovr)' failed and error score 0.0 has been returned instead. If this is a custom metric, this usually means that the error is in the metric code. Full exception below:
Traceback (most recent call last):
  File "c:\Users\DELL\anaconda3\envs\p11_env\Lib\site-packages\sklearn\metrics\_scorer.py", line 76, in _cached_call
    return cache[method]
           ~~~~~^^^^^^^^
KeyError: 'predict_proba'

During handling of the above exception, another exception occurred:

Traceback (most recent call last):
  File "c:\Users\DELL\anaconda3\envs\p11_env\Lib\site-packages\pycaret\internal\metrics.py", line 182, in _score
    return super()._score(
           ^^^^^^^^^^^^^^^
  File "c:\Users\DELL\anaconda3\envs\p11_env\Lib\site-packages\sklearn\metrics\_scorer.py", line 316, in _score
    y_pred = method_caller(clf, "predict_proba", X)
             ^^^^^^^^^^^^^^^^^^^^^^^^^^^^^^^^^^^^^^
  File "c:\Users\DELL\anaconda3\envs\p11_env\Lib\site-packages\sklearn\metrics\_scorer.py", line 78, in _cached_call
    result = getattr(estimator, method)(*args, **kwargs)
             ^^^^^^^^^^^^^^^^^^^^^^^^^^
  File "c:\Users\DELL\anaconda3\envs\p11_env\Lib\site-packages\pycaret\internal\pipeline.py", line 127, in __getattr__
    return getattr(self._final_estimator, name)
           ^^^^^^^^^^^^^^^^^^^^^^^^^^^^^^^^^^^^
  File "c:\Users\DELL\anaconda3\envs\p11_env\Lib\site-packages\sklearn\utils\_available_if.py", line 32, in __get__
    if not self.check(obj):
           ^^^^^^^^^^^^^^^
  File "c:\Users\DELL\anaconda3\envs\p11_env\Lib\site-packages\sklearn\linear_model\_stochastic_gradient.py", line 1235, in _check_proba
    raise AttributeError(
AttributeError: probability estimates are not available for loss='hinge'

  warnings.warn(

2026-06-08 12:10:42,161:WARNING:c:\Users\DELL\anaconda3\envs\p11_env\Lib\site-packages\pycaret\internal\metrics.py:190: FitFailedWarning: Metric 'make_scorer(roc_auc_score, needs_proba=True, error_score=0.0, average=weighted, multi_class=ovr)' failed and error score 0.0 has been returned instead. If this is a custom metric, this usually means that the error is in the metric code. Full exception below:
Traceback (most recent call last):
  File "c:\Users\DELL\anaconda3\envs\p11_env\Lib\site-packages\sklearn\metrics\_scorer.py", line 76, in _cached_call
    return cache[method]
           ~~~~~^^^^^^^^
KeyError: 'predict_proba'

During handling of the above exception, another exception occurred:

Traceback (most recent call last):
  File "c:\Users\DELL\anaconda3\envs\p11_env\Lib\site-packages\pycaret\internal\metrics.py", line 182, in _score
    return super()._score(
           ^^^^^^^^^^^^^^^
  File "c:\Users\DELL\anaconda3\envs\p11_env\Lib\site-packages\sklearn\metrics\_scorer.py", line 316, in _score
    y_pred = method_caller(clf, "predict_proba", X)
             ^^^^^^^^^^^^^^^^^^^^^^^^^^^^^^^^^^^^^^
  File "c:\Users\DELL\anaconda3\envs\p11_env\Lib\site-packages\sklearn\metrics\_scorer.py", line 78, in _cached_call
    result = getattr(estimator, method)(*args, **kwargs)
             ^^^^^^^^^^^^^^^^^^^^^^^^^^
  File "c:\Users\DELL\anaconda3\envs\p11_env\Lib\site-packages\pycaret\internal\pipeline.py", line 127, in __getattr__
    return getattr(self._final_estimator, name)
           ^^^^^^^^^^^^^^^^^^^^^^^^^^^^^^^^^^^^
  File "c:\Users\DELL\anaconda3\envs\p11_env\Lib\site-packages\sklearn\utils\_available_if.py", line 32, in __get__
    if not self.check(obj):
           ^^^^^^^^^^^^^^^
  File "c:\Users\DELL\anaconda3\envs\p11_env\Lib\site-packages\sklearn\linear_model\_stochastic_gradient.py", line 1235, in _check_proba
    raise AttributeError(
AttributeError: probability estimates are not available for loss='hinge'

  warnings.warn(

2026-06-08 12:10:42,315:WARNING:c:\Users\DELL\anaconda3\envs\p11_env\Lib\site-packages\pycaret\internal\metrics.py:190: FitFailedWarning: Metric 'make_scorer(roc_auc_score, needs_proba=True, error_score=0.0, average=weighted, multi_class=ovr)' failed and error score 0.0 has been returned instead. If this is a custom metric, this usually means that the error is in the metric code. Full exception below:
Traceback (most recent call last):
  File "c:\Users\DELL\anaconda3\envs\p11_env\Lib\site-packages\sklearn\metrics\_scorer.py", line 76, in _cached_call
    return cache[method]
           ~~~~~^^^^^^^^
KeyError: 'predict_proba'

During handling of the above exception, another exception occurred:

Traceback (most recent call last):
  File "c:\Users\DELL\anaconda3\envs\p11_env\Lib\site-packages\pycaret\internal\metrics.py", line 182, in _score
    return super()._score(
           ^^^^^^^^^^^^^^^
  File "c:\Users\DELL\anaconda3\envs\p11_env\Lib\site-packages\sklearn\metrics\_scorer.py", line 316, in _score
    y_pred = method_caller(clf, "predict_proba", X)
             ^^^^^^^^^^^^^^^^^^^^^^^^^^^^^^^^^^^^^^
  File "c:\Users\DELL\anaconda3\envs\p11_env\Lib\site-packages\sklearn\metrics\_scorer.py", line 78, in _cached_call
    result = getattr(estimator, method)(*args, **kwargs)
             ^^^^^^^^^^^^^^^^^^^^^^^^^^
  File "c:\Users\DELL\anaconda3\envs\p11_env\Lib\site-packages\pycaret\internal\pipeline.py", line 127, in __getattr__
    return getattr(self._final_estimator, name)
           ^^^^^^^^^^^^^^^^^^^^^^^^^^^^^^^^^^^^
  File "c:\Users\DELL\anaconda3\envs\p11_env\Lib\site-packages\sklearn\utils\_available_if.py", line 32, in __get__
    if not self.check(obj):
           ^^^^^^^^^^^^^^^
  File "c:\Users\DELL\anaconda3\envs\p11_env\Lib\site-packages\sklearn\linear_model\_stochastic_gradient.py", line 1235, in _check_proba
    raise AttributeError(
AttributeError: probability estimates are not available for loss='hinge'

  warnings.warn(

2026-06-08 12:10:46,899:WARNING:c:\Users\DELL\anaconda3\envs\p11_env\Lib\site-packages\pycaret\internal\metrics.py:190: FitFailedWarning: Metric 'make_scorer(roc_auc_score, needs_proba=True, error_score=0.0, average=weighted, multi_class=ovr)' failed and error score 0.0 has been returned instead. If this is a custom metric, this usually means that the error is in the metric code. Full exception below:
Traceback (most recent call last):
  File "c:\Users\DELL\anaconda3\envs\p11_env\Lib\site-packages\sklearn\metrics\_scorer.py", line 76, in _cached_call
    return cache[method]
           ~~~~~^^^^^^^^
KeyError: 'predict_proba'

During handling of the above exception, another exception occurred:

Traceback (most recent call last):
  File "c:\Users\DELL\anaconda3\envs\p11_env\Lib\site-packages\pycaret\internal\metrics.py", line 182, in _score
    return super()._score(
           ^^^^^^^^^^^^^^^
  File "c:\Users\DELL\anaconda3\envs\p11_env\Lib\site-packages\sklearn\metrics\_scorer.py", line 316, in _score
    y_pred = method_caller(clf, "predict_proba", X)
             ^^^^^^^^^^^^^^^^^^^^^^^^^^^^^^^^^^^^^^
  File "c:\Users\DELL\anaconda3\envs\p11_env\Lib\site-packages\sklearn\metrics\_scorer.py", line 78, in _cached_call
    result = getattr(estimator, method)(*args, **kwargs)
             ^^^^^^^^^^^^^^^^^^^^^^^^^^
  File "c:\Users\DELL\anaconda3\envs\p11_env\Lib\site-packages\pycaret\internal\pipeline.py", line 127, in __getattr__
    return getattr(self._final_estimator, name)
           ^^^^^^^^^^^^^^^^^^^^^^^^^^^^^^^^^^^^
  File "c:\Users\DELL\anaconda3\envs\p11_env\Lib\site-packages\sklearn\utils\_available_if.py", line 32, in __get__
    if not self.check(obj):
           ^^^^^^^^^^^^^^^
  File "c:\Users\DELL\anaconda3\envs\p11_env\Lib\site-packages\sklearn\linear_model\_stochastic_gradient.py", line 1235, in _check_proba
    raise AttributeError(
AttributeError: probability estimates are not available for loss='hinge'

  warnings.warn(

2026-06-08 12:10:48,625:WARNING:c:\Users\DELL\anaconda3\envs\p11_env\Lib\site-packages\pycaret\internal\metrics.py:190: FitFailedWarning: Metric 'make_scorer(roc_auc_score, needs_proba=True, error_score=0.0, average=weighted, multi_class=ovr)' failed and error score 0.0 has been returned instead. If this is a custom metric, this usually means that the error is in the metric code. Full exception below:
Traceback (most recent call last):
  File "c:\Users\DELL\anaconda3\envs\p11_env\Lib\site-packages\sklearn\metrics\_scorer.py", line 76, in _cached_call
    return cache[method]
           ~~~~~^^^^^^^^
KeyError: 'predict_proba'

During handling of the above exception, another exception occurred:

Traceback (most recent call last):
  File "c:\Users\DELL\anaconda3\envs\p11_env\Lib\site-packages\pycaret\internal\metrics.py", line 182, in _score
    return super()._score(
           ^^^^^^^^^^^^^^^
  File "c:\Users\DELL\anaconda3\envs\p11_env\Lib\site-packages\sklearn\metrics\_scorer.py", line 316, in _score
    y_pred = method_caller(clf, "predict_proba", X)
             ^^^^^^^^^^^^^^^^^^^^^^^^^^^^^^^^^^^^^^
  File "c:\Users\DELL\anaconda3\envs\p11_env\Lib\site-packages\sklearn\metrics\_scorer.py", line 78, in _cached_call
    result = getattr(estimator, method)(*args, **kwargs)
             ^^^^^^^^^^^^^^^^^^^^^^^^^^
  File "c:\Users\DELL\anaconda3\envs\p11_env\Lib\site-packages\pycaret\internal\pipeline.py", line 127, in __getattr__
    return getattr(self._final_estimator, name)
           ^^^^^^^^^^^^^^^^^^^^^^^^^^^^^^^^^^^^
  File "c:\Users\DELL\anaconda3\envs\p11_env\Lib\site-packages\sklearn\utils\_available_if.py", line 32, in __get__
    if not self.check(obj):
           ^^^^^^^^^^^^^^^
  File "c:\Users\DELL\anaconda3\envs\p11_env\Lib\site-packages\sklearn\linear_model\_stochastic_gradient.py", line 1235, in _check_proba
    raise AttributeError(
AttributeError: probability estimates are not available for loss='hinge'

  warnings.warn(

2026-06-08 12:10:51,982:WARNING:c:\Users\DELL\anaconda3\envs\p11_env\Lib\site-packages\pycaret\internal\metrics.py:190: FitFailedWarning: Metric 'make_scorer(roc_auc_score, needs_proba=True, error_score=0.0, average=weighted, multi_class=ovr)' failed and error score 0.0 has been returned instead. If this is a custom metric, this usually means that the error is in the metric code. Full exception below:
Traceback (most recent call last):
  File "c:\Users\DELL\anaconda3\envs\p11_env\Lib\site-packages\sklearn\metrics\_scorer.py", line 76, in _cached_call
    return cache[method]
           ~~~~~^^^^^^^^
KeyError: 'predict_proba'

During handling of the above exception, another exception occurred:

Traceback (most recent call last):
  File "c:\Users\DELL\anaconda3\envs\p11_env\Lib\site-packages\pycaret\internal\metrics.py", line 182, in _score
    return super()._score(
           ^^^^^^^^^^^^^^^
  File "c:\Users\DELL\anaconda3\envs\p11_env\Lib\site-packages\sklearn\metrics\_scorer.py", line 316, in _score
    y_pred = method_caller(clf, "predict_proba", X)
             ^^^^^^^^^^^^^^^^^^^^^^^^^^^^^^^^^^^^^^
  File "c:\Users\DELL\anaconda3\envs\p11_env\Lib\site-packages\sklearn\metrics\_scorer.py", line 78, in _cached_call
    result = getattr(estimator, method)(*args, **kwargs)
             ^^^^^^^^^^^^^^^^^^^^^^^^^^
  File "c:\Users\DELL\anaconda3\envs\p11_env\Lib\site-packages\pycaret\internal\pipeline.py", line 127, in __getattr__
    return getattr(self._final_estimator, name)
           ^^^^^^^^^^^^^^^^^^^^^^^^^^^^^^^^^^^^
  File "c:\Users\DELL\anaconda3\envs\p11_env\Lib\site-packages\sklearn\utils\_available_if.py", line 32, in __get__
    if not self.check(obj):
           ^^^^^^^^^^^^^^^
  File "c:\Users\DELL\anaconda3\envs\p11_env\Lib\site-packages\sklearn\linear_model\_stochastic_gradient.py", line 1235, in _check_proba
    raise AttributeError(
AttributeError: probability estimates are not available for loss='hinge'

  warnings.warn(

2026-06-08 12:11:13,838:WARNING:c:\Users\DELL\anaconda3\envs\p11_env\Lib\site-packages\pycaret\internal\metrics.py:190: FitFailedWarning: Metric 'make_scorer(roc_auc_score, needs_proba=True, error_score=0.0, average=weighted, multi_class=ovr)' failed and error score 0.0 has been returned instead. If this is a custom metric, this usually means that the error is in the metric code. Full exception below:
Traceback (most recent call last):
  File "c:\Users\DELL\anaconda3\envs\p11_env\Lib\site-packages\sklearn\metrics\_scorer.py", line 76, in _cached_call
    return cache[method]
           ~~~~~^^^^^^^^
KeyError: 'predict_proba'

During handling of the above exception, another exception occurred:

Traceback (most recent call last):
  File "c:\Users\DELL\anaconda3\envs\p11_env\Lib\site-packages\pycaret\internal\metrics.py", line 182, in _score
    return super()._score(
           ^^^^^^^^^^^^^^^
  File "c:\Users\DELL\anaconda3\envs\p11_env\Lib\site-packages\sklearn\metrics\_scorer.py", line 316, in _score
    y_pred = method_caller(clf, "predict_proba", X)
             ^^^^^^^^^^^^^^^^^^^^^^^^^^^^^^^^^^^^^^
  File "c:\Users\DELL\anaconda3\envs\p11_env\Lib\site-packages\sklearn\metrics\_scorer.py", line 78, in _cached_call
    result = getattr(estimator, method)(*args, **kwargs)
             ^^^^^^^^^^^^^^^^^^^^^^^^^^
  File "c:\Users\DELL\anaconda3\envs\p11_env\Lib\site-packages\pycaret\internal\pipeline.py", line 127, in __getattr__
    return getattr(self._final_estimator, name)
           ^^^^^^^^^^^^^^^^^^^^^^^^^^^^^^^^^^^^
  File "c:\Users\DELL\anaconda3\envs\p11_env\Lib\site-packages\sklearn\utils\_available_if.py", line 32, in __get__
    if not self.check(obj):
           ^^^^^^^^^^^^^^^
  File "c:\Users\DELL\anaconda3\envs\p11_env\Lib\site-packages\sklearn\linear_model\_stochastic_gradient.py", line 1235, in _check_proba
    raise AttributeError(
AttributeError: probability estimates are not available for loss='hinge'

  warnings.warn(

2026-06-08 12:12:12,265:WARNING:c:\Users\DELL\anaconda3\envs\p11_env\Lib\site-packages\pycaret\internal\metrics.py:190: FitFailedWarning: Metric 'make_scorer(roc_auc_score, needs_proba=True, error_score=0.0, average=weighted, multi_class=ovr)' failed and error score 0.0 has been returned instead. If this is a custom metric, this usually means that the error is in the metric code. Full exception below:
Traceback (most recent call last):
  File "c:\Users\DELL\anaconda3\envs\p11_env\Lib\site-packages\sklearn\metrics\_scorer.py", line 76, in _cached_call
    return cache[method]
           ~~~~~^^^^^^^^
KeyError: 'predict_proba'

During handling of the above exception, another exception occurred:

Traceback (most recent call last):
  File "c:\Users\DELL\anaconda3\envs\p11_env\Lib\site-packages\pycaret\internal\metrics.py", line 182, in _score
    return super()._score(
           ^^^^^^^^^^^^^^^
  File "c:\Users\DELL\anaconda3\envs\p11_env\Lib\site-packages\sklearn\metrics\_scorer.py", line 316, in _score
    y_pred = method_caller(clf, "predict_proba", X)
             ^^^^^^^^^^^^^^^^^^^^^^^^^^^^^^^^^^^^^^
  File "c:\Users\DELL\anaconda3\envs\p11_env\Lib\site-packages\sklearn\metrics\_scorer.py", line 78, in _cached_call
    result = getattr(estimator, method)(*args, **kwargs)
             ^^^^^^^^^^^^^^^^^^^^^^^^^^
  File "c:\Users\DELL\anaconda3\envs\p11_env\Lib\site-packages\pycaret\internal\pipeline.py", line 127, in __getattr__
    return getattr(self._final_estimator, name)
           ^^^^^^^^^^^^^^^^^^^^^^^^^^^^^^^^^^^^
  File "c:\Users\DELL\anaconda3\envs\p11_env\Lib\site-packages\sklearn\utils\_available_if.py", line 32, in __get__
    if not self.check(obj):
           ^^^^^^^^^^^^^^^
  File "c:\Users\DELL\anaconda3\envs\p11_env\Lib\site-packages\sklearn\linear_model\_stochastic_gradient.py", line 1235, in _check_proba
    raise AttributeError(
AttributeError: probability estimates are not available for loss='hinge'

  warnings.warn(

2026-06-08 12:12:22,910:WARNING:c:\Users\DELL\anaconda3\envs\p11_env\Lib\site-packages\pycaret\internal\metrics.py:190: FitFailedWarning: Metric 'make_scorer(roc_auc_score, needs_proba=True, error_score=0.0, average=weighted, multi_class=ovr)' failed and error score 0.0 has been returned instead. If this is a custom metric, this usually means that the error is in the metric code. Full exception below:
Traceback (most recent call last):
  File "c:\Users\DELL\anaconda3\envs\p11_env\Lib\site-packages\sklearn\metrics\_scorer.py", line 76, in _cached_call
    return cache[method]
           ~~~~~^^^^^^^^
KeyError: 'predict_proba'

During handling of the above exception, another exception occurred:

Traceback (most recent call last):
  File "c:\Users\DELL\anaconda3\envs\p11_env\Lib\site-packages\pycaret\internal\metrics.py", line 182, in _score
    return super()._score(
           ^^^^^^^^^^^^^^^
  File "c:\Users\DELL\anaconda3\envs\p11_env\Lib\site-packages\sklearn\metrics\_scorer.py", line 316, in _score
    y_pred = method_caller(clf, "predict_proba", X)
             ^^^^^^^^^^^^^^^^^^^^^^^^^^^^^^^^^^^^^^
  File "c:\Users\DELL\anaconda3\envs\p11_env\Lib\site-packages\sklearn\metrics\_scorer.py", line 78, in _cached_call
    result = getattr(estimator, method)(*args, **kwargs)
             ^^^^^^^^^^^^^^^^^^^^^^^^^^
  File "c:\Users\DELL\anaconda3\envs\p11_env\Lib\site-packages\pycaret\internal\pipeline.py", line 127, in __getattr__
    return getattr(self._final_estimator, name)
           ^^^^^^^^^^^^^^^^^^^^^^^^^^^^^^^^^^^^
  File "c:\Users\DELL\anaconda3\envs\p11_env\Lib\site-packages\sklearn\utils\_available_if.py", line 32, in __get__
    if not self.check(obj):
           ^^^^^^^^^^^^^^^
  File "c:\Users\DELL\anaconda3\envs\p11_env\Lib\site-packages\sklearn\linear_model\_stochastic_gradient.py", line 1235, in _check_proba
    raise AttributeError(
AttributeError: probability estimates are not available for loss='hinge'

  warnings.warn(

2026-06-08 12:12:23,366:INFO:Calculating mean and std
2026-06-08 12:12:23,371:INFO:Creating metrics dataframe
2026-06-08 12:12:23,394:INFO:Uploading results into container
2026-06-08 12:12:23,398:INFO:Uploading model into container now
2026-06-08 12:12:23,401:INFO:_master_model_container: 5
2026-06-08 12:12:23,401:INFO:_display_container: 2
2026-06-08 12:12:23,407:INFO:SGDClassifier(alpha=0.0001, average=False, class_weight=None,
              early_stopping=False, epsilon=0.1, eta0=0.001, fit_intercept=True,
              l1_ratio=0.15, learning_rate='optimal', loss='hinge',
              max_iter=1000, n_iter_no_change=5, n_jobs=-1, penalty='l2',
              power_t=0.5, random_state=40, shuffle=True, tol=0.001,
              validation_fraction=0.1, verbose=0, warm_start=False)
2026-06-08 12:12:23,407:INFO:create_model() successfully completed......................................
2026-06-08 12:12:25,306:INFO:SubProcess create_model() end ==================================
2026-06-08 12:12:25,306:INFO:Creating metrics dataframe
2026-06-08 12:12:25,342:INFO:Initializing Ridge Classifier
2026-06-08 12:12:25,342:INFO:Total runtime is 31.458614333470663 minutes
2026-06-08 12:12:25,348:INFO:SubProcess create_model() called ==================================
2026-06-08 12:12:25,349:INFO:Initializing create_model()
2026-06-08 12:12:25,349:INFO:create_model(self=<pycaret.classification.oop.ClassificationExperiment object at 0x000001C8109B08D0>, estimator=ridge, fold=StratifiedKFold(n_splits=10, random_state=None, shuffle=False), round=4, cross_validation=True, predict=True, fit_kwargs={}, groups=None, refit=False, probability_threshold=None, experiment_custom_tags=None, verbose=False, system=False, add_to_model_list=True, metrics=None, display=<pycaret.internal.display.display.CommonDisplay object at 0x000001C8112F71D0>, model_only=True, return_train_score=False, error_score=0.0, kwargs={})
2026-06-08 12:12:25,349:INFO:Checking exceptions
2026-06-08 12:12:25,350:INFO:Importing libraries
2026-06-08 12:12:25,350:INFO:Copying training dataset
2026-06-08 12:12:25,896:INFO:Defining folds
2026-06-08 12:12:25,896:INFO:Declaring metric variables
2026-06-08 12:12:25,908:INFO:Importing untrained model
2026-06-08 12:12:25,917:INFO:Ridge Classifier Imported successfully
2026-06-08 12:12:25,940:INFO:Starting cross validation
2026-06-08 12:12:25,956:INFO:Cross validating with StratifiedKFold(n_splits=10, random_state=None, shuffle=False), n_jobs=-1
2026-06-08 12:13:29,110:WARNING:c:\Users\DELL\anaconda3\envs\p11_env\Lib\site-packages\pycaret\internal\metrics.py:190: FitFailedWarning: Metric 'make_scorer(roc_auc_score, needs_proba=True, error_score=0.0, average=weighted, multi_class=ovr)' failed and error score 0.0 has been returned instead. If this is a custom metric, this usually means that the error is in the metric code. Full exception below:
Traceback (most recent call last):
  File "c:\Users\DELL\anaconda3\envs\p11_env\Lib\site-packages\sklearn\metrics\_scorer.py", line 76, in _cached_call
    return cache[method]
           ~~~~~^^^^^^^^
KeyError: 'predict_proba'

During handling of the above exception, another exception occurred:

Traceback (most recent call last):
  File "c:\Users\DELL\anaconda3\envs\p11_env\Lib\site-packages\pycaret\internal\metrics.py", line 182, in _score
    return super()._score(
           ^^^^^^^^^^^^^^^
  File "c:\Users\DELL\anaconda3\envs\p11_env\Lib\site-packages\sklearn\metrics\_scorer.py", line 316, in _score
    y_pred = method_caller(clf, "predict_proba", X)
             ^^^^^^^^^^^^^^^^^^^^^^^^^^^^^^^^^^^^^^
  File "c:\Users\DELL\anaconda3\envs\p11_env\Lib\site-packages\sklearn\metrics\_scorer.py", line 78, in _cached_call
    result = getattr(estimator, method)(*args, **kwargs)
             ^^^^^^^^^^^^^^^^^^^^^^^^^^
  File "c:\Users\DELL\anaconda3\envs\p11_env\Lib\site-packages\pycaret\internal\pipeline.py", line 127, in __getattr__
    return getattr(self._final_estimator, name)
           ^^^^^^^^^^^^^^^^^^^^^^^^^^^^^^^^^^^^
AttributeError: 'RidgeClassifier' object has no attribute 'predict_proba'

  warnings.warn(

2026-06-08 12:13:29,211:WARNING:c:\Users\DELL\anaconda3\envs\p11_env\Lib\site-packages\pycaret\internal\metrics.py:190: FitFailedWarning: Metric 'make_scorer(roc_auc_score, needs_proba=True, error_score=0.0, average=weighted, multi_class=ovr)' failed and error score 0.0 has been returned instead. If this is a custom metric, this usually means that the error is in the metric code. Full exception below:
Traceback (most recent call last):
  File "c:\Users\DELL\anaconda3\envs\p11_env\Lib\site-packages\sklearn\metrics\_scorer.py", line 76, in _cached_call
    return cache[method]
           ~~~~~^^^^^^^^
KeyError: 'predict_proba'

During handling of the above exception, another exception occurred:

Traceback (most recent call last):
  File "c:\Users\DELL\anaconda3\envs\p11_env\Lib\site-packages\pycaret\internal\metrics.py", line 182, in _score
    return super()._score(
           ^^^^^^^^^^^^^^^
  File "c:\Users\DELL\anaconda3\envs\p11_env\Lib\site-packages\sklearn\metrics\_scorer.py", line 316, in _score
    y_pred = method_caller(clf, "predict_proba", X)
             ^^^^^^^^^^^^^^^^^^^^^^^^^^^^^^^^^^^^^^
  File "c:\Users\DELL\anaconda3\envs\p11_env\Lib\site-packages\sklearn\metrics\_scorer.py", line 78, in _cached_call
    result = getattr(estimator, method)(*args, **kwargs)
             ^^^^^^^^^^^^^^^^^^^^^^^^^^
  File "c:\Users\DELL\anaconda3\envs\p11_env\Lib\site-packages\pycaret\internal\pipeline.py", line 127, in __getattr__
    return getattr(self._final_estimator, name)
           ^^^^^^^^^^^^^^^^^^^^^^^^^^^^^^^^^^^^
AttributeError: 'RidgeClassifier' object has no attribute 'predict_proba'

  warnings.warn(

2026-06-08 12:13:29,728:WARNING:c:\Users\DELL\anaconda3\envs\p11_env\Lib\site-packages\pycaret\internal\metrics.py:190: FitFailedWarning: Metric 'make_scorer(roc_auc_score, needs_proba=True, error_score=0.0, average=weighted, multi_class=ovr)' failed and error score 0.0 has been returned instead. If this is a custom metric, this usually means that the error is in the metric code. Full exception below:
Traceback (most recent call last):
  File "c:\Users\DELL\anaconda3\envs\p11_env\Lib\site-packages\sklearn\metrics\_scorer.py", line 76, in _cached_call
    return cache[method]
           ~~~~~^^^^^^^^
KeyError: 'predict_proba'

During handling of the above exception, another exception occurred:

Traceback (most recent call last):
  File "c:\Users\DELL\anaconda3\envs\p11_env\Lib\site-packages\pycaret\internal\metrics.py", line 182, in _score
    return super()._score(
           ^^^^^^^^^^^^^^^
  File "c:\Users\DELL\anaconda3\envs\p11_env\Lib\site-packages\sklearn\metrics\_scorer.py", line 316, in _score
    y_pred = method_caller(clf, "predict_proba", X)
             ^^^^^^^^^^^^^^^^^^^^^^^^^^^^^^^^^^^^^^
  File "c:\Users\DELL\anaconda3\envs\p11_env\Lib\site-packages\sklearn\metrics\_scorer.py", line 78, in _cached_call
    result = getattr(estimator, method)(*args, **kwargs)
             ^^^^^^^^^^^^^^^^^^^^^^^^^^
  File "c:\Users\DELL\anaconda3\envs\p11_env\Lib\site-packages\pycaret\internal\pipeline.py", line 127, in __getattr__
    return getattr(self._final_estimator, name)
           ^^^^^^^^^^^^^^^^^^^^^^^^^^^^^^^^^^^^
AttributeError: 'RidgeClassifier' object has no attribute 'predict_proba'

  warnings.warn(

2026-06-08 12:13:30,828:WARNING:c:\Users\DELL\anaconda3\envs\p11_env\Lib\site-packages\pycaret\internal\metrics.py:190: FitFailedWarning: Metric 'make_scorer(roc_auc_score, needs_proba=True, error_score=0.0, average=weighted, multi_class=ovr)' failed and error score 0.0 has been returned instead. If this is a custom metric, this usually means that the error is in the metric code. Full exception below:
Traceback (most recent call last):
  File "c:\Users\DELL\anaconda3\envs\p11_env\Lib\site-packages\sklearn\metrics\_scorer.py", line 76, in _cached_call
    return cache[method]
           ~~~~~^^^^^^^^
KeyError: 'predict_proba'

During handling of the above exception, another exception occurred:

Traceback (most recent call last):
  File "c:\Users\DELL\anaconda3\envs\p11_env\Lib\site-packages\pycaret\internal\metrics.py", line 182, in _score
    return super()._score(
           ^^^^^^^^^^^^^^^
  File "c:\Users\DELL\anaconda3\envs\p11_env\Lib\site-packages\sklearn\metrics\_scorer.py", line 316, in _score
    y_pred = method_caller(clf, "predict_proba", X)
             ^^^^^^^^^^^^^^^^^^^^^^^^^^^^^^^^^^^^^^
  File "c:\Users\DELL\anaconda3\envs\p11_env\Lib\site-packages\sklearn\metrics\_scorer.py", line 78, in _cached_call
    result = getattr(estimator, method)(*args, **kwargs)
             ^^^^^^^^^^^^^^^^^^^^^^^^^^
  File "c:\Users\DELL\anaconda3\envs\p11_env\Lib\site-packages\pycaret\internal\pipeline.py", line 127, in __getattr__
    return getattr(self._final_estimator, name)
           ^^^^^^^^^^^^^^^^^^^^^^^^^^^^^^^^^^^^
AttributeError: 'RidgeClassifier' object has no attribute 'predict_proba'

  warnings.warn(

2026-06-08 12:13:31,642:WARNING:c:\Users\DELL\anaconda3\envs\p11_env\Lib\site-packages\pycaret\internal\metrics.py:190: FitFailedWarning: Metric 'make_scorer(roc_auc_score, needs_proba=True, error_score=0.0, average=weighted, multi_class=ovr)' failed and error score 0.0 has been returned instead. If this is a custom metric, this usually means that the error is in the metric code. Full exception below:
Traceback (most recent call last):
  File "c:\Users\DELL\anaconda3\envs\p11_env\Lib\site-packages\sklearn\metrics\_scorer.py", line 76, in _cached_call
    return cache[method]
           ~~~~~^^^^^^^^
KeyError: 'predict_proba'

During handling of the above exception, another exception occurred:

Traceback (most recent call last):
  File "c:\Users\DELL\anaconda3\envs\p11_env\Lib\site-packages\pycaret\internal\metrics.py", line 182, in _score
    return super()._score(
           ^^^^^^^^^^^^^^^
  File "c:\Users\DELL\anaconda3\envs\p11_env\Lib\site-packages\sklearn\metrics\_scorer.py", line 316, in _score
    y_pred = method_caller(clf, "predict_proba", X)
             ^^^^^^^^^^^^^^^^^^^^^^^^^^^^^^^^^^^^^^
  File "c:\Users\DELL\anaconda3\envs\p11_env\Lib\site-packages\sklearn\metrics\_scorer.py", line 78, in _cached_call
    result = getattr(estimator, method)(*args, **kwargs)
             ^^^^^^^^^^^^^^^^^^^^^^^^^^
  File "c:\Users\DELL\anaconda3\envs\p11_env\Lib\site-packages\pycaret\internal\pipeline.py", line 127, in __getattr__
    return getattr(self._final_estimator, name)
           ^^^^^^^^^^^^^^^^^^^^^^^^^^^^^^^^^^^^
AttributeError: 'RidgeClassifier' object has no attribute 'predict_proba'

  warnings.warn(

2026-06-08 12:13:32,263:WARNING:c:\Users\DELL\anaconda3\envs\p11_env\Lib\site-packages\pycaret\internal\metrics.py:190: FitFailedWarning: Metric 'make_scorer(roc_auc_score, needs_proba=True, error_score=0.0, average=weighted, multi_class=ovr)' failed and error score 0.0 has been returned instead. If this is a custom metric, this usually means that the error is in the metric code. Full exception below:
Traceback (most recent call last):
  File "c:\Users\DELL\anaconda3\envs\p11_env\Lib\site-packages\sklearn\metrics\_scorer.py", line 76, in _cached_call
    return cache[method]
           ~~~~~^^^^^^^^
KeyError: 'predict_proba'

During handling of the above exception, another exception occurred:

Traceback (most recent call last):
  File "c:\Users\DELL\anaconda3\envs\p11_env\Lib\site-packages\pycaret\internal\metrics.py", line 182, in _score
    return super()._score(
           ^^^^^^^^^^^^^^^
  File "c:\Users\DELL\anaconda3\envs\p11_env\Lib\site-packages\sklearn\metrics\_scorer.py", line 316, in _score
    y_pred = method_caller(clf, "predict_proba", X)
             ^^^^^^^^^^^^^^^^^^^^^^^^^^^^^^^^^^^^^^
  File "c:\Users\DELL\anaconda3\envs\p11_env\Lib\site-packages\sklearn\metrics\_scorer.py", line 78, in _cached_call
    result = getattr(estimator, method)(*args, **kwargs)
             ^^^^^^^^^^^^^^^^^^^^^^^^^^
  File "c:\Users\DELL\anaconda3\envs\p11_env\Lib\site-packages\pycaret\internal\pipeline.py", line 127, in __getattr__
    return getattr(self._final_estimator, name)
           ^^^^^^^^^^^^^^^^^^^^^^^^^^^^^^^^^^^^
AttributeError: 'RidgeClassifier' object has no attribute 'predict_proba'

  warnings.warn(

2026-06-08 12:13:34,011:WARNING:c:\Users\DELL\anaconda3\envs\p11_env\Lib\site-packages\pycaret\internal\metrics.py:190: FitFailedWarning: Metric 'make_scorer(roc_auc_score, needs_proba=True, error_score=0.0, average=weighted, multi_class=ovr)' failed and error score 0.0 has been returned instead. If this is a custom metric, this usually means that the error is in the metric code. Full exception below:
Traceback (most recent call last):
  File "c:\Users\DELL\anaconda3\envs\p11_env\Lib\site-packages\sklearn\metrics\_scorer.py", line 76, in _cached_call
    return cache[method]
           ~~~~~^^^^^^^^
KeyError: 'predict_proba'

During handling of the above exception, another exception occurred:

Traceback (most recent call last):
  File "c:\Users\DELL\anaconda3\envs\p11_env\Lib\site-packages\pycaret\internal\metrics.py", line 182, in _score
    return super()._score(
           ^^^^^^^^^^^^^^^
  File "c:\Users\DELL\anaconda3\envs\p11_env\Lib\site-packages\sklearn\metrics\_scorer.py", line 316, in _score
    y_pred = method_caller(clf, "predict_proba", X)
             ^^^^^^^^^^^^^^^^^^^^^^^^^^^^^^^^^^^^^^
  File "c:\Users\DELL\anaconda3\envs\p11_env\Lib\site-packages\sklearn\metrics\_scorer.py", line 78, in _cached_call
    result = getattr(estimator, method)(*args, **kwargs)
             ^^^^^^^^^^^^^^^^^^^^^^^^^^
  File "c:\Users\DELL\anaconda3\envs\p11_env\Lib\site-packages\pycaret\internal\pipeline.py", line 127, in __getattr__
    return getattr(self._final_estimator, name)
           ^^^^^^^^^^^^^^^^^^^^^^^^^^^^^^^^^^^^
AttributeError: 'RidgeClassifier' object has no attribute 'predict_proba'

  warnings.warn(

2026-06-08 12:13:34,090:WARNING:c:\Users\DELL\anaconda3\envs\p11_env\Lib\site-packages\pycaret\internal\metrics.py:190: FitFailedWarning: Metric 'make_scorer(roc_auc_score, needs_proba=True, error_score=0.0, average=weighted, multi_class=ovr)' failed and error score 0.0 has been returned instead. If this is a custom metric, this usually means that the error is in the metric code. Full exception below:
Traceback (most recent call last):
  File "c:\Users\DELL\anaconda3\envs\p11_env\Lib\site-packages\sklearn\metrics\_scorer.py", line 76, in _cached_call
    return cache[method]
           ~~~~~^^^^^^^^
KeyError: 'predict_proba'

During handling of the above exception, another exception occurred:

Traceback (most recent call last):
  File "c:\Users\DELL\anaconda3\envs\p11_env\Lib\site-packages\pycaret\internal\metrics.py", line 182, in _score
    return super()._score(
           ^^^^^^^^^^^^^^^
  File "c:\Users\DELL\anaconda3\envs\p11_env\Lib\site-packages\sklearn\metrics\_scorer.py", line 316, in _score
    y_pred = method_caller(clf, "predict_proba", X)
             ^^^^^^^^^^^^^^^^^^^^^^^^^^^^^^^^^^^^^^
  File "c:\Users\DELL\anaconda3\envs\p11_env\Lib\site-packages\sklearn\metrics\_scorer.py", line 78, in _cached_call
    result = getattr(estimator, method)(*args, **kwargs)
             ^^^^^^^^^^^^^^^^^^^^^^^^^^
  File "c:\Users\DELL\anaconda3\envs\p11_env\Lib\site-packages\pycaret\internal\pipeline.py", line 127, in __getattr__
    return getattr(self._final_estimator, name)
           ^^^^^^^^^^^^^^^^^^^^^^^^^^^^^^^^^^^^
AttributeError: 'RidgeClassifier' object has no attribute 'predict_proba'

  warnings.warn(

2026-06-08 12:14:04,925:WARNING:c:\Users\DELL\anaconda3\envs\p11_env\Lib\site-packages\pycaret\internal\metrics.py:190: FitFailedWarning: Metric 'make_scorer(roc_auc_score, needs_proba=True, error_score=0.0, average=weighted, multi_class=ovr)' failed and error score 0.0 has been returned instead. If this is a custom metric, this usually means that the error is in the metric code. Full exception below:
Traceback (most recent call last):
  File "c:\Users\DELL\anaconda3\envs\p11_env\Lib\site-packages\sklearn\metrics\_scorer.py", line 76, in _cached_call
    return cache[method]
           ~~~~~^^^^^^^^
KeyError: 'predict_proba'

During handling of the above exception, another exception occurred:

Traceback (most recent call last):
  File "c:\Users\DELL\anaconda3\envs\p11_env\Lib\site-packages\pycaret\internal\metrics.py", line 182, in _score
    return super()._score(
           ^^^^^^^^^^^^^^^
  File "c:\Users\DELL\anaconda3\envs\p11_env\Lib\site-packages\sklearn\metrics\_scorer.py", line 316, in _score
    y_pred = method_caller(clf, "predict_proba", X)
             ^^^^^^^^^^^^^^^^^^^^^^^^^^^^^^^^^^^^^^
  File "c:\Users\DELL\anaconda3\envs\p11_env\Lib\site-packages\sklearn\metrics\_scorer.py", line 78, in _cached_call
    result = getattr(estimator, method)(*args, **kwargs)
             ^^^^^^^^^^^^^^^^^^^^^^^^^^
  File "c:\Users\DELL\anaconda3\envs\p11_env\Lib\site-packages\pycaret\internal\pipeline.py", line 127, in __getattr__
    return getattr(self._final_estimator, name)
           ^^^^^^^^^^^^^^^^^^^^^^^^^^^^^^^^^^^^
AttributeError: 'RidgeClassifier' object has no attribute 'predict_proba'

  warnings.warn(

2026-06-08 12:14:05,268:WARNING:c:\Users\DELL\anaconda3\envs\p11_env\Lib\site-packages\pycaret\internal\metrics.py:190: FitFailedWarning: Metric 'make_scorer(roc_auc_score, needs_proba=True, error_score=0.0, average=weighted, multi_class=ovr)' failed and error score 0.0 has been returned instead. If this is a custom metric, this usually means that the error is in the metric code. Full exception below:
Traceback (most recent call last):
  File "c:\Users\DELL\anaconda3\envs\p11_env\Lib\site-packages\sklearn\metrics\_scorer.py", line 76, in _cached_call
    return cache[method]
           ~~~~~^^^^^^^^
KeyError: 'predict_proba'

During handling of the above exception, another exception occurred:

Traceback (most recent call last):
  File "c:\Users\DELL\anaconda3\envs\p11_env\Lib\site-packages\pycaret\internal\metrics.py", line 182, in _score
    return super()._score(
           ^^^^^^^^^^^^^^^
  File "c:\Users\DELL\anaconda3\envs\p11_env\Lib\site-packages\sklearn\metrics\_scorer.py", line 316, in _score
    y_pred = method_caller(clf, "predict_proba", X)
             ^^^^^^^^^^^^^^^^^^^^^^^^^^^^^^^^^^^^^^
  File "c:\Users\DELL\anaconda3\envs\p11_env\Lib\site-packages\sklearn\metrics\_scorer.py", line 78, in _cached_call
    result = getattr(estimator, method)(*args, **kwargs)
             ^^^^^^^^^^^^^^^^^^^^^^^^^^
  File "c:\Users\DELL\anaconda3\envs\p11_env\Lib\site-packages\pycaret\internal\pipeline.py", line 127, in __getattr__
    return getattr(self._final_estimator, name)
           ^^^^^^^^^^^^^^^^^^^^^^^^^^^^^^^^^^^^
AttributeError: 'RidgeClassifier' object has no attribute 'predict_proba'

  warnings.warn(

2026-06-08 12:14:05,726:INFO:Calculating mean and std
2026-06-08 12:14:05,732:INFO:Creating metrics dataframe
2026-06-08 12:14:05,744:INFO:Uploading results into container
2026-06-08 12:14:05,745:INFO:Uploading model into container now
2026-06-08 12:14:05,746:INFO:_master_model_container: 6
2026-06-08 12:14:05,747:INFO:_display_container: 2
2026-06-08 12:14:05,747:INFO:RidgeClassifier(alpha=1.0, class_weight=None, copy_X=True, fit_intercept=True,
                max_iter=None, positive=False, random_state=40, solver='auto',
                tol=0.0001)
2026-06-08 12:14:05,748:INFO:create_model() successfully completed......................................
2026-06-08 12:14:07,312:INFO:SubProcess create_model() end ==================================
2026-06-08 12:14:07,312:INFO:Creating metrics dataframe
2026-06-08 12:14:07,354:INFO:Initializing Random Forest Classifier
2026-06-08 12:14:07,355:INFO:Total runtime is 33.15883328914642 minutes
2026-06-08 12:14:07,365:INFO:SubProcess create_model() called ==================================
2026-06-08 12:14:07,365:INFO:Initializing create_model()
2026-06-08 12:14:07,366:INFO:create_model(self=<pycaret.classification.oop.ClassificationExperiment object at 0x000001C8109B08D0>, estimator=rf, fold=StratifiedKFold(n_splits=10, random_state=None, shuffle=False), round=4, cross_validation=True, predict=True, fit_kwargs={}, groups=None, refit=False, probability_threshold=None, experiment_custom_tags=None, verbose=False, system=False, add_to_model_list=True, metrics=None, display=<pycaret.internal.display.display.CommonDisplay object at 0x000001C8112F71D0>, model_only=True, return_train_score=False, error_score=0.0, kwargs={})
2026-06-08 12:14:07,366:INFO:Checking exceptions
2026-06-08 12:14:07,366:INFO:Importing libraries
2026-06-08 12:14:07,366:INFO:Copying training dataset
2026-06-08 12:14:08,021:INFO:Defining folds
2026-06-08 12:14:08,022:INFO:Declaring metric variables
2026-06-08 12:14:08,033:INFO:Importing untrained model
2026-06-08 12:14:08,050:INFO:Random Forest Classifier Imported successfully
2026-06-08 12:14:08,082:INFO:Starting cross validation
2026-06-08 12:14:08,097:INFO:Cross validating with StratifiedKFold(n_splits=10, random_state=None, shuffle=False), n_jobs=-1
2026-06-08 13:23:39,179:INFO:Calculating mean and std
2026-06-08 13:23:39,189:INFO:Creating metrics dataframe
2026-06-08 13:23:39,213:INFO:Uploading results into container
2026-06-08 13:23:39,215:INFO:Uploading model into container now
2026-06-08 13:23:39,217:INFO:_master_model_container: 7
2026-06-08 13:23:39,217:INFO:_display_container: 2
2026-06-08 13:23:39,219:INFO:RandomForestClassifier(bootstrap=True, ccp_alpha=0.0, class_weight=None,
                       criterion='gini', max_depth=None, max_features='sqrt',
                       max_leaf_nodes=None, max_samples=None,
                       min_impurity_decrease=0.0, min_samples_leaf=1,
                       min_samples_split=2, min_weight_fraction_leaf=0.0,
                       n_estimators=100, n_jobs=-1, oob_score=False,
                       random_state=40, verbose=0, warm_start=False)
2026-06-08 13:23:39,221:INFO:create_model() successfully completed......................................
2026-06-08 13:23:41,490:INFO:SubProcess create_model() end ==================================
2026-06-08 13:23:41,490:INFO:Creating metrics dataframe
2026-06-08 13:23:41,561:INFO:Initializing Quadratic Discriminant Analysis
2026-06-08 13:23:41,566:INFO:Total runtime is 102.72897140582401 minutes
2026-06-08 13:23:41,582:INFO:SubProcess create_model() called ==================================
2026-06-08 13:23:41,584:INFO:Initializing create_model()
2026-06-08 13:23:41,586:INFO:create_model(self=<pycaret.classification.oop.ClassificationExperiment object at 0x000001C8109B08D0>, estimator=qda, fold=StratifiedKFold(n_splits=10, random_state=None, shuffle=False), round=4, cross_validation=True, predict=True, fit_kwargs={}, groups=None, refit=False, probability_threshold=None, experiment_custom_tags=None, verbose=False, system=False, add_to_model_list=True, metrics=None, display=<pycaret.internal.display.display.CommonDisplay object at 0x000001C8112F71D0>, model_only=True, return_train_score=False, error_score=0.0, kwargs={})
2026-06-08 13:23:41,588:INFO:Checking exceptions
2026-06-08 13:23:41,588:INFO:Importing libraries
2026-06-08 13:23:41,588:INFO:Copying training dataset
2026-06-08 13:23:42,491:INFO:Defining folds
2026-06-08 13:23:42,493:INFO:Declaring metric variables
2026-06-08 13:23:42,507:INFO:Importing untrained model
2026-06-08 13:23:42,526:INFO:Quadratic Discriminant Analysis Imported successfully
2026-06-08 13:23:42,565:INFO:Starting cross validation
2026-06-08 13:23:42,590:INFO:Cross validating with StratifiedKFold(n_splits=10, random_state=None, shuffle=False), n_jobs=-1
2026-06-08 13:24:05,400:WARNING:c:\Users\DELL\anaconda3\envs\p11_env\Lib\site-packages\_distutils_hack\__init__.py:30: UserWarning: Setuptools is replacing distutils. Support for replacing an already imported distutils is deprecated. In the future, this condition will fail. Register concerns at https://github.com/pypa/setuptools/issues/new?template=distutils-deprecation.yml
  warnings.warn(

2026-06-08 13:24:05,918:WARNING:c:\Users\DELL\anaconda3\envs\p11_env\Lib\site-packages\_distutils_hack\__init__.py:30: UserWarning: Setuptools is replacing distutils. Support for replacing an already imported distutils is deprecated. In the future, this condition will fail. Register concerns at https://github.com/pypa/setuptools/issues/new?template=distutils-deprecation.yml
  warnings.warn(

2026-06-08 13:24:06,034:WARNING:c:\Users\DELL\anaconda3\envs\p11_env\Lib\site-packages\_distutils_hack\__init__.py:30: UserWarning: Setuptools is replacing distutils. Support for replacing an already imported distutils is deprecated. In the future, this condition will fail. Register concerns at https://github.com/pypa/setuptools/issues/new?template=distutils-deprecation.yml
  warnings.warn(

2026-06-08 13:24:06,044:WARNING:c:\Users\DELL\anaconda3\envs\p11_env\Lib\site-packages\_distutils_hack\__init__.py:30: UserWarning: Setuptools is replacing distutils. Support for replacing an already imported distutils is deprecated. In the future, this condition will fail. Register concerns at https://github.com/pypa/setuptools/issues/new?template=distutils-deprecation.yml
  warnings.warn(

2026-06-08 13:24:06,168:WARNING:c:\Users\DELL\anaconda3\envs\p11_env\Lib\site-packages\_distutils_hack\__init__.py:30: UserWarning: Setuptools is replacing distutils. Support for replacing an already imported distutils is deprecated. In the future, this condition will fail. Register concerns at https://github.com/pypa/setuptools/issues/new?template=distutils-deprecation.yml
  warnings.warn(

2026-06-08 13:24:06,191:WARNING:c:\Users\DELL\anaconda3\envs\p11_env\Lib\site-packages\_distutils_hack\__init__.py:30: UserWarning: Setuptools is replacing distutils. Support for replacing an already imported distutils is deprecated. In the future, this condition will fail. Register concerns at https://github.com/pypa/setuptools/issues/new?template=distutils-deprecation.yml
  warnings.warn(

2026-06-08 13:25:40,103:INFO:Calculating mean and std
2026-06-08 13:25:40,106:INFO:Creating metrics dataframe
2026-06-08 13:25:40,116:INFO:Uploading results into container
2026-06-08 13:25:40,118:INFO:Uploading model into container now
2026-06-08 13:25:40,119:INFO:_master_model_container: 8
2026-06-08 13:25:40,119:INFO:_display_container: 2
2026-06-08 13:25:40,120:INFO:QuadraticDiscriminantAnalysis(priors=None, reg_param=0.0,
                              store_covariance=False, tol=0.0001)
2026-06-08 13:25:40,120:INFO:create_model() successfully completed......................................
2026-06-08 13:25:41,373:INFO:SubProcess create_model() end ==================================
2026-06-08 13:25:41,373:INFO:Creating metrics dataframe
2026-06-08 13:25:41,402:INFO:Initializing Ada Boost Classifier
2026-06-08 13:25:41,403:INFO:Total runtime is 104.72630935112635 minutes
2026-06-08 13:25:41,409:INFO:SubProcess create_model() called ==================================
2026-06-08 13:25:41,410:INFO:Initializing create_model()
2026-06-08 13:25:41,410:INFO:create_model(self=<pycaret.classification.oop.ClassificationExperiment object at 0x000001C8109B08D0>, estimator=ada, fold=StratifiedKFold(n_splits=10, random_state=None, shuffle=False), round=4, cross_validation=True, predict=True, fit_kwargs={}, groups=None, refit=False, probability_threshold=None, experiment_custom_tags=None, verbose=False, system=False, add_to_model_list=True, metrics=None, display=<pycaret.internal.display.display.CommonDisplay object at 0x000001C8112F71D0>, model_only=True, return_train_score=False, error_score=0.0, kwargs={})
2026-06-08 13:25:41,410:INFO:Checking exceptions
2026-06-08 13:25:41,410:INFO:Importing libraries
2026-06-08 13:25:41,410:INFO:Copying training dataset
2026-06-08 13:25:41,692:INFO:Defining folds
2026-06-08 13:25:41,693:INFO:Declaring metric variables
2026-06-08 13:25:41,698:INFO:Importing untrained model
2026-06-08 13:25:41,713:INFO:Ada Boost Classifier Imported successfully
2026-06-08 13:25:41,723:INFO:Starting cross validation
2026-06-08 13:25:41,731:INFO:Cross validating with StratifiedKFold(n_splits=10, random_state=None, shuffle=False), n_jobs=-1
2026-06-08 13:50:42,971:INFO:Calculating mean and std
2026-06-08 13:50:42,976:INFO:Creating metrics dataframe
2026-06-08 13:50:42,999:INFO:Uploading results into container
2026-06-08 13:50:43,001:INFO:Uploading model into container now
2026-06-08 13:50:43,003:INFO:_master_model_container: 9
2026-06-08 13:50:43,003:INFO:_display_container: 2
2026-06-08 13:50:43,005:INFO:AdaBoostClassifier(algorithm='SAMME.R', base_estimator='deprecated',
                   estimator=None, learning_rate=1.0, n_estimators=50,
                   random_state=40)
2026-06-08 13:50:43,005:INFO:create_model() successfully completed......................................
2026-06-08 13:50:45,017:INFO:SubProcess create_model() end ==================================
2026-06-08 13:50:45,018:INFO:Creating metrics dataframe
2026-06-08 13:50:45,076:INFO:Initializing Gradient Boosting Classifier
2026-06-08 13:50:45,079:INFO:Total runtime is 129.78755074739456 minutes
2026-06-08 13:50:45,090:INFO:SubProcess create_model() called ==================================
2026-06-08 13:50:45,092:INFO:Initializing create_model()
2026-06-08 13:50:45,093:INFO:create_model(self=<pycaret.classification.oop.ClassificationExperiment object at 0x000001C8109B08D0>, estimator=gbc, fold=StratifiedKFold(n_splits=10, random_state=None, shuffle=False), round=4, cross_validation=True, predict=True, fit_kwargs={}, groups=None, refit=False, probability_threshold=None, experiment_custom_tags=None, verbose=False, system=False, add_to_model_list=True, metrics=None, display=<pycaret.internal.display.display.CommonDisplay object at 0x000001C8112F71D0>, model_only=True, return_train_score=False, error_score=0.0, kwargs={})
2026-06-08 13:50:45,093:INFO:Checking exceptions
2026-06-08 13:50:45,093:INFO:Importing libraries
2026-06-08 13:50:45,094:INFO:Copying training dataset
2026-06-08 13:50:45,818:INFO:Defining folds
2026-06-08 13:50:45,820:INFO:Declaring metric variables
2026-06-08 13:50:45,832:INFO:Importing untrained model
2026-06-08 13:50:45,840:INFO:Gradient Boosting Classifier Imported successfully
2026-06-08 13:50:45,863:INFO:Starting cross validation
2026-06-08 13:50:45,873:INFO:Cross validating with StratifiedKFold(n_splits=10, random_state=None, shuffle=False), n_jobs=-1
2026-06-08 13:51:01,810:WARNING:c:\Users\DELL\anaconda3\envs\p11_env\Lib\site-packages\_distutils_hack\__init__.py:30: UserWarning: Setuptools is replacing distutils. Support for replacing an already imported distutils is deprecated. In the future, this condition will fail. Register concerns at https://github.com/pypa/setuptools/issues/new?template=distutils-deprecation.yml
  warnings.warn(

2026-06-08 13:51:01,819:WARNING:c:\Users\DELL\anaconda3\envs\p11_env\Lib\site-packages\_distutils_hack\__init__.py:30: UserWarning: Setuptools is replacing distutils. Support for replacing an already imported distutils is deprecated. In the future, this condition will fail. Register concerns at https://github.com/pypa/setuptools/issues/new?template=distutils-deprecation.yml
  warnings.warn(

2026-06-08 13:51:01,824:WARNING:c:\Users\DELL\anaconda3\envs\p11_env\Lib\site-packages\_distutils_hack\__init__.py:30: UserWarning: Setuptools is replacing distutils. Support for replacing an already imported distutils is deprecated. In the future, this condition will fail. Register concerns at https://github.com/pypa/setuptools/issues/new?template=distutils-deprecation.yml
  warnings.warn(

2026-06-08 13:51:01,828:WARNING:c:\Users\DELL\anaconda3\envs\p11_env\Lib\site-packages\_distutils_hack\__init__.py:30: UserWarning: Setuptools is replacing distutils. Support for replacing an already imported distutils is deprecated. In the future, this condition will fail. Register concerns at https://github.com/pypa/setuptools/issues/new?template=distutils-deprecation.yml
  warnings.warn(

2026-06-08 13:51:01,865:WARNING:c:\Users\DELL\anaconda3\envs\p11_env\Lib\site-packages\_distutils_hack\__init__.py:30: UserWarning: Setuptools is replacing distutils. Support for replacing an already imported distutils is deprecated. In the future, this condition will fail. Register concerns at https://github.com/pypa/setuptools/issues/new?template=distutils-deprecation.yml
  warnings.warn(

2026-06-08 13:51:01,868:WARNING:c:\Users\DELL\anaconda3\envs\p11_env\Lib\site-packages\_distutils_hack\__init__.py:30: UserWarning: Setuptools is replacing distutils. Support for replacing an already imported distutils is deprecated. In the future, this condition will fail. Register concerns at https://github.com/pypa/setuptools/issues/new?template=distutils-deprecation.yml
  warnings.warn(

2026-06-08 21:17:56,463:WARNING:
'cuml' is a soft dependency and not included in the pycaret installation. Please run: `pip install cuml` to install.
2026-06-08 21:17:56,464:WARNING:
'cuml' is a soft dependency and not included in the pycaret installation. Please run: `pip install cuml` to install.
2026-06-08 21:17:56,464:WARNING:
'cuml' is a soft dependency and not included in the pycaret installation. Please run: `pip install cuml` to install.
2026-06-08 21:17:56,464:WARNING:
'cuml' is a soft dependency and not included in the pycaret installation. Please run: `pip install cuml` to install.
2026-06-08 21:18:04,242:WARNING:c:\Users\DELL\anaconda3\envs\p11_env\Lib\site-packages\yfinance\scrapers\history.py:396: FutureWarning: The default dtype for empty Series will be 'object' instead of 'float64' in a future version. Specify a dtype explicitly to silence this warning.
  self._capital_gains = pd.Series()

2026-06-08 21:18:04,547:WARNING:c:\Users\DELL\anaconda3\envs\p11_env\Lib\site-packages\yfinance\scrapers\history.py:396: FutureWarning: The default dtype for empty Series will be 'object' instead of 'float64' in a future version. Specify a dtype explicitly to silence this warning.
  self._capital_gains = pd.Series()

2026-06-08 21:18:04,672:WARNING:c:\Users\DELL\anaconda3\envs\p11_env\Lib\site-packages\yfinance\scrapers\history.py:396: FutureWarning: The default dtype for empty Series will be 'object' instead of 'float64' in a future version. Specify a dtype explicitly to silence this warning.
  self._capital_gains = pd.Series()

2026-06-08 21:18:05,221:WARNING:c:\Users\DELL\anaconda3\envs\p11_env\Lib\site-packages\yfinance\scrapers\history.py:396: FutureWarning: The default dtype for empty Series will be 'object' instead of 'float64' in a future version. Specify a dtype explicitly to silence this warning.
  self._capital_gains = pd.Series()

2026-06-08 21:18:05,312:WARNING:c:\Users\DELL\anaconda3\envs\p11_env\Lib\site-packages\yfinance\scrapers\history.py:396: FutureWarning: The default dtype for empty Series will be 'object' instead of 'float64' in a future version. Specify a dtype explicitly to silence this warning.
  self._capital_gains = pd.Series()

2026-06-08 21:18:05,567:WARNING:c:\Users\DELL\anaconda3\envs\p11_env\Lib\site-packages\yfinance\scrapers\history.py:396: FutureWarning: The default dtype for empty Series will be 'object' instead of 'float64' in a future version. Specify a dtype explicitly to silence this warning.
  self._capital_gains = pd.Series()

2026-06-08 21:18:05,817:WARNING:c:\Users\DELL\anaconda3\envs\p11_env\Lib\site-packages\yfinance\scrapers\history.py:396: FutureWarning: The default dtype for empty Series will be 'object' instead of 'float64' in a future version. Specify a dtype explicitly to silence this warning.
  self._capital_gains = pd.Series()

2026-06-08 21:18:05,839:WARNING:c:\Users\DELL\anaconda3\envs\p11_env\Lib\site-packages\yfinance\scrapers\history.py:396: FutureWarning: The default dtype for empty Series will be 'object' instead of 'float64' in a future version. Specify a dtype explicitly to silence this warning.
  self._capital_gains = pd.Series()

2026-06-08 21:18:06,353:WARNING:c:\Users\DELL\anaconda3\envs\p11_env\Lib\site-packages\yfinance\scrapers\history.py:396: FutureWarning: The default dtype for empty Series will be 'object' instead of 'float64' in a future version. Specify a dtype explicitly to silence this warning.
  self._capital_gains = pd.Series()

2026-06-08 21:18:06,481:WARNING:c:\Users\DELL\anaconda3\envs\p11_env\Lib\site-packages\yfinance\scrapers\history.py:396: FutureWarning: The default dtype for empty Series will be 'object' instead of 'float64' in a future version. Specify a dtype explicitly to silence this warning.
  self._capital_gains = pd.Series()

2026-06-08 21:18:06,710:WARNING:c:\Users\DELL\anaconda3\envs\p11_env\Lib\site-packages\yfinance\scrapers\history.py:396: FutureWarning: The default dtype for empty Series will be 'object' instead of 'float64' in a future version. Specify a dtype explicitly to silence this warning.
  self._capital_gains = pd.Series()

2026-06-08 21:18:06,944:WARNING:c:\Users\DELL\anaconda3\envs\p11_env\Lib\site-packages\yfinance\scrapers\history.py:396: FutureWarning: The default dtype for empty Series will be 'object' instead of 'float64' in a future version. Specify a dtype explicitly to silence this warning.
  self._capital_gains = pd.Series()

2026-06-08 21:18:07,142:WARNING:c:\Users\DELL\anaconda3\envs\p11_env\Lib\site-packages\yfinance\scrapers\history.py:396: FutureWarning: The default dtype for empty Series will be 'object' instead of 'float64' in a future version. Specify a dtype explicitly to silence this warning.
  self._capital_gains = pd.Series()

2026-06-08 21:18:07,408:WARNING:c:\Users\DELL\anaconda3\envs\p11_env\Lib\site-packages\yfinance\scrapers\history.py:396: FutureWarning: The default dtype for empty Series will be 'object' instead of 'float64' in a future version. Specify a dtype explicitly to silence this warning.
  self._capital_gains = pd.Series()

2026-06-08 21:18:07,616:WARNING:c:\Users\DELL\anaconda3\envs\p11_env\Lib\site-packages\yfinance\scrapers\history.py:396: FutureWarning: The default dtype for empty Series will be 'object' instead of 'float64' in a future version. Specify a dtype explicitly to silence this warning.
  self._capital_gains = pd.Series()

2026-06-08 21:18:07,714:WARNING:c:\Users\DELL\anaconda3\envs\p11_env\Lib\site-packages\yfinance\scrapers\history.py:396: FutureWarning: The default dtype for empty Series will be 'object' instead of 'float64' in a future version. Specify a dtype explicitly to silence this warning.
  self._capital_gains = pd.Series()

2026-06-08 21:18:08,131:WARNING:c:\Users\DELL\anaconda3\envs\p11_env\Lib\site-packages\yfinance\scrapers\history.py:396: FutureWarning: The default dtype for empty Series will be 'object' instead of 'float64' in a future version. Specify a dtype explicitly to silence this warning.
  self._capital_gains = pd.Series()

2026-06-08 21:18:08,391:WARNING:c:\Users\DELL\anaconda3\envs\p11_env\Lib\site-packages\yfinance\scrapers\history.py:396: FutureWarning: The default dtype for empty Series will be 'object' instead of 'float64' in a future version. Specify a dtype explicitly to silence this warning.
  self._capital_gains = pd.Series()

2026-06-08 21:18:08,507:WARNING:c:\Users\DELL\anaconda3\envs\p11_env\Lib\site-packages\yfinance\scrapers\history.py:396: FutureWarning: The default dtype for empty Series will be 'object' instead of 'float64' in a future version. Specify a dtype explicitly to silence this warning.
  self._capital_gains = pd.Series()

2026-06-08 21:18:08,831:WARNING:c:\Users\DELL\anaconda3\envs\p11_env\Lib\site-packages\yfinance\scrapers\history.py:396: FutureWarning: The default dtype for empty Series will be 'object' instead of 'float64' in a future version. Specify a dtype explicitly to silence this warning.
  self._capital_gains = pd.Series()

2026-06-08 21:18:09,071:WARNING:c:\Users\DELL\anaconda3\envs\p11_env\Lib\site-packages\yfinance\scrapers\history.py:396: FutureWarning: The default dtype for empty Series will be 'object' instead of 'float64' in a future version. Specify a dtype explicitly to silence this warning.
  self._capital_gains = pd.Series()

2026-06-08 21:18:09,463:WARNING:c:\Users\DELL\anaconda3\envs\p11_env\Lib\site-packages\yfinance\scrapers\history.py:396: FutureWarning: The default dtype for empty Series will be 'object' instead of 'float64' in a future version. Specify a dtype explicitly to silence this warning.
  self._capital_gains = pd.Series()

2026-06-08 21:18:09,680:WARNING:c:\Users\DELL\anaconda3\envs\p11_env\Lib\site-packages\yfinance\scrapers\history.py:396: FutureWarning: The default dtype for empty Series will be 'object' instead of 'float64' in a future version. Specify a dtype explicitly to silence this warning.
  self._capital_gains = pd.Series()

2026-06-08 21:18:09,917:WARNING:c:\Users\DELL\anaconda3\envs\p11_env\Lib\site-packages\yfinance\scrapers\history.py:396: FutureWarning: The default dtype for empty Series will be 'object' instead of 'float64' in a future version. Specify a dtype explicitly to silence this warning.
  self._capital_gains = pd.Series()

2026-06-08 21:18:10,183:WARNING:c:\Users\DELL\anaconda3\envs\p11_env\Lib\site-packages\yfinance\scrapers\history.py:396: FutureWarning: The default dtype for empty Series will be 'object' instead of 'float64' in a future version. Specify a dtype explicitly to silence this warning.
  self._capital_gains = pd.Series()

2026-06-08 21:18:10,524:WARNING:c:\Users\DELL\anaconda3\envs\p11_env\Lib\site-packages\yfinance\scrapers\history.py:396: FutureWarning: The default dtype for empty Series will be 'object' instead of 'float64' in a future version. Specify a dtype explicitly to silence this warning.
  self._capital_gains = pd.Series()

2026-06-08 21:18:10,555:WARNING:c:\Users\DELL\anaconda3\envs\p11_env\Lib\site-packages\yfinance\scrapers\history.py:396: FutureWarning: The default dtype for empty Series will be 'object' instead of 'float64' in a future version. Specify a dtype explicitly to silence this warning.
  self._capital_gains = pd.Series()

2026-06-08 21:18:10,964:WARNING:c:\Users\DELL\anaconda3\envs\p11_env\Lib\site-packages\yfinance\scrapers\history.py:396: FutureWarning: The default dtype for empty Series will be 'object' instead of 'float64' in a future version. Specify a dtype explicitly to silence this warning.
  self._capital_gains = pd.Series()

2026-06-08 21:18:11,295:WARNING:c:\Users\DELL\anaconda3\envs\p11_env\Lib\site-packages\yfinance\scrapers\history.py:396: FutureWarning: The default dtype for empty Series will be 'object' instead of 'float64' in a future version. Specify a dtype explicitly to silence this warning.
  self._capital_gains = pd.Series()

2026-06-08 21:18:11,390:WARNING:c:\Users\DELL\anaconda3\envs\p11_env\Lib\site-packages\yfinance\scrapers\history.py:396: FutureWarning: The default dtype for empty Series will be 'object' instead of 'float64' in a future version. Specify a dtype explicitly to silence this warning.
  self._capital_gains = pd.Series()

2026-06-08 21:18:11,666:WARNING:c:\Users\DELL\anaconda3\envs\p11_env\Lib\site-packages\yfinance\scrapers\history.py:396: FutureWarning: The default dtype for empty Series will be 'object' instead of 'float64' in a future version. Specify a dtype explicitly to silence this warning.
  self._capital_gains = pd.Series()

2026-06-08 21:27:51,038:INFO:PyCaret ClassificationExperiment
2026-06-08 21:27:51,038:INFO:Logging name: clf-default-name
2026-06-08 21:27:51,038:INFO:ML Usecase: MLUsecase.CLASSIFICATION
2026-06-08 21:27:51,038:INFO:version 3.2.0
2026-06-08 21:27:51,038:INFO:Initializing setup()
2026-06-08 21:27:51,040:INFO:self.USI: 696d
2026-06-08 21:27:51,040:INFO:self._variable_keys: {'_available_plots', 'exp_id', 'log_plots_param', 'y_test', 'n_jobs_param', 'X_test', 'fix_imbalance', 'X', 'pipeline', 'is_multiclass', 'gpu_n_jobs_param', 'fold_generator', 'fold_shuffle_param', 'fold_groups_param', 'gpu_param', '_ml_usecase', 'idx', 'memory', 'html_param', 'data', 'USI', 'seed', 'exp_name_log', 'target_param', 'X_train', 'y', 'logging_param', 'y_train'}
2026-06-08 21:27:51,040:INFO:Checking environment
2026-06-08 21:27:51,041:INFO:python_version: 3.11.15
2026-06-08 21:27:51,042:INFO:python_build: ('main', 'Mar 11 2026 17:12:15')
2026-06-08 21:27:51,042:INFO:machine: AMD64
2026-06-08 21:27:51,042:INFO:platform: Windows-10-10.0.26200-SP0
2026-06-08 21:27:51,042:INFO:Memory: svmem(total=16889192448, available=4348071936, percent=74.3, used=12541120512, free=4348071936)
2026-06-08 21:27:51,043:INFO:Physical Core: 4
2026-06-08 21:27:51,044:INFO:Logical Core: 8
2026-06-08 21:27:51,044:INFO:Checking libraries
2026-06-08 21:27:51,044:INFO:System:
2026-06-08 21:27:51,045:INFO:    python: 3.11.15 | packaged by Anaconda, Inc. | (main, Mar 11 2026, 17:12:15) [MSC v.1942 64 bit (AMD64)]
2026-06-08 21:27:51,045:INFO:executable: c:\Users\DELL\anaconda3\envs\p11_env\python.exe
2026-06-08 21:27:51,045:INFO:   machine: Windows-10-10.0.26200-SP0
2026-06-08 21:27:51,045:INFO:PyCaret required dependencies:
2026-06-08 21:27:51,053:WARNING:c:\Users\DELL\anaconda3\envs\p11_env\Lib\site-packages\_distutils_hack\__init__.py:30: UserWarning: Setuptools is replacing distutils. Support for replacing an already imported distutils is deprecated. In the future, this condition will fail. Register concerns at https://github.com/pypa/setuptools/issues/new?template=distutils-deprecation.yml
  warnings.warn(

2026-06-08 21:27:52,076:INFO:                 pip: 26.1.1
2026-06-08 21:27:52,080:INFO:          setuptools: 82.0.1
2026-06-08 21:27:52,080:INFO:             pycaret: 3.2.0
2026-06-08 21:27:52,080:INFO:             IPython: 9.14.1
2026-06-08 21:27:52,080:INFO:          ipywidgets: 8.1.8
2026-06-08 21:27:52,080:INFO:                tqdm: 4.68.1
2026-06-08 21:27:52,080:INFO:               numpy: 1.25.2
2026-06-08 21:27:52,080:INFO:              pandas: 1.5.3
2026-06-08 21:27:52,082:INFO:              jinja2: 3.1.6
2026-06-08 21:27:52,082:INFO:               scipy: 1.10.1
2026-06-08 21:27:52,082:INFO:              joblib: 1.2.0
2026-06-08 21:27:52,082:INFO:             sklearn: 1.2.2
2026-06-08 21:27:52,082:INFO:                pyod: 3.6.0
2026-06-08 21:27:52,082:INFO:            imblearn: 0.12.4
2026-06-08 21:27:52,082:INFO:   category_encoders: 2.7.0
2026-06-08 21:27:52,082:INFO:            lightgbm: 4.6.0
2026-06-08 21:27:52,082:INFO:               numba: 0.65.1
2026-06-08 21:27:52,084:INFO:            requests: 2.34.2
2026-06-08 21:27:52,084:INFO:          matplotlib: 3.7.5
2026-06-08 21:27:52,084:INFO:          scikitplot: 0.3.7
2026-06-08 21:27:52,084:INFO:         yellowbrick: 1.5
2026-06-08 21:27:52,084:INFO:              plotly: 6.8.0
2026-06-08 21:27:52,086:INFO:    plotly-resampler: Not installed
2026-06-08 21:27:52,086:INFO:             kaleido: 1.3.0
2026-06-08 21:27:52,086:INFO:           schemdraw: 0.15
2026-06-08 21:27:52,086:INFO:         statsmodels: 0.14.6
2026-06-08 21:27:52,086:INFO:              sktime: 0.21.1
2026-06-08 21:27:52,088:INFO:               tbats: 1.1.3
2026-06-08 21:27:52,088:INFO:            pmdarima: 2.0.4
2026-06-08 21:27:52,088:INFO:              psutil: 7.2.2
2026-06-08 21:27:52,088:INFO:          markupsafe: 3.0.3
2026-06-08 21:27:52,088:INFO:             pickle5: Not installed
2026-06-08 21:27:52,088:INFO:         cloudpickle: 3.1.2
2026-06-08 21:27:52,088:INFO:         deprecation: 2.1.0
2026-06-08 21:27:52,090:INFO:              xxhash: 3.7.0
2026-06-08 21:27:52,090:INFO:           wurlitzer: Not installed
2026-06-08 21:27:52,090:INFO:PyCaret optional dependencies:
2026-06-08 21:27:52,347:INFO:                shap: 0.51.0
2026-06-08 21:27:52,347:INFO:           interpret: Not installed
2026-06-08 21:27:52,347:INFO:                umap: 0.5.12
2026-06-08 21:27:52,347:INFO:     ydata_profiling: Not installed
2026-06-08 21:27:52,347:INFO:  explainerdashboard: Not installed
2026-06-08 21:27:52,347:INFO:             autoviz: Not installed
2026-06-08 21:27:52,347:INFO:           fairlearn: Not installed
2026-06-08 21:27:52,347:INFO:          deepchecks: Not installed
2026-06-08 21:27:52,347:INFO:             xgboost: 3.2.0
2026-06-08 21:27:52,349:INFO:            catboost: 1.2.10
2026-06-08 21:27:52,349:INFO:              kmodes: 0.12.2
2026-06-08 21:27:52,349:INFO:             mlxtend: 0.24.0
2026-06-08 21:27:52,349:INFO:       statsforecast: Not installed
2026-06-08 21:27:52,349:INFO:        tune_sklearn: Not installed
2026-06-08 21:27:52,349:INFO:                 ray: Not installed
2026-06-08 21:27:52,349:INFO:            hyperopt: Not installed
2026-06-08 21:27:52,349:INFO:              optuna: 4.9.0
2026-06-08 21:27:52,349:INFO:               skopt: Not installed
2026-06-08 21:27:52,349:INFO:              mlflow: 3.13.0
2026-06-08 21:27:52,349:INFO:              gradio: Not installed
2026-06-08 21:27:52,351:INFO:             fastapi: 0.136.3
2026-06-08 21:27:52,351:INFO:             uvicorn: 0.49.0
2026-06-08 21:27:52,351:INFO:              m2cgen: Not installed
2026-06-08 21:27:52,351:INFO:           evidently: Not installed
2026-06-08 21:27:52,351:INFO:               fugue: Not installed
2026-06-08 21:27:52,351:INFO:           streamlit: 1.58.0
2026-06-08 21:27:52,351:INFO:             prophet: Not installed
2026-06-08 21:27:52,351:INFO:None
2026-06-08 21:27:52,353:INFO:Set up data.
2026-06-08 21:27:53,788:INFO:Set up folding strategy.
2026-06-08 21:27:53,788:INFO:Set up train/test split.
2026-06-08 21:27:55,283:INFO:Set up index.
2026-06-08 21:27:55,385:INFO:Assigning column types.
2026-06-08 21:27:56,217:INFO:Engine successfully changes for model 'lr' to 'sklearn'.
2026-06-08 21:27:56,487:INFO:Engine for model 'knn' has not been set explicitly, hence returning None.
2026-06-08 21:27:56,500:INFO:Engine for model 'rbfsvm' has not been set explicitly, hence returning None.
2026-06-08 21:27:56,720:INFO:Soft dependency imported: xgboost: 3.2.0
2026-06-08 21:27:56,740:INFO:Soft dependency imported: catboost: 1.2.10
2026-06-08 21:27:57,382:INFO:Engine for model 'knn' has not been set explicitly, hence returning None.
2026-06-08 21:27:57,385:INFO:Engine for model 'rbfsvm' has not been set explicitly, hence returning None.
2026-06-08 21:27:57,578:INFO:Soft dependency imported: xgboost: 3.2.0
2026-06-08 21:27:57,590:INFO:Soft dependency imported: catboost: 1.2.10
2026-06-08 21:27:57,594:INFO:Engine successfully changes for model 'knn' to 'sklearn'.
2026-06-08 21:27:57,856:INFO:Engine for model 'rbfsvm' has not been set explicitly, hence returning None.
2026-06-08 21:27:58,035:INFO:Soft dependency imported: xgboost: 3.2.0
2026-06-08 21:27:58,054:INFO:Soft dependency imported: catboost: 1.2.10
2026-06-08 21:27:58,346:INFO:Engine for model 'rbfsvm' has not been set explicitly, hence returning None.
2026-06-08 21:27:58,521:INFO:Soft dependency imported: xgboost: 3.2.0
2026-06-08 21:27:58,530:INFO:Soft dependency imported: catboost: 1.2.10
2026-06-08 21:27:58,530:INFO:Engine successfully changes for model 'rbfsvm' to 'sklearn'.
2026-06-08 21:27:59,001:INFO:Soft dependency imported: xgboost: 3.2.0
2026-06-08 21:27:59,021:INFO:Soft dependency imported: catboost: 1.2.10
2026-06-08 21:27:59,498:INFO:Soft dependency imported: xgboost: 3.2.0
2026-06-08 21:27:59,516:INFO:Soft dependency imported: catboost: 1.2.10
2026-06-08 21:27:59,524:INFO:Preparing preprocessing pipeline...
2026-06-08 21:27:59,588:INFO:Set up simple imputation.
2026-06-08 21:27:59,588:INFO:Set up imbalanced handling.
2026-06-08 21:27:59,591:INFO:Set up column transformation.
2026-06-08 21:27:59,591:INFO:Set up feature normalization.
2026-06-08 21:28:14,224:WARNING:c:\Users\DELL\anaconda3\envs\p11_env\Lib\site-packages\numpy\core\_methods.py:176: RuntimeWarning: overflow encountered in multiply
  x = um.multiply(x, x, out=x)

2026-06-08 21:28:17,652:WARNING:c:\Users\DELL\anaconda3\envs\p11_env\Lib\site-packages\sklearn\preprocessing\_data.py:3256: RuntimeWarning: overflow encountered in power
  out[pos] = (np.power(x[pos] + 1, lmbda) - 1) / lmbda

2026-06-08 21:29:00,977:WARNING:c:\Users\DELL\anaconda3\envs\p11_env\Lib\site-packages\numpy\core\_methods.py:187: RuntimeWarning: overflow encountered in reduce
  ret = umr_sum(x, axis, dtype, out, keepdims=keepdims, where=where)

2026-06-08 21:29:03,878:WARNING:c:\Users\DELL\anaconda3\envs\p11_env\Lib\site-packages\sklearn\preprocessing\_data.py:3260: RuntimeWarning: overflow encountered in power
  out[~pos] = -(np.power(-x[~pos] + 1, 2 - lmbda) - 1) / (2 - lmbda)

2026-06-08 21:29:27,004:WARNING:c:\Users\DELL\anaconda3\envs\p11_env\Lib\site-packages\sklearn\preprocessing\_data.py:3256: RuntimeWarning: overflow encountered in power
  out[pos] = (np.power(x[pos] + 1, lmbda) - 1) / lmbda

2026-06-09 04:34:38,935:INFO:PyCaret ClassificationExperiment
2026-06-09 04:34:38,935:INFO:Logging name: clf-default-name
2026-06-09 04:34:38,935:INFO:ML Usecase: MLUsecase.CLASSIFICATION
2026-06-09 04:34:38,935:INFO:version 3.2.0
2026-06-09 04:34:38,935:INFO:Initializing setup()
2026-06-09 04:34:38,935:INFO:self.USI: c034
2026-06-09 04:34:38,935:INFO:self._variable_keys: {'_available_plots', 'exp_id', 'log_plots_param', 'y_test', 'n_jobs_param', 'X_test', 'fix_imbalance', 'X', 'pipeline', 'is_multiclass', 'gpu_n_jobs_param', 'fold_generator', 'fold_shuffle_param', 'fold_groups_param', 'gpu_param', '_ml_usecase', 'idx', 'memory', 'html_param', 'data', 'USI', 'seed', 'exp_name_log', 'target_param', 'X_train', 'y', 'logging_param', 'y_train'}
2026-06-09 04:34:38,935:INFO:Checking environment
2026-06-09 04:34:38,935:INFO:python_version: 3.11.15
2026-06-09 04:34:38,935:INFO:python_build: ('main', 'Mar 11 2026 17:12:15')
2026-06-09 04:34:38,936:INFO:machine: AMD64
2026-06-09 04:34:38,936:INFO:platform: Windows-10-10.0.26200-SP0
2026-06-09 04:34:38,936:INFO:Memory: svmem(total=16889192448, available=3767463936, percent=77.7, used=13121728512, free=3767463936)
2026-06-09 04:34:38,936:INFO:Physical Core: 4
2026-06-09 04:34:38,936:INFO:Logical Core: 8
2026-06-09 04:34:38,936:INFO:Checking libraries
2026-06-09 04:34:38,936:INFO:System:
2026-06-09 04:34:38,936:INFO:    python: 3.11.15 | packaged by Anaconda, Inc. | (main, Mar 11 2026, 17:12:15) [MSC v.1942 64 bit (AMD64)]
2026-06-09 04:34:38,936:INFO:executable: c:\Users\DELL\anaconda3\envs\p11_env\python.exe
2026-06-09 04:34:38,936:INFO:   machine: Windows-10-10.0.26200-SP0
2026-06-09 04:34:38,936:INFO:PyCaret required dependencies:
2026-06-09 04:34:38,937:INFO:                 pip: 26.1.1
2026-06-09 04:34:38,937:INFO:          setuptools: 82.0.1
2026-06-09 04:34:38,937:INFO:             pycaret: 3.2.0
2026-06-09 04:34:38,937:INFO:             IPython: 9.14.1
2026-06-09 04:34:38,937:INFO:          ipywidgets: 8.1.8
2026-06-09 04:34:38,937:INFO:                tqdm: 4.68.1
2026-06-09 04:34:38,937:INFO:               numpy: 1.25.2
2026-06-09 04:34:38,937:INFO:              pandas: 1.5.3
2026-06-09 04:34:38,937:INFO:              jinja2: 3.1.6
2026-06-09 04:34:38,937:INFO:               scipy: 1.10.1
2026-06-09 04:34:38,937:INFO:              joblib: 1.2.0
2026-06-09 04:34:38,937:INFO:             sklearn: 1.2.2
2026-06-09 04:34:38,937:INFO:                pyod: 3.6.0
2026-06-09 04:34:38,937:INFO:            imblearn: 0.12.4
2026-06-09 04:34:38,937:INFO:   category_encoders: 2.7.0
2026-06-09 04:34:38,937:INFO:            lightgbm: 4.6.0
2026-06-09 04:34:38,937:INFO:               numba: 0.65.1
2026-06-09 04:34:38,937:INFO:            requests: 2.34.2
2026-06-09 04:34:38,937:INFO:          matplotlib: 3.7.5
2026-06-09 04:34:38,937:INFO:          scikitplot: 0.3.7
2026-06-09 04:34:38,937:INFO:         yellowbrick: 1.5
2026-06-09 04:34:38,937:INFO:              plotly: 6.8.0
2026-06-09 04:34:38,938:INFO:    plotly-resampler: Not installed
2026-06-09 04:34:38,938:INFO:             kaleido: 1.3.0
2026-06-09 04:34:38,938:INFO:           schemdraw: 0.15
2026-06-09 04:34:38,938:INFO:         statsmodels: 0.14.6
2026-06-09 04:34:38,938:INFO:              sktime: 0.21.1
2026-06-09 04:34:38,938:INFO:               tbats: 1.1.3
2026-06-09 04:34:38,938:INFO:            pmdarima: 2.0.4
2026-06-09 04:34:38,938:INFO:              psutil: 7.2.2
2026-06-09 04:34:38,938:INFO:          markupsafe: 3.0.3
2026-06-09 04:34:38,938:INFO:             pickle5: Not installed
2026-06-09 04:34:38,938:INFO:         cloudpickle: 3.1.2
2026-06-09 04:34:38,938:INFO:         deprecation: 2.1.0
2026-06-09 04:34:38,938:INFO:              xxhash: 3.7.0
2026-06-09 04:34:38,938:INFO:           wurlitzer: Not installed
2026-06-09 04:34:38,938:INFO:PyCaret optional dependencies:
2026-06-09 04:34:38,938:INFO:                shap: 0.51.0
2026-06-09 04:34:38,938:INFO:           interpret: Not installed
2026-06-09 04:34:38,939:INFO:                umap: 0.5.12
2026-06-09 04:34:38,939:INFO:     ydata_profiling: Not installed
2026-06-09 04:34:38,939:INFO:  explainerdashboard: Not installed
2026-06-09 04:34:38,939:INFO:             autoviz: Not installed
2026-06-09 04:34:38,939:INFO:           fairlearn: Not installed
2026-06-09 04:34:38,939:INFO:          deepchecks: Not installed
2026-06-09 04:34:38,939:INFO:             xgboost: 3.2.0
2026-06-09 04:34:38,939:INFO:            catboost: 1.2.10
2026-06-09 04:34:38,939:INFO:              kmodes: 0.12.2
2026-06-09 04:34:38,939:INFO:             mlxtend: 0.24.0
2026-06-09 04:34:38,939:INFO:       statsforecast: Not installed
2026-06-09 04:34:38,939:INFO:        tune_sklearn: Not installed
2026-06-09 04:34:38,939:INFO:                 ray: Not installed
2026-06-09 04:34:38,939:INFO:            hyperopt: Not installed
2026-06-09 04:34:38,939:INFO:              optuna: 4.9.0
2026-06-09 04:34:38,939:INFO:               skopt: Not installed
2026-06-09 04:34:38,940:INFO:              mlflow: 3.13.0
2026-06-09 04:34:38,940:INFO:              gradio: Not installed
2026-06-09 04:34:38,940:INFO:             fastapi: 0.136.3
2026-06-09 04:34:38,940:INFO:             uvicorn: 0.49.0
2026-06-09 04:34:38,940:INFO:              m2cgen: Not installed
2026-06-09 04:34:38,940:INFO:           evidently: Not installed
2026-06-09 04:34:38,940:INFO:               fugue: Not installed
2026-06-09 04:34:38,940:INFO:           streamlit: 1.58.0
2026-06-09 04:34:38,940:INFO:             prophet: Not installed
2026-06-09 04:34:38,940:INFO:None
2026-06-09 04:34:38,940:INFO:Set up data.
2026-06-09 04:34:39,225:INFO:Set up folding strategy.
2026-06-09 04:34:39,225:INFO:Set up train/test split.
2026-06-09 04:34:39,678:INFO:Set up index.
2026-06-09 04:34:39,710:INFO:Assigning column types.
2026-06-09 04:34:39,985:INFO:Engine successfully changes for model 'lr' to 'sklearn'.
2026-06-09 04:34:40,056:INFO:Engine for model 'knn' has not been set explicitly, hence returning None.
2026-06-09 04:34:40,058:INFO:Engine for model 'rbfsvm' has not been set explicitly, hence returning None.
2026-06-09 04:34:40,074:INFO:Soft dependency imported: xgboost: 3.2.0
2026-06-09 04:34:40,091:INFO:Soft dependency imported: catboost: 1.2.10
2026-06-09 04:34:40,128:INFO:Engine for model 'knn' has not been set explicitly, hence returning None.
2026-06-09 04:34:40,128:INFO:Engine for model 'rbfsvm' has not been set explicitly, hence returning None.
2026-06-09 04:34:40,158:INFO:Soft dependency imported: xgboost: 3.2.0
2026-06-09 04:34:40,158:INFO:Soft dependency imported: catboost: 1.2.10
2026-06-09 04:34:40,174:INFO:Engine successfully changes for model 'knn' to 'sklearn'.
2026-06-09 04:34:40,228:INFO:Engine for model 'rbfsvm' has not been set explicitly, hence returning None.
2026-06-09 04:34:40,258:INFO:Soft dependency imported: xgboost: 3.2.0
2026-06-09 04:34:40,258:INFO:Soft dependency imported: catboost: 1.2.10
2026-06-09 04:34:40,314:INFO:Engine for model 'rbfsvm' has not been set explicitly, hence returning None.
2026-06-09 04:34:40,346:INFO:Soft dependency imported: xgboost: 3.2.0
2026-06-09 04:34:40,346:INFO:Soft dependency imported: catboost: 1.2.10
2026-06-09 04:34:40,346:INFO:Engine successfully changes for model 'rbfsvm' to 'sklearn'.
2026-06-09 04:34:40,425:INFO:Soft dependency imported: xgboost: 3.2.0
2026-06-09 04:34:40,425:INFO:Soft dependency imported: catboost: 1.2.10
2026-06-09 04:34:40,508:INFO:Soft dependency imported: xgboost: 3.2.0
2026-06-09 04:34:40,508:INFO:Soft dependency imported: catboost: 1.2.10
2026-06-09 04:34:40,508:INFO:Preparing preprocessing pipeline...
2026-06-09 04:34:40,543:INFO:Set up simple imputation.
2026-06-09 04:34:40,543:INFO:Set up imbalanced handling.
2026-06-09 04:34:40,543:INFO:Set up column transformation.
2026-06-09 04:34:40,543:INFO:Set up feature normalization.
2026-06-09 04:34:43,549:INFO:PyCaret ClassificationExperiment
2026-06-09 04:34:43,549:INFO:Logging name: clf-default-name
2026-06-09 04:34:43,549:INFO:ML Usecase: MLUsecase.CLASSIFICATION
2026-06-09 04:34:43,549:INFO:version 3.2.0
2026-06-09 04:34:43,549:INFO:Initializing setup()
2026-06-09 04:34:43,549:INFO:self.USI: 73ff
2026-06-09 04:34:43,549:INFO:self._variable_keys: {'_available_plots', 'exp_id', 'log_plots_param', 'y_test', 'n_jobs_param', 'X_test', 'fix_imbalance', 'X', 'pipeline', 'is_multiclass', 'gpu_n_jobs_param', 'fold_generator', 'fold_shuffle_param', 'fold_groups_param', 'gpu_param', '_ml_usecase', 'idx', 'memory', 'html_param', 'data', 'USI', 'seed', 'exp_name_log', 'target_param', 'X_train', 'y', 'logging_param', 'y_train'}
2026-06-09 04:34:43,549:INFO:Checking environment
2026-06-09 04:34:43,549:INFO:python_version: 3.11.15
2026-06-09 04:34:43,549:INFO:python_build: ('main', 'Mar 11 2026 17:12:15')
2026-06-09 04:34:43,549:INFO:machine: AMD64
2026-06-09 04:34:43,549:INFO:platform: Windows-10-10.0.26200-SP0
2026-06-09 04:34:43,549:INFO:Memory: svmem(total=16889192448, available=3649318912, percent=78.4, used=13239873536, free=3649318912)
2026-06-09 04:34:43,549:INFO:Physical Core: 4
2026-06-09 04:34:43,549:INFO:Logical Core: 8
2026-06-09 04:34:43,549:INFO:Checking libraries
2026-06-09 04:34:43,551:INFO:System:
2026-06-09 04:34:43,551:INFO:    python: 3.11.15 | packaged by Anaconda, Inc. | (main, Mar 11 2026, 17:12:15) [MSC v.1942 64 bit (AMD64)]
2026-06-09 04:34:43,551:INFO:executable: c:\Users\DELL\anaconda3\envs\p11_env\python.exe
2026-06-09 04:34:43,551:INFO:   machine: Windows-10-10.0.26200-SP0
2026-06-09 04:34:43,551:INFO:PyCaret required dependencies:
2026-06-09 04:34:43,551:INFO:                 pip: 26.1.1
2026-06-09 04:34:43,551:INFO:          setuptools: 82.0.1
2026-06-09 04:34:43,551:INFO:             pycaret: 3.2.0
2026-06-09 04:34:43,551:INFO:             IPython: 9.14.1
2026-06-09 04:34:43,551:INFO:          ipywidgets: 8.1.8
2026-06-09 04:34:43,551:INFO:                tqdm: 4.68.1
2026-06-09 04:34:43,551:INFO:               numpy: 1.25.2
2026-06-09 04:34:43,551:INFO:              pandas: 1.5.3
2026-06-09 04:34:43,551:INFO:              jinja2: 3.1.6
2026-06-09 04:34:43,551:INFO:               scipy: 1.10.1
2026-06-09 04:34:43,551:INFO:              joblib: 1.2.0
2026-06-09 04:34:43,551:INFO:             sklearn: 1.2.2
2026-06-09 04:34:43,551:INFO:                pyod: 3.6.0
2026-06-09 04:34:43,551:INFO:            imblearn: 0.12.4
2026-06-09 04:34:43,551:INFO:   category_encoders: 2.7.0
2026-06-09 04:34:43,551:INFO:            lightgbm: 4.6.0
2026-06-09 04:34:43,551:INFO:               numba: 0.65.1
2026-06-09 04:34:43,553:INFO:            requests: 2.34.2
2026-06-09 04:34:43,553:INFO:          matplotlib: 3.7.5
2026-06-09 04:34:43,553:INFO:          scikitplot: 0.3.7
2026-06-09 04:34:43,553:INFO:         yellowbrick: 1.5
2026-06-09 04:34:43,553:INFO:              plotly: 6.8.0
2026-06-09 04:34:43,553:INFO:    plotly-resampler: Not installed
2026-06-09 04:34:43,553:INFO:             kaleido: 1.3.0
2026-06-09 04:34:43,553:INFO:           schemdraw: 0.15
2026-06-09 04:34:43,553:INFO:         statsmodels: 0.14.6
2026-06-09 04:34:43,553:INFO:              sktime: 0.21.1
2026-06-09 04:34:43,553:INFO:               tbats: 1.1.3
2026-06-09 04:34:43,553:INFO:            pmdarima: 2.0.4
2026-06-09 04:34:43,553:INFO:              psutil: 7.2.2
2026-06-09 04:34:43,553:INFO:          markupsafe: 3.0.3
2026-06-09 04:34:43,553:INFO:             pickle5: Not installed
2026-06-09 04:34:43,553:INFO:         cloudpickle: 3.1.2
2026-06-09 04:34:43,553:INFO:         deprecation: 2.1.0
2026-06-09 04:34:43,553:INFO:              xxhash: 3.7.0
2026-06-09 04:34:43,553:INFO:           wurlitzer: Not installed
2026-06-09 04:34:43,553:INFO:PyCaret optional dependencies:
2026-06-09 04:34:43,553:INFO:                shap: 0.51.0
2026-06-09 04:34:43,553:INFO:           interpret: Not installed
2026-06-09 04:34:43,553:INFO:                umap: 0.5.12
2026-06-09 04:34:43,555:INFO:     ydata_profiling: Not installed
2026-06-09 04:34:43,555:INFO:  explainerdashboard: Not installed
2026-06-09 04:34:43,555:INFO:             autoviz: Not installed
2026-06-09 04:34:43,555:INFO:           fairlearn: Not installed
2026-06-09 04:34:43,555:INFO:          deepchecks: Not installed
2026-06-09 04:34:43,555:INFO:             xgboost: 3.2.0
2026-06-09 04:34:43,555:INFO:            catboost: 1.2.10
2026-06-09 04:34:43,555:INFO:              kmodes: 0.12.2
2026-06-09 04:34:43,555:INFO:             mlxtend: 0.24.0
2026-06-09 04:34:43,555:INFO:       statsforecast: Not installed
2026-06-09 04:34:43,555:INFO:        tune_sklearn: Not installed
2026-06-09 04:34:43,555:INFO:                 ray: Not installed
2026-06-09 04:34:43,555:INFO:            hyperopt: Not installed
2026-06-09 04:34:43,555:INFO:              optuna: 4.9.0
2026-06-09 04:34:43,555:INFO:               skopt: Not installed
2026-06-09 04:34:43,555:INFO:              mlflow: 3.13.0
2026-06-09 04:34:43,555:INFO:              gradio: Not installed
2026-06-09 04:34:43,555:INFO:             fastapi: 0.136.3
2026-06-09 04:34:43,555:INFO:             uvicorn: 0.49.0
2026-06-09 04:34:43,555:INFO:              m2cgen: Not installed
2026-06-09 04:34:43,555:INFO:           evidently: Not installed
2026-06-09 04:34:43,555:INFO:               fugue: Not installed
2026-06-09 04:34:43,555:INFO:           streamlit: 1.58.0
2026-06-09 04:34:43,555:INFO:             prophet: Not installed
2026-06-09 04:34:43,555:INFO:None
2026-06-09 04:34:43,555:INFO:Set up data.
2026-06-09 04:34:43,877:INFO:Set up folding strategy.
2026-06-09 04:34:43,877:INFO:Set up train/test split.
2026-06-09 04:34:44,215:INFO:Set up index.
2026-06-09 04:34:44,227:INFO:Assigning column types.
2026-06-09 04:34:44,473:INFO:Engine successfully changes for model 'lr' to 'sklearn'.
2026-06-09 04:34:44,529:INFO:Engine for model 'knn' has not been set explicitly, hence returning None.
2026-06-09 04:34:44,529:INFO:Engine for model 'rbfsvm' has not been set explicitly, hence returning None.
2026-06-09 04:34:44,572:INFO:Soft dependency imported: xgboost: 3.2.0
2026-06-09 04:34:44,576:INFO:Soft dependency imported: catboost: 1.2.10
2026-06-09 04:34:44,645:INFO:Engine for model 'knn' has not been set explicitly, hence returning None.
2026-06-09 04:34:44,646:INFO:Engine for model 'rbfsvm' has not been set explicitly, hence returning None.
2026-06-09 04:34:44,685:INFO:Soft dependency imported: xgboost: 3.2.0
2026-06-09 04:34:44,688:INFO:Soft dependency imported: catboost: 1.2.10
2026-06-09 04:34:44,689:INFO:Engine successfully changes for model 'knn' to 'sklearn'.
2026-06-09 04:34:44,726:INFO:Engine for model 'rbfsvm' has not been set explicitly, hence returning None.
2026-06-09 04:34:44,780:INFO:Soft dependency imported: xgboost: 3.2.0
2026-06-09 04:34:44,780:INFO:Soft dependency imported: catboost: 1.2.10
2026-06-09 04:34:44,843:INFO:Engine for model 'rbfsvm' has not been set explicitly, hence returning None.
2026-06-09 04:34:44,876:INFO:Soft dependency imported: xgboost: 3.2.0
2026-06-09 04:34:44,893:INFO:Soft dependency imported: catboost: 1.2.10
2026-06-09 04:34:44,895:INFO:Engine successfully changes for model 'rbfsvm' to 'sklearn'.
2026-06-09 04:34:44,999:INFO:Soft dependency imported: xgboost: 3.2.0
2026-06-09 04:34:45,002:INFO:Soft dependency imported: catboost: 1.2.10
2026-06-09 04:34:45,111:INFO:Soft dependency imported: xgboost: 3.2.0
2026-06-09 04:34:45,114:INFO:Soft dependency imported: catboost: 1.2.10
2026-06-09 04:34:45,114:INFO:Preparing preprocessing pipeline...
2026-06-09 04:34:45,128:INFO:Set up simple imputation.
2026-06-09 04:34:45,128:INFO:Set up imbalanced handling.
2026-06-09 04:34:45,128:INFO:Set up column transformation.
2026-06-09 04:34:45,128:INFO:Set up feature normalization.
2026-06-09 04:34:45,744:WARNING:c:\Users\DELL\anaconda3\envs\p11_env\Lib\site-packages\sklearn\preprocessing\_data.py:3256: RuntimeWarning: overflow encountered in power
  out[pos] = (np.power(x[pos] + 1, lmbda) - 1) / lmbda

2026-06-09 04:39:35,013:WARNING:
'cuml' is a soft dependency and not included in the pycaret installation. Please run: `pip install cuml` to install.
2026-06-09 04:39:35,013:WARNING:
'cuml' is a soft dependency and not included in the pycaret installation. Please run: `pip install cuml` to install.
2026-06-09 04:39:35,013:WARNING:
'cuml' is a soft dependency and not included in the pycaret installation. Please run: `pip install cuml` to install.
2026-06-09 04:39:35,013:WARNING:
'cuml' is a soft dependency and not included in the pycaret installation. Please run: `pip install cuml` to install.
2026-06-09 04:39:39,972:WARNING:c:\Users\DELL\anaconda3\envs\p11_env\Lib\site-packages\yfinance\scrapers\history.py:396: FutureWarning: The default dtype for empty Series will be 'object' instead of 'float64' in a future version. Specify a dtype explicitly to silence this warning.
  self._capital_gains = pd.Series()

2026-06-09 04:39:40,411:WARNING:c:\Users\DELL\anaconda3\envs\p11_env\Lib\site-packages\yfinance\scrapers\history.py:396: FutureWarning: The default dtype for empty Series will be 'object' instead of 'float64' in a future version. Specify a dtype explicitly to silence this warning.
  self._capital_gains = pd.Series()

2026-06-09 04:39:40,619:WARNING:c:\Users\DELL\anaconda3\envs\p11_env\Lib\site-packages\yfinance\scrapers\history.py:396: FutureWarning: The default dtype for empty Series will be 'object' instead of 'float64' in a future version. Specify a dtype explicitly to silence this warning.
  self._capital_gains = pd.Series()

2026-06-09 04:39:41,089:WARNING:c:\Users\DELL\anaconda3\envs\p11_env\Lib\site-packages\yfinance\scrapers\history.py:396: FutureWarning: The default dtype for empty Series will be 'object' instead of 'float64' in a future version. Specify a dtype explicitly to silence this warning.
  self._capital_gains = pd.Series()

2026-06-09 04:39:41,140:WARNING:c:\Users\DELL\anaconda3\envs\p11_env\Lib\site-packages\yfinance\scrapers\history.py:396: FutureWarning: The default dtype for empty Series will be 'object' instead of 'float64' in a future version. Specify a dtype explicitly to silence this warning.
  self._capital_gains = pd.Series()

2026-06-09 04:39:41,207:WARNING:c:\Users\DELL\anaconda3\envs\p11_env\Lib\site-packages\yfinance\scrapers\history.py:396: FutureWarning: The default dtype for empty Series will be 'object' instead of 'float64' in a future version. Specify a dtype explicitly to silence this warning.
  self._capital_gains = pd.Series()

2026-06-09 04:39:41,389:WARNING:c:\Users\DELL\anaconda3\envs\p11_env\Lib\site-packages\yfinance\scrapers\history.py:396: FutureWarning: The default dtype for empty Series will be 'object' instead of 'float64' in a future version. Specify a dtype explicitly to silence this warning.
  self._capital_gains = pd.Series()

2026-06-09 04:39:41,543:WARNING:c:\Users\DELL\anaconda3\envs\p11_env\Lib\site-packages\yfinance\scrapers\history.py:396: FutureWarning: The default dtype for empty Series will be 'object' instead of 'float64' in a future version. Specify a dtype explicitly to silence this warning.
  self._capital_gains = pd.Series()

2026-06-09 04:39:41,684:WARNING:c:\Users\DELL\anaconda3\envs\p11_env\Lib\site-packages\yfinance\scrapers\history.py:396: FutureWarning: The default dtype for empty Series will be 'object' instead of 'float64' in a future version. Specify a dtype explicitly to silence this warning.
  self._capital_gains = pd.Series()

2026-06-09 04:39:41,829:WARNING:c:\Users\DELL\anaconda3\envs\p11_env\Lib\site-packages\yfinance\scrapers\history.py:396: FutureWarning: The default dtype for empty Series will be 'object' instead of 'float64' in a future version. Specify a dtype explicitly to silence this warning.
  self._capital_gains = pd.Series()

2026-06-09 04:39:41,893:WARNING:c:\Users\DELL\anaconda3\envs\p11_env\Lib\site-packages\yfinance\scrapers\history.py:396: FutureWarning: The default dtype for empty Series will be 'object' instead of 'float64' in a future version. Specify a dtype explicitly to silence this warning.
  self._capital_gains = pd.Series()

2026-06-09 04:39:42,023:WARNING:c:\Users\DELL\anaconda3\envs\p11_env\Lib\site-packages\yfinance\scrapers\history.py:396: FutureWarning: The default dtype for empty Series will be 'object' instead of 'float64' in a future version. Specify a dtype explicitly to silence this warning.
  self._capital_gains = pd.Series()

2026-06-09 04:39:42,153:WARNING:c:\Users\DELL\anaconda3\envs\p11_env\Lib\site-packages\yfinance\scrapers\history.py:396: FutureWarning: The default dtype for empty Series will be 'object' instead of 'float64' in a future version. Specify a dtype explicitly to silence this warning.
  self._capital_gains = pd.Series()

2026-06-09 04:39:42,346:WARNING:c:\Users\DELL\anaconda3\envs\p11_env\Lib\site-packages\yfinance\scrapers\history.py:396: FutureWarning: The default dtype for empty Series will be 'object' instead of 'float64' in a future version. Specify a dtype explicitly to silence this warning.
  self._capital_gains = pd.Series()

2026-06-09 04:39:42,526:WARNING:c:\Users\DELL\anaconda3\envs\p11_env\Lib\site-packages\yfinance\scrapers\history.py:396: FutureWarning: The default dtype for empty Series will be 'object' instead of 'float64' in a future version. Specify a dtype explicitly to silence this warning.
  self._capital_gains = pd.Series()

2026-06-09 04:39:42,660:WARNING:c:\Users\DELL\anaconda3\envs\p11_env\Lib\site-packages\yfinance\scrapers\history.py:396: FutureWarning: The default dtype for empty Series will be 'object' instead of 'float64' in a future version. Specify a dtype explicitly to silence this warning.
  self._capital_gains = pd.Series()

2026-06-09 04:39:42,801:WARNING:c:\Users\DELL\anaconda3\envs\p11_env\Lib\site-packages\yfinance\scrapers\history.py:396: FutureWarning: The default dtype for empty Series will be 'object' instead of 'float64' in a future version. Specify a dtype explicitly to silence this warning.
  self._capital_gains = pd.Series()

2026-06-09 04:39:43,011:WARNING:c:\Users\DELL\anaconda3\envs\p11_env\Lib\site-packages\yfinance\scrapers\history.py:396: FutureWarning: The default dtype for empty Series will be 'object' instead of 'float64' in a future version. Specify a dtype explicitly to silence this warning.
  self._capital_gains = pd.Series()

2026-06-09 04:39:43,022:WARNING:c:\Users\DELL\anaconda3\envs\p11_env\Lib\site-packages\yfinance\scrapers\history.py:396: FutureWarning: The default dtype for empty Series will be 'object' instead of 'float64' in a future version. Specify a dtype explicitly to silence this warning.
  self._capital_gains = pd.Series()

2026-06-09 04:39:43,223:WARNING:c:\Users\DELL\anaconda3\envs\p11_env\Lib\site-packages\yfinance\scrapers\history.py:396: FutureWarning: The default dtype for empty Series will be 'object' instead of 'float64' in a future version. Specify a dtype explicitly to silence this warning.
  self._capital_gains = pd.Series()

2026-06-09 04:39:43,321:WARNING:c:\Users\DELL\anaconda3\envs\p11_env\Lib\site-packages\yfinance\scrapers\history.py:396: FutureWarning: The default dtype for empty Series will be 'object' instead of 'float64' in a future version. Specify a dtype explicitly to silence this warning.
  self._capital_gains = pd.Series()

2026-06-09 04:39:43,623:WARNING:c:\Users\DELL\anaconda3\envs\p11_env\Lib\site-packages\yfinance\scrapers\history.py:396: FutureWarning: The default dtype for empty Series will be 'object' instead of 'float64' in a future version. Specify a dtype explicitly to silence this warning.
  self._capital_gains = pd.Series()

2026-06-09 04:39:43,752:WARNING:c:\Users\DELL\anaconda3\envs\p11_env\Lib\site-packages\yfinance\scrapers\history.py:396: FutureWarning: The default dtype for empty Series will be 'object' instead of 'float64' in a future version. Specify a dtype explicitly to silence this warning.
  self._capital_gains = pd.Series()

2026-06-09 04:39:43,877:WARNING:c:\Users\DELL\anaconda3\envs\p11_env\Lib\site-packages\yfinance\scrapers\history.py:396: FutureWarning: The default dtype for empty Series will be 'object' instead of 'float64' in a future version. Specify a dtype explicitly to silence this warning.
  self._capital_gains = pd.Series()

2026-06-09 04:39:44,024:WARNING:c:\Users\DELL\anaconda3\envs\p11_env\Lib\site-packages\yfinance\scrapers\history.py:396: FutureWarning: The default dtype for empty Series will be 'object' instead of 'float64' in a future version. Specify a dtype explicitly to silence this warning.
  self._capital_gains = pd.Series()

2026-06-09 04:39:44,237:WARNING:c:\Users\DELL\anaconda3\envs\p11_env\Lib\site-packages\yfinance\scrapers\history.py:396: FutureWarning: The default dtype for empty Series will be 'object' instead of 'float64' in a future version. Specify a dtype explicitly to silence this warning.
  self._capital_gains = pd.Series()

2026-06-09 04:39:44,254:WARNING:c:\Users\DELL\anaconda3\envs\p11_env\Lib\site-packages\yfinance\scrapers\history.py:396: FutureWarning: The default dtype for empty Series will be 'object' instead of 'float64' in a future version. Specify a dtype explicitly to silence this warning.
  self._capital_gains = pd.Series()

2026-06-09 04:39:44,306:WARNING:c:\Users\DELL\anaconda3\envs\p11_env\Lib\site-packages\yfinance\scrapers\history.py:396: FutureWarning: The default dtype for empty Series will be 'object' instead of 'float64' in a future version. Specify a dtype explicitly to silence this warning.
  self._capital_gains = pd.Series()

2026-06-09 04:39:44,471:WARNING:c:\Users\DELL\anaconda3\envs\p11_env\Lib\site-packages\yfinance\scrapers\history.py:396: FutureWarning: The default dtype for empty Series will be 'object' instead of 'float64' in a future version. Specify a dtype explicitly to silence this warning.
  self._capital_gains = pd.Series()

2026-06-09 04:39:44,587:WARNING:c:\Users\DELL\anaconda3\envs\p11_env\Lib\site-packages\yfinance\scrapers\history.py:396: FutureWarning: The default dtype for empty Series will be 'object' instead of 'float64' in a future version. Specify a dtype explicitly to silence this warning.
  self._capital_gains = pd.Series()

2026-06-09 04:39:44,690:WARNING:c:\Users\DELL\anaconda3\envs\p11_env\Lib\site-packages\yfinance\scrapers\history.py:396: FutureWarning: The default dtype for empty Series will be 'object' instead of 'float64' in a future version. Specify a dtype explicitly to silence this warning.
  self._capital_gains = pd.Series()

2026-06-09 04:41:20,763:WARNING:
'cuml' is a soft dependency and not included in the pycaret installation. Please run: `pip install cuml` to install.
2026-06-09 04:41:20,763:WARNING:
'cuml' is a soft dependency and not included in the pycaret installation. Please run: `pip install cuml` to install.
2026-06-09 04:41:20,763:WARNING:
'cuml' is a soft dependency and not included in the pycaret installation. Please run: `pip install cuml` to install.
2026-06-09 04:41:20,763:WARNING:
'cuml' is a soft dependency and not included in the pycaret installation. Please run: `pip install cuml` to install.
2026-06-09 04:41:26,768:WARNING:c:\Users\DELL\anaconda3\envs\p11_env\Lib\site-packages\yfinance\scrapers\history.py:396: FutureWarning: The default dtype for empty Series will be 'object' instead of 'float64' in a future version. Specify a dtype explicitly to silence this warning.
  self._capital_gains = pd.Series()

2026-06-09 04:41:27,177:WARNING:c:\Users\DELL\anaconda3\envs\p11_env\Lib\site-packages\yfinance\scrapers\history.py:396: FutureWarning: The default dtype for empty Series will be 'object' instead of 'float64' in a future version. Specify a dtype explicitly to silence this warning.
  self._capital_gains = pd.Series()

2026-06-09 04:41:27,270:WARNING:c:\Users\DELL\anaconda3\envs\p11_env\Lib\site-packages\yfinance\scrapers\history.py:396: FutureWarning: The default dtype for empty Series will be 'object' instead of 'float64' in a future version. Specify a dtype explicitly to silence this warning.
  self._capital_gains = pd.Series()

2026-06-09 04:41:27,501:WARNING:c:\Users\DELL\anaconda3\envs\p11_env\Lib\site-packages\yfinance\scrapers\history.py:396: FutureWarning: The default dtype for empty Series will be 'object' instead of 'float64' in a future version. Specify a dtype explicitly to silence this warning.
  self._capital_gains = pd.Series()

2026-06-09 04:41:27,822:WARNING:c:\Users\DELL\anaconda3\envs\p11_env\Lib\site-packages\yfinance\scrapers\history.py:396: FutureWarning: The default dtype for empty Series will be 'object' instead of 'float64' in a future version. Specify a dtype explicitly to silence this warning.
  self._capital_gains = pd.Series()

2026-06-09 04:41:27,881:WARNING:c:\Users\DELL\anaconda3\envs\p11_env\Lib\site-packages\yfinance\scrapers\history.py:396: FutureWarning: The default dtype for empty Series will be 'object' instead of 'float64' in a future version. Specify a dtype explicitly to silence this warning.
  self._capital_gains = pd.Series()

2026-06-09 04:41:27,918:WARNING:c:\Users\DELL\anaconda3\envs\p11_env\Lib\site-packages\yfinance\scrapers\history.py:396: FutureWarning: The default dtype for empty Series will be 'object' instead of 'float64' in a future version. Specify a dtype explicitly to silence this warning.
  self._capital_gains = pd.Series()

2026-06-09 04:41:28,427:WARNING:c:\Users\DELL\anaconda3\envs\p11_env\Lib\site-packages\yfinance\scrapers\history.py:396: FutureWarning: The default dtype for empty Series will be 'object' instead of 'float64' in a future version. Specify a dtype explicitly to silence this warning.
  self._capital_gains = pd.Series()

2026-06-09 04:41:28,546:WARNING:c:\Users\DELL\anaconda3\envs\p11_env\Lib\site-packages\yfinance\scrapers\history.py:396: FutureWarning: The default dtype for empty Series will be 'object' instead of 'float64' in a future version. Specify a dtype explicitly to silence this warning.
  self._capital_gains = pd.Series()

2026-06-09 04:41:29,136:WARNING:c:\Users\DELL\anaconda3\envs\p11_env\Lib\site-packages\yfinance\scrapers\history.py:396: FutureWarning: The default dtype for empty Series will be 'object' instead of 'float64' in a future version. Specify a dtype explicitly to silence this warning.
  self._capital_gains = pd.Series()

2026-06-09 04:41:29,544:WARNING:c:\Users\DELL\anaconda3\envs\p11_env\Lib\site-packages\yfinance\scrapers\history.py:396: FutureWarning: The default dtype for empty Series will be 'object' instead of 'float64' in a future version. Specify a dtype explicitly to silence this warning.
  self._capital_gains = pd.Series()

2026-06-09 04:41:29,585:WARNING:c:\Users\DELL\anaconda3\envs\p11_env\Lib\site-packages\yfinance\scrapers\history.py:396: FutureWarning: The default dtype for empty Series will be 'object' instead of 'float64' in a future version. Specify a dtype explicitly to silence this warning.
  self._capital_gains = pd.Series()

2026-06-09 04:41:30,169:WARNING:c:\Users\DELL\anaconda3\envs\p11_env\Lib\site-packages\yfinance\scrapers\history.py:396: FutureWarning: The default dtype for empty Series will be 'object' instead of 'float64' in a future version. Specify a dtype explicitly to silence this warning.
  self._capital_gains = pd.Series()

2026-06-09 04:41:30,707:WARNING:c:\Users\DELL\anaconda3\envs\p11_env\Lib\site-packages\yfinance\scrapers\history.py:396: FutureWarning: The default dtype for empty Series will be 'object' instead of 'float64' in a future version. Specify a dtype explicitly to silence this warning.
  self._capital_gains = pd.Series()

2026-06-09 04:41:31,307:WARNING:c:\Users\DELL\anaconda3\envs\p11_env\Lib\site-packages\yfinance\scrapers\history.py:396: FutureWarning: The default dtype for empty Series will be 'object' instead of 'float64' in a future version. Specify a dtype explicitly to silence this warning.
  self._capital_gains = pd.Series()

2026-06-09 04:41:31,631:WARNING:c:\Users\DELL\anaconda3\envs\p11_env\Lib\site-packages\yfinance\scrapers\history.py:396: FutureWarning: The default dtype for empty Series will be 'object' instead of 'float64' in a future version. Specify a dtype explicitly to silence this warning.
  self._capital_gains = pd.Series()

2026-06-09 04:41:31,638:WARNING:c:\Users\DELL\anaconda3\envs\p11_env\Lib\site-packages\yfinance\scrapers\history.py:396: FutureWarning: The default dtype for empty Series will be 'object' instead of 'float64' in a future version. Specify a dtype explicitly to silence this warning.
  self._capital_gains = pd.Series()

2026-06-09 04:41:32,091:WARNING:c:\Users\DELL\anaconda3\envs\p11_env\Lib\site-packages\yfinance\scrapers\history.py:396: FutureWarning: The default dtype for empty Series will be 'object' instead of 'float64' in a future version. Specify a dtype explicitly to silence this warning.
  self._capital_gains = pd.Series()

2026-06-09 04:41:32,322:WARNING:c:\Users\DELL\anaconda3\envs\p11_env\Lib\site-packages\yfinance\scrapers\history.py:396: FutureWarning: The default dtype for empty Series will be 'object' instead of 'float64' in a future version. Specify a dtype explicitly to silence this warning.
  self._capital_gains = pd.Series()

2026-06-09 04:41:32,470:WARNING:c:\Users\DELL\anaconda3\envs\p11_env\Lib\site-packages\yfinance\scrapers\history.py:396: FutureWarning: The default dtype for empty Series will be 'object' instead of 'float64' in a future version. Specify a dtype explicitly to silence this warning.
  self._capital_gains = pd.Series()

2026-06-09 04:41:32,658:WARNING:c:\Users\DELL\anaconda3\envs\p11_env\Lib\site-packages\yfinance\scrapers\history.py:396: FutureWarning: The default dtype for empty Series will be 'object' instead of 'float64' in a future version. Specify a dtype explicitly to silence this warning.
  self._capital_gains = pd.Series()

2026-06-09 04:41:32,898:WARNING:c:\Users\DELL\anaconda3\envs\p11_env\Lib\site-packages\yfinance\scrapers\history.py:396: FutureWarning: The default dtype for empty Series will be 'object' instead of 'float64' in a future version. Specify a dtype explicitly to silence this warning.
  self._capital_gains = pd.Series()

2026-06-09 04:41:33,090:WARNING:c:\Users\DELL\anaconda3\envs\p11_env\Lib\site-packages\yfinance\scrapers\history.py:396: FutureWarning: The default dtype for empty Series will be 'object' instead of 'float64' in a future version. Specify a dtype explicitly to silence this warning.
  self._capital_gains = pd.Series()

2026-06-09 04:41:33,548:WARNING:c:\Users\DELL\anaconda3\envs\p11_env\Lib\site-packages\yfinance\scrapers\history.py:396: FutureWarning: The default dtype for empty Series will be 'object' instead of 'float64' in a future version. Specify a dtype explicitly to silence this warning.
  self._capital_gains = pd.Series()

2026-06-09 04:41:33,706:WARNING:c:\Users\DELL\anaconda3\envs\p11_env\Lib\site-packages\yfinance\scrapers\history.py:396: FutureWarning: The default dtype for empty Series will be 'object' instead of 'float64' in a future version. Specify a dtype explicitly to silence this warning.
  self._capital_gains = pd.Series()

2026-06-09 04:41:33,789:WARNING:c:\Users\DELL\anaconda3\envs\p11_env\Lib\site-packages\yfinance\scrapers\history.py:396: FutureWarning: The default dtype for empty Series will be 'object' instead of 'float64' in a future version. Specify a dtype explicitly to silence this warning.
  self._capital_gains = pd.Series()

2026-06-09 04:41:34,239:WARNING:c:\Users\DELL\anaconda3\envs\p11_env\Lib\site-packages\yfinance\scrapers\history.py:396: FutureWarning: The default dtype for empty Series will be 'object' instead of 'float64' in a future version. Specify a dtype explicitly to silence this warning.
  self._capital_gains = pd.Series()

2026-06-09 04:41:34,635:WARNING:c:\Users\DELL\anaconda3\envs\p11_env\Lib\site-packages\yfinance\scrapers\history.py:396: FutureWarning: The default dtype for empty Series will be 'object' instead of 'float64' in a future version. Specify a dtype explicitly to silence this warning.
  self._capital_gains = pd.Series()

2026-06-09 04:41:34,744:WARNING:c:\Users\DELL\anaconda3\envs\p11_env\Lib\site-packages\yfinance\scrapers\history.py:396: FutureWarning: The default dtype for empty Series will be 'object' instead of 'float64' in a future version. Specify a dtype explicitly to silence this warning.
  self._capital_gains = pd.Series()

2026-06-09 04:41:34,760:WARNING:c:\Users\DELL\anaconda3\envs\p11_env\Lib\site-packages\yfinance\scrapers\history.py:396: FutureWarning: The default dtype for empty Series will be 'object' instead of 'float64' in a future version. Specify a dtype explicitly to silence this warning.
  self._capital_gains = pd.Series()

2026-06-09 04:41:35,324:WARNING:c:\Users\DELL\anaconda3\envs\p11_env\Lib\site-packages\yfinance\scrapers\history.py:396: FutureWarning: The default dtype for empty Series will be 'object' instead of 'float64' in a future version. Specify a dtype explicitly to silence this warning.
  self._capital_gains = pd.Series()

2026-06-09 04:41:54,012:INFO:PyCaret ClassificationExperiment
2026-06-09 04:41:54,012:INFO:Logging name: clf-default-name
2026-06-09 04:41:54,012:INFO:ML Usecase: MLUsecase.CLASSIFICATION
2026-06-09 04:41:54,012:INFO:version 3.2.0
2026-06-09 04:41:54,012:INFO:Initializing setup()
2026-06-09 04:41:54,012:INFO:self.USI: af37
2026-06-09 04:41:54,012:INFO:self._variable_keys: {'log_plots_param', 'target_param', 'gpu_n_jobs_param', '_available_plots', 'seed', 'USI', 'exp_name_log', '_ml_usecase', 'X', 'fold_generator', 'y', 'idx', 'X_train', 'is_multiclass', 'exp_id', 'y_train', 'X_test', 'y_test', 'fold_shuffle_param', 'n_jobs_param', 'gpu_param', 'logging_param', 'memory', 'fix_imbalance', 'pipeline', 'fold_groups_param', 'data', 'html_param'}
2026-06-09 04:41:54,012:INFO:Checking environment
2026-06-09 04:41:54,012:INFO:python_version: 3.11.15
2026-06-09 04:41:54,012:INFO:python_build: ('main', 'Mar 11 2026 17:12:15')
2026-06-09 04:41:54,012:INFO:machine: AMD64
2026-06-09 04:41:54,012:INFO:platform: Windows-10-10.0.26200-SP0
2026-06-09 04:41:54,012:INFO:Memory: svmem(total=16889192448, available=4183187456, percent=75.2, used=12706004992, free=4183187456)
2026-06-09 04:41:54,012:INFO:Physical Core: 4
2026-06-09 04:41:54,012:INFO:Logical Core: 8
2026-06-09 04:41:54,012:INFO:Checking libraries
2026-06-09 04:41:54,012:INFO:System:
2026-06-09 04:41:54,012:INFO:    python: 3.11.15 | packaged by Anaconda, Inc. | (main, Mar 11 2026, 17:12:15) [MSC v.1942 64 bit (AMD64)]
2026-06-09 04:41:54,012:INFO:executable: c:\Users\DELL\anaconda3\envs\p11_env\python.exe
2026-06-09 04:41:54,012:INFO:   machine: Windows-10-10.0.26200-SP0
2026-06-09 04:41:54,012:INFO:PyCaret required dependencies:
2026-06-09 04:41:54,012:WARNING:c:\Users\DELL\anaconda3\envs\p11_env\Lib\site-packages\_distutils_hack\__init__.py:30: UserWarning: Setuptools is replacing distutils. Support for replacing an already imported distutils is deprecated. In the future, this condition will fail. Register concerns at https://github.com/pypa/setuptools/issues/new?template=distutils-deprecation.yml
  warnings.warn(

2026-06-09 04:41:54,195:INFO:                 pip: 26.1.1
2026-06-09 04:41:54,195:INFO:          setuptools: 82.0.1
2026-06-09 04:41:54,195:INFO:             pycaret: 3.2.0
2026-06-09 04:41:54,195:INFO:             IPython: 9.14.1
2026-06-09 04:41:54,195:INFO:          ipywidgets: 8.1.8
2026-06-09 04:41:54,195:INFO:                tqdm: 4.68.1
2026-06-09 04:41:54,195:INFO:               numpy: 1.25.2
2026-06-09 04:41:54,195:INFO:              pandas: 1.5.3
2026-06-09 04:41:54,195:INFO:              jinja2: 3.1.6
2026-06-09 04:41:54,195:INFO:               scipy: 1.10.1
2026-06-09 04:41:54,195:INFO:              joblib: 1.2.0
2026-06-09 04:41:54,195:INFO:             sklearn: 1.2.2
2026-06-09 04:41:54,195:INFO:                pyod: 3.6.0
2026-06-09 04:41:54,195:INFO:            imblearn: 0.12.4
2026-06-09 04:41:54,195:INFO:   category_encoders: 2.7.0
2026-06-09 04:41:54,195:INFO:            lightgbm: 4.6.0
2026-06-09 04:41:54,195:INFO:               numba: 0.65.1
2026-06-09 04:41:54,195:INFO:            requests: 2.34.2
2026-06-09 04:41:54,195:INFO:          matplotlib: 3.7.5
2026-06-09 04:41:54,195:INFO:          scikitplot: 0.3.7
2026-06-09 04:41:54,195:INFO:         yellowbrick: 1.5
2026-06-09 04:41:54,195:INFO:              plotly: 6.8.0
2026-06-09 04:41:54,195:INFO:    plotly-resampler: Not installed
2026-06-09 04:41:54,195:INFO:             kaleido: 1.3.0
2026-06-09 04:41:54,195:INFO:           schemdraw: 0.15
2026-06-09 04:41:54,195:INFO:         statsmodels: 0.14.6
2026-06-09 04:41:54,195:INFO:              sktime: 0.21.1
2026-06-09 04:41:54,195:INFO:               tbats: 1.1.3
2026-06-09 04:41:54,195:INFO:            pmdarima: 2.0.4
2026-06-09 04:41:54,195:INFO:              psutil: 7.2.2
2026-06-09 04:41:54,195:INFO:          markupsafe: 3.0.3
2026-06-09 04:41:54,195:INFO:             pickle5: Not installed
2026-06-09 04:41:54,195:INFO:         cloudpickle: 3.1.2
2026-06-09 04:41:54,195:INFO:         deprecation: 2.1.0
2026-06-09 04:41:54,195:INFO:              xxhash: 3.7.0
2026-06-09 04:41:54,195:INFO:           wurlitzer: Not installed
2026-06-09 04:41:54,195:INFO:PyCaret optional dependencies:
2026-06-09 04:41:54,280:INFO:                shap: 0.51.0
2026-06-09 04:41:54,280:INFO:           interpret: Not installed
2026-06-09 04:41:54,280:INFO:                umap: 0.5.12
2026-06-09 04:41:54,280:INFO:     ydata_profiling: Not installed
2026-06-09 04:41:54,280:INFO:  explainerdashboard: Not installed
2026-06-09 04:41:54,280:INFO:             autoviz: Not installed
2026-06-09 04:41:54,280:INFO:           fairlearn: Not installed
2026-06-09 04:41:54,280:INFO:          deepchecks: Not installed
2026-06-09 04:41:54,280:INFO:             xgboost: 3.2.0
2026-06-09 04:41:54,280:INFO:            catboost: 1.2.10
2026-06-09 04:41:54,280:INFO:              kmodes: 0.12.2
2026-06-09 04:41:54,280:INFO:             mlxtend: 0.24.0
2026-06-09 04:41:54,280:INFO:       statsforecast: Not installed
2026-06-09 04:41:54,280:INFO:        tune_sklearn: Not installed
2026-06-09 04:41:54,280:INFO:                 ray: Not installed
2026-06-09 04:41:54,280:INFO:            hyperopt: Not installed
2026-06-09 04:41:54,280:INFO:              optuna: 4.9.0
2026-06-09 04:41:54,280:INFO:               skopt: Not installed
2026-06-09 04:41:54,280:INFO:              mlflow: 3.13.0
2026-06-09 04:41:54,280:INFO:              gradio: Not installed
2026-06-09 04:41:54,280:INFO:             fastapi: 0.136.3
2026-06-09 04:41:54,280:INFO:             uvicorn: 0.49.0
2026-06-09 04:41:54,280:INFO:              m2cgen: Not installed
2026-06-09 04:41:54,280:INFO:           evidently: Not installed
2026-06-09 04:41:54,280:INFO:               fugue: Not installed
2026-06-09 04:41:54,280:INFO:           streamlit: 1.58.0
2026-06-09 04:41:54,280:INFO:             prophet: Not installed
2026-06-09 04:41:54,280:INFO:None
2026-06-09 04:41:54,280:INFO:Set up data.
2026-06-09 04:41:54,627:INFO:Set up folding strategy.
2026-06-09 04:41:54,627:INFO:Set up train/test split.
2026-06-09 04:41:55,144:INFO:Set up index.
2026-06-09 04:41:55,176:INFO:Assigning column types.
2026-06-09 04:41:55,639:INFO:Engine successfully changes for model 'lr' to 'sklearn'.
2026-06-09 04:41:55,740:INFO:Engine for model 'knn' has not been set explicitly, hence returning None.
2026-06-09 04:41:55,756:INFO:Engine for model 'rbfsvm' has not been set explicitly, hence returning None.
2026-06-09 04:41:55,831:INFO:Soft dependency imported: xgboost: 3.2.0
2026-06-09 04:41:55,848:INFO:Soft dependency imported: catboost: 1.2.10
2026-06-09 04:41:56,081:INFO:Engine for model 'knn' has not been set explicitly, hence returning None.
2026-06-09 04:41:56,083:INFO:Engine for model 'rbfsvm' has not been set explicitly, hence returning None.
2026-06-09 04:41:56,177:INFO:Soft dependency imported: xgboost: 3.2.0
2026-06-09 04:41:56,183:INFO:Soft dependency imported: catboost: 1.2.10
2026-06-09 04:41:56,185:INFO:Engine successfully changes for model 'knn' to 'sklearn'.
2026-06-09 04:41:56,310:INFO:Engine for model 'rbfsvm' has not been set explicitly, hence returning None.
2026-06-09 04:41:56,359:INFO:Soft dependency imported: xgboost: 3.2.0
2026-06-09 04:41:56,376:INFO:Soft dependency imported: catboost: 1.2.10
2026-06-09 04:41:56,477:INFO:Engine for model 'rbfsvm' has not been set explicitly, hence returning None.
2026-06-09 04:41:56,537:INFO:Soft dependency imported: xgboost: 3.2.0
2026-06-09 04:41:56,544:INFO:Soft dependency imported: catboost: 1.2.10
2026-06-09 04:41:56,545:INFO:Engine successfully changes for model 'rbfsvm' to 'sklearn'.
2026-06-09 04:41:56,695:INFO:Soft dependency imported: xgboost: 3.2.0
2026-06-09 04:41:56,698:INFO:Soft dependency imported: catboost: 1.2.10
2026-06-09 04:41:56,824:INFO:Soft dependency imported: xgboost: 3.2.0
2026-06-09 04:41:56,824:INFO:Soft dependency imported: catboost: 1.2.10
2026-06-09 04:41:56,839:INFO:Preparing preprocessing pipeline...
2026-06-09 04:41:56,871:INFO:Set up simple imputation.
2026-06-09 04:41:56,871:INFO:Set up imbalanced handling.
2026-06-09 04:41:56,871:INFO:Set up column transformation.
2026-06-09 04:41:56,871:INFO:Set up feature normalization.
2026-06-09 04:42:08,208:WARNING:c:\Users\DELL\anaconda3\envs\p11_env\Lib\site-packages\numpy\core\_methods.py:176: RuntimeWarning: overflow encountered in multiply
  x = um.multiply(x, x, out=x)

2026-06-09 04:42:10,087:WARNING:c:\Users\DELL\anaconda3\envs\p11_env\Lib\site-packages\sklearn\preprocessing\_data.py:3256: RuntimeWarning: overflow encountered in power
  out[pos] = (np.power(x[pos] + 1, lmbda) - 1) / lmbda

2026-06-09 04:42:33,762:WARNING:c:\Users\DELL\anaconda3\envs\p11_env\Lib\site-packages\numpy\core\_methods.py:187: RuntimeWarning: overflow encountered in reduce
  ret = umr_sum(x, axis, dtype, out, keepdims=keepdims, where=where)

2026-06-09 04:42:35,896:WARNING:c:\Users\DELL\anaconda3\envs\p11_env\Lib\site-packages\sklearn\preprocessing\_data.py:3260: RuntimeWarning: overflow encountered in power
  out[~pos] = -(np.power(-x[~pos] + 1, 2 - lmbda) - 1) / (2 - lmbda)

2026-06-09 04:42:51,410:WARNING:c:\Users\DELL\anaconda3\envs\p11_env\Lib\site-packages\sklearn\preprocessing\_data.py:3256: RuntimeWarning: overflow encountered in power
  out[pos] = (np.power(x[pos] + 1, lmbda) - 1) / lmbda

2026-06-09 04:45:48,193:INFO:PyCaret ClassificationExperiment
2026-06-09 04:45:48,193:INFO:Logging name: clf-default-name
2026-06-09 04:45:48,193:INFO:ML Usecase: MLUsecase.CLASSIFICATION
2026-06-09 04:45:48,194:INFO:version 3.2.0
2026-06-09 04:45:48,194:INFO:Initializing setup()
2026-06-09 04:45:48,194:INFO:self.USI: c3dc
2026-06-09 04:45:48,194:INFO:self._variable_keys: {'log_plots_param', 'target_param', 'gpu_n_jobs_param', '_available_plots', 'seed', 'USI', 'exp_name_log', '_ml_usecase', 'X', 'fold_generator', 'y', 'idx', 'X_train', 'is_multiclass', 'exp_id', 'y_train', 'X_test', 'y_test', 'fold_shuffle_param', 'n_jobs_param', 'gpu_param', 'logging_param', 'memory', 'fix_imbalance', 'pipeline', 'fold_groups_param', 'data', 'html_param'}
2026-06-09 04:45:48,194:INFO:Checking environment
2026-06-09 04:45:48,194:INFO:python_version: 3.11.15
2026-06-09 04:45:48,194:INFO:python_build: ('main', 'Mar 11 2026 17:12:15')
2026-06-09 04:45:48,194:INFO:machine: AMD64
2026-06-09 04:45:48,194:INFO:platform: Windows-10-10.0.26200-SP0
2026-06-09 04:45:48,194:INFO:Memory: svmem(total=16889192448, available=4061331456, percent=76.0, used=12827860992, free=4061331456)
2026-06-09 04:45:48,194:INFO:Physical Core: 4
2026-06-09 04:45:48,194:INFO:Logical Core: 8
2026-06-09 04:45:48,195:INFO:Checking libraries
2026-06-09 04:45:48,195:INFO:System:
2026-06-09 04:45:48,195:INFO:    python: 3.11.15 | packaged by Anaconda, Inc. | (main, Mar 11 2026, 17:12:15) [MSC v.1942 64 bit (AMD64)]
2026-06-09 04:45:48,195:INFO:executable: c:\Users\DELL\anaconda3\envs\p11_env\python.exe
2026-06-09 04:45:48,195:INFO:   machine: Windows-10-10.0.26200-SP0
2026-06-09 04:45:48,195:INFO:PyCaret required dependencies:
2026-06-09 04:45:48,195:INFO:                 pip: 26.1.1
2026-06-09 04:45:48,195:INFO:          setuptools: 82.0.1
2026-06-09 04:45:48,195:INFO:             pycaret: 3.2.0
2026-06-09 04:45:48,195:INFO:             IPython: 9.14.1
2026-06-09 04:45:48,195:INFO:          ipywidgets: 8.1.8
2026-06-09 04:45:48,195:INFO:                tqdm: 4.68.1
2026-06-09 04:45:48,195:INFO:               numpy: 1.25.2
2026-06-09 04:45:48,195:INFO:              pandas: 1.5.3
2026-06-09 04:45:48,195:INFO:              jinja2: 3.1.6
2026-06-09 04:45:48,195:INFO:               scipy: 1.10.1
2026-06-09 04:45:48,196:INFO:              joblib: 1.2.0
2026-06-09 04:45:48,196:INFO:             sklearn: 1.2.2
2026-06-09 04:45:48,196:INFO:                pyod: 3.6.0
2026-06-09 04:45:48,196:INFO:            imblearn: 0.12.4
2026-06-09 04:45:48,197:INFO:   category_encoders: 2.7.0
2026-06-09 04:45:48,197:INFO:            lightgbm: 4.6.0
2026-06-09 04:45:48,197:INFO:               numba: 0.65.1
2026-06-09 04:45:48,197:INFO:            requests: 2.34.2
2026-06-09 04:45:48,197:INFO:          matplotlib: 3.7.5
2026-06-09 04:45:48,197:INFO:          scikitplot: 0.3.7
2026-06-09 04:45:48,197:INFO:         yellowbrick: 1.5
2026-06-09 04:45:48,197:INFO:              plotly: 6.8.0
2026-06-09 04:45:48,197:INFO:    plotly-resampler: Not installed
2026-06-09 04:45:48,197:INFO:             kaleido: 1.3.0
2026-06-09 04:45:48,197:INFO:           schemdraw: 0.15
2026-06-09 04:45:48,197:INFO:         statsmodels: 0.14.6
2026-06-09 04:45:48,197:INFO:              sktime: 0.21.1
2026-06-09 04:45:48,197:INFO:               tbats: 1.1.3
2026-06-09 04:45:48,197:INFO:            pmdarima: 2.0.4
2026-06-09 04:45:48,197:INFO:              psutil: 7.2.2
2026-06-09 04:45:48,197:INFO:          markupsafe: 3.0.3
2026-06-09 04:45:48,197:INFO:             pickle5: Not installed
2026-06-09 04:45:48,197:INFO:         cloudpickle: 3.1.2
2026-06-09 04:45:48,197:INFO:         deprecation: 2.1.0
2026-06-09 04:45:48,197:INFO:              xxhash: 3.7.0
2026-06-09 04:45:48,197:INFO:           wurlitzer: Not installed
2026-06-09 04:45:48,199:INFO:PyCaret optional dependencies:
2026-06-09 04:45:48,199:INFO:                shap: 0.51.0
2026-06-09 04:45:48,199:INFO:           interpret: Not installed
2026-06-09 04:45:48,199:INFO:                umap: 0.5.12
2026-06-09 04:45:48,199:INFO:     ydata_profiling: Not installed
2026-06-09 04:45:48,199:INFO:  explainerdashboard: Not installed
2026-06-09 04:45:48,199:INFO:             autoviz: Not installed
2026-06-09 04:45:48,199:INFO:           fairlearn: Not installed
2026-06-09 04:45:48,199:INFO:          deepchecks: Not installed
2026-06-09 04:45:48,200:INFO:             xgboost: 3.2.0
2026-06-09 04:45:48,200:INFO:            catboost: 1.2.10
2026-06-09 04:45:48,200:INFO:              kmodes: 0.12.2
2026-06-09 04:45:48,200:INFO:             mlxtend: 0.24.0
2026-06-09 04:45:48,200:INFO:       statsforecast: Not installed
2026-06-09 04:45:48,200:INFO:        tune_sklearn: Not installed
2026-06-09 04:45:48,200:INFO:                 ray: Not installed
2026-06-09 04:45:48,200:INFO:            hyperopt: Not installed
2026-06-09 04:45:48,200:INFO:              optuna: 4.9.0
2026-06-09 04:45:48,200:INFO:               skopt: Not installed
2026-06-09 04:45:48,200:INFO:              mlflow: 3.13.0
2026-06-09 04:45:48,201:INFO:              gradio: Not installed
2026-06-09 04:45:48,201:INFO:             fastapi: 0.136.3
2026-06-09 04:45:48,201:INFO:             uvicorn: 0.49.0
2026-06-09 04:45:48,201:INFO:              m2cgen: Not installed
2026-06-09 04:45:48,201:INFO:           evidently: Not installed
2026-06-09 04:45:48,201:INFO:               fugue: Not installed
2026-06-09 04:45:48,202:INFO:           streamlit: 1.58.0
2026-06-09 04:45:48,202:INFO:             prophet: Not installed
2026-06-09 04:45:48,202:INFO:None
2026-06-09 04:45:48,202:INFO:Set up data.
2026-06-09 04:45:48,464:INFO:Set up folding strategy.
2026-06-09 04:45:48,464:INFO:Set up train/test split.
2026-06-09 04:45:48,825:INFO:Set up index.
2026-06-09 04:45:48,838:INFO:Assigning column types.
2026-06-09 04:45:49,050:INFO:Engine successfully changes for model 'lr' to 'sklearn'.
2026-06-09 04:45:49,123:INFO:Engine for model 'knn' has not been set explicitly, hence returning None.
2026-06-09 04:45:49,126:INFO:Engine for model 'rbfsvm' has not been set explicitly, hence returning None.
2026-06-09 04:45:49,168:INFO:Soft dependency imported: xgboost: 3.2.0
2026-06-09 04:45:49,168:INFO:Soft dependency imported: catboost: 1.2.10
2026-06-09 04:45:49,230:INFO:Engine for model 'knn' has not been set explicitly, hence returning None.
2026-06-09 04:45:49,230:INFO:Engine for model 'rbfsvm' has not been set explicitly, hence returning None.
2026-06-09 04:45:49,266:INFO:Soft dependency imported: xgboost: 3.2.0
2026-06-09 04:45:49,267:INFO:Soft dependency imported: catboost: 1.2.10
2026-06-09 04:45:49,270:INFO:Engine successfully changes for model 'knn' to 'sklearn'.
2026-06-09 04:45:49,327:INFO:Engine for model 'rbfsvm' has not been set explicitly, hence returning None.
2026-06-09 04:45:49,361:INFO:Soft dependency imported: xgboost: 3.2.0
2026-06-09 04:45:49,366:INFO:Soft dependency imported: catboost: 1.2.10
2026-06-09 04:45:49,414:INFO:Engine for model 'rbfsvm' has not been set explicitly, hence returning None.
2026-06-09 04:45:49,457:INFO:Soft dependency imported: xgboost: 3.2.0
2026-06-09 04:45:49,461:INFO:Soft dependency imported: catboost: 1.2.10
2026-06-09 04:45:49,461:INFO:Engine successfully changes for model 'rbfsvm' to 'sklearn'.
2026-06-09 04:45:49,530:INFO:Soft dependency imported: xgboost: 3.2.0
2026-06-09 04:45:49,542:INFO:Soft dependency imported: catboost: 1.2.10
2026-06-09 04:45:49,631:INFO:Soft dependency imported: xgboost: 3.2.0
2026-06-09 04:45:49,631:INFO:Soft dependency imported: catboost: 1.2.10
2026-06-09 04:45:49,637:INFO:Preparing preprocessing pipeline...
2026-06-09 04:45:49,660:INFO:Set up simple imputation.
2026-06-09 04:45:49,660:INFO:Set up imbalanced handling.
2026-06-09 04:45:49,660:INFO:Set up feature normalization.
2026-06-09 04:45:50,347:INFO:Finished creating preprocessing pipeline.
2026-06-09 04:45:50,357:INFO:Pipeline: Pipeline(memory=FastMemory(location=C:\Users\DELL\AppData\Local\Temp\joblib),
         steps=[('numerical_imputer',
                 TransformerWrapper(exclude=None,
                                    include=['Open', 'High', 'Low', 'Close',
                                             'Volume', 'return_1d', 'return_3d',
                                             'return_5d', 'return_10d',
                                             'return_20d', 'log_return_1d',
                                             'log_return_5d', 'overnight_gap',
                                             'body_size', 'upper_shadow',
                                             'lower_shadow', 'hl_range',
                                             'clo...
                                                              strategy='most_frequent',
                                                              verbose='deprecated'))),
                ('balance',
                 TransformerWrapper(exclude=None, include=None,
                                    transformer=FixImbalancer(estimator=SMOTE(k_neighbors=5,
                                                                              n_jobs=None,
                                                                              random_state=40,
                                                                              sampling_strategy='auto')))),
                ('normalize',
                 TransformerWrapper(exclude=None, include=None,
                                    transformer=StandardScaler(copy=True,
                                                               with_mean=True,
                                                               with_std=True)))],
         verbose=False)
2026-06-09 04:45:50,357:INFO:Creating final display dataframe.
2026-06-09 04:45:52,063:INFO:Setup _display_container:                     Description             Value
0                    Session id                40
1                        Target            target
2                   Target type            Binary
3           Original data shape      (236783, 84)
4        Transformed data shape      (336639, 84)
5   Transformed train set shape      (265604, 84)
6    Transformed test set shape       (71035, 84)
7              Numeric features                83
8                    Preprocess              True
9               Imputation type            simple
10           Numeric imputation              mean
11       Categorical imputation              mode
12                Fix imbalance              True
13         Fix imbalance method             SMOTE
14                    Normalize              True
15             Normalize method            zscore
16               Fold Generator   StratifiedKFold
17                  Fold Number                10
18                     CPU Jobs                -1
19                      Use GPU             False
20               Log Experiment             False
21              Experiment Name  clf-default-name
22                          USI              c3dc
2026-06-09 04:45:52,150:INFO:Soft dependency imported: xgboost: 3.2.0
2026-06-09 04:45:52,163:INFO:Soft dependency imported: catboost: 1.2.10
2026-06-09 04:45:52,232:INFO:Soft dependency imported: xgboost: 3.2.0
2026-06-09 04:45:52,232:INFO:Soft dependency imported: catboost: 1.2.10
2026-06-09 04:45:52,232:INFO:setup() successfully completed in 4.05s...............
2026-06-09 04:45:52,232:INFO:Initializing compare_models()
2026-06-09 04:45:52,232:INFO:compare_models(self=<pycaret.classification.oop.ClassificationExperiment object at 0x000001AB86490B10>, include=None, exclude=None, fold=None, round=4, cross_validation=True, sort=Accuracy, n_select=1, budget_time=None, turbo=True, errors=ignore, fit_kwargs=None, groups=None, experiment_custom_tags=None, probability_threshold=None, verbose=True, parallel=None, caller_params={'self': <pycaret.classification.oop.ClassificationExperiment object at 0x000001AB86490B10>, 'include': None, 'exclude': None, 'fold': None, 'round': 4, 'cross_validation': True, 'sort': 'Accuracy', 'n_select': 1, 'budget_time': None, 'turbo': True, 'errors': 'ignore', 'fit_kwargs': None, 'groups': None, 'experiment_custom_tags': None, 'probability_threshold': None, 'engine': None, 'verbose': True, 'parallel': None, '__class__': <class 'pycaret.classification.oop.ClassificationExperiment'>})
2026-06-09 04:45:52,232:INFO:Checking exceptions
2026-06-09 04:45:52,373:INFO:Preparing display monitor
2026-06-09 04:45:52,412:INFO:Initializing Logistic Regression
2026-06-09 04:45:52,412:INFO:Total runtime is 0.0 minutes
2026-06-09 04:45:52,416:INFO:SubProcess create_model() called ==================================
2026-06-09 04:45:52,417:INFO:Initializing create_model()
2026-06-09 04:45:52,417:INFO:create_model(self=<pycaret.classification.oop.ClassificationExperiment object at 0x000001AB86490B10>, estimator=lr, fold=StratifiedKFold(n_splits=10, random_state=None, shuffle=False), round=4, cross_validation=True, predict=True, fit_kwargs={}, groups=None, refit=False, probability_threshold=None, experiment_custom_tags=None, verbose=False, system=False, add_to_model_list=True, metrics=None, display=<pycaret.internal.display.display.CommonDisplay object at 0x000001AB86B859D0>, model_only=True, return_train_score=False, error_score=0.0, kwargs={})
2026-06-09 04:45:52,417:INFO:Checking exceptions
2026-06-09 04:45:52,417:INFO:Importing libraries
2026-06-09 04:45:52,417:INFO:Copying training dataset
2026-06-09 04:45:52,596:INFO:Defining folds
2026-06-09 04:45:52,596:INFO:Declaring metric variables
2026-06-09 04:45:52,610:INFO:Importing untrained model
2026-06-09 04:45:52,610:INFO:Logistic Regression Imported successfully
2026-06-09 04:45:52,620:INFO:Starting cross validation
2026-06-09 04:45:52,620:INFO:Cross validating with StratifiedKFold(n_splits=10, random_state=None, shuffle=False), n_jobs=-1
2026-06-09 04:46:00,270:WARNING:c:\Users\DELL\anaconda3\envs\p11_env\Lib\site-packages\_distutils_hack\__init__.py:30: UserWarning: Setuptools is replacing distutils. Support for replacing an already imported distutils is deprecated. In the future, this condition will fail. Register concerns at https://github.com/pypa/setuptools/issues/new?template=distutils-deprecation.yml
  warnings.warn(

2026-06-09 04:46:00,319:WARNING:c:\Users\DELL\anaconda3\envs\p11_env\Lib\site-packages\_distutils_hack\__init__.py:30: UserWarning: Setuptools is replacing distutils. Support for replacing an already imported distutils is deprecated. In the future, this condition will fail. Register concerns at https://github.com/pypa/setuptools/issues/new?template=distutils-deprecation.yml
  warnings.warn(

2026-06-09 04:46:00,393:WARNING:c:\Users\DELL\anaconda3\envs\p11_env\Lib\site-packages\_distutils_hack\__init__.py:30: UserWarning: Setuptools is replacing distutils. Support for replacing an already imported distutils is deprecated. In the future, this condition will fail. Register concerns at https://github.com/pypa/setuptools/issues/new?template=distutils-deprecation.yml
  warnings.warn(

2026-06-09 04:46:00,433:WARNING:c:\Users\DELL\anaconda3\envs\p11_env\Lib\site-packages\_distutils_hack\__init__.py:30: UserWarning: Setuptools is replacing distutils. Support for replacing an already imported distutils is deprecated. In the future, this condition will fail. Register concerns at https://github.com/pypa/setuptools/issues/new?template=distutils-deprecation.yml
  warnings.warn(

2026-06-09 04:46:00,483:WARNING:c:\Users\DELL\anaconda3\envs\p11_env\Lib\site-packages\_distutils_hack\__init__.py:30: UserWarning: Setuptools is replacing distutils. Support for replacing an already imported distutils is deprecated. In the future, this condition will fail. Register concerns at https://github.com/pypa/setuptools/issues/new?template=distutils-deprecation.yml
  warnings.warn(

2026-06-09 04:46:00,562:WARNING:c:\Users\DELL\anaconda3\envs\p11_env\Lib\site-packages\_distutils_hack\__init__.py:30: UserWarning: Setuptools is replacing distutils. Support for replacing an already imported distutils is deprecated. In the future, this condition will fail. Register concerns at https://github.com/pypa/setuptools/issues/new?template=distutils-deprecation.yml
  warnings.warn(

2026-06-09 04:46:00,585:WARNING:c:\Users\DELL\anaconda3\envs\p11_env\Lib\site-packages\_distutils_hack\__init__.py:30: UserWarning: Setuptools is replacing distutils. Support for replacing an already imported distutils is deprecated. In the future, this condition will fail. Register concerns at https://github.com/pypa/setuptools/issues/new?template=distutils-deprecation.yml
  warnings.warn(

2026-06-09 04:46:00,620:WARNING:c:\Users\DELL\anaconda3\envs\p11_env\Lib\site-packages\_distutils_hack\__init__.py:30: UserWarning: Setuptools is replacing distutils. Support for replacing an already imported distutils is deprecated. In the future, this condition will fail. Register concerns at https://github.com/pypa/setuptools/issues/new?template=distutils-deprecation.yml
  warnings.warn(

2026-06-09 04:49:59,396:INFO:Calculating mean and std
2026-06-09 04:49:59,396:INFO:Creating metrics dataframe
2026-06-09 04:49:59,396:INFO:Uploading results into container
2026-06-09 04:49:59,396:INFO:Uploading model into container now
2026-06-09 04:49:59,396:INFO:_master_model_container: 1
2026-06-09 04:49:59,396:INFO:_display_container: 2
2026-06-09 04:49:59,407:INFO:LogisticRegression(C=1.0, class_weight=None, dual=False, fit_intercept=True,
                   intercept_scaling=1, l1_ratio=None, max_iter=1000,
                   multi_class='auto', n_jobs=None, penalty='l2',
                   random_state=40, solver='lbfgs', tol=0.0001, verbose=0,
                   warm_start=False)
2026-06-09 04:49:59,407:INFO:create_model() successfully completed......................................
2026-06-09 04:49:59,568:INFO:SubProcess create_model() end ==================================
2026-06-09 04:49:59,568:INFO:Creating metrics dataframe
2026-06-09 04:49:59,581:INFO:Initializing K Neighbors Classifier
2026-06-09 04:49:59,581:INFO:Total runtime is 4.119490544001262 minutes
2026-06-09 04:49:59,581:INFO:SubProcess create_model() called ==================================
2026-06-09 04:49:59,581:INFO:Initializing create_model()
2026-06-09 04:49:59,581:INFO:create_model(self=<pycaret.classification.oop.ClassificationExperiment object at 0x000001AB86490B10>, estimator=knn, fold=StratifiedKFold(n_splits=10, random_state=None, shuffle=False), round=4, cross_validation=True, predict=True, fit_kwargs={}, groups=None, refit=False, probability_threshold=None, experiment_custom_tags=None, verbose=False, system=False, add_to_model_list=True, metrics=None, display=<pycaret.internal.display.display.CommonDisplay object at 0x000001AB86B859D0>, model_only=True, return_train_score=False, error_score=0.0, kwargs={})
2026-06-09 04:49:59,581:INFO:Checking exceptions
2026-06-09 04:49:59,581:INFO:Importing libraries
2026-06-09 04:49:59,581:INFO:Copying training dataset
2026-06-09 04:49:59,799:INFO:Defining folds
2026-06-09 04:49:59,799:INFO:Declaring metric variables
2026-06-09 04:49:59,803:INFO:Importing untrained model
2026-06-09 04:49:59,807:INFO:K Neighbors Classifier Imported successfully
2026-06-09 04:49:59,814:INFO:Starting cross validation
2026-06-09 04:49:59,814:INFO:Cross validating with StratifiedKFold(n_splits=10, random_state=None, shuffle=False), n_jobs=-1
2026-06-09 04:59:12,622:INFO:Calculating mean and std
2026-06-09 04:59:12,624:INFO:Creating metrics dataframe
2026-06-09 04:59:12,627:INFO:Uploading results into container
2026-06-09 04:59:12,627:INFO:Uploading model into container now
2026-06-09 04:59:12,627:INFO:_master_model_container: 2
2026-06-09 04:59:12,627:INFO:_display_container: 2
2026-06-09 04:59:12,627:INFO:KNeighborsClassifier(algorithm='auto', leaf_size=30, metric='minkowski',
                     metric_params=None, n_jobs=-1, n_neighbors=5, p=2,
                     weights='uniform')
2026-06-09 04:59:12,627:INFO:create_model() successfully completed......................................
2026-06-09 04:59:12,814:INFO:SubProcess create_model() end ==================================
2026-06-09 04:59:12,814:INFO:Creating metrics dataframe
2026-06-09 04:59:12,828:INFO:Initializing Naive Bayes
2026-06-09 04:59:12,828:INFO:Total runtime is 13.34026987950007 minutes
2026-06-09 04:59:12,828:INFO:SubProcess create_model() called ==================================
2026-06-09 04:59:12,828:INFO:Initializing create_model()
2026-06-09 04:59:12,828:INFO:create_model(self=<pycaret.classification.oop.ClassificationExperiment object at 0x000001AB86490B10>, estimator=nb, fold=StratifiedKFold(n_splits=10, random_state=None, shuffle=False), round=4, cross_validation=True, predict=True, fit_kwargs={}, groups=None, refit=False, probability_threshold=None, experiment_custom_tags=None, verbose=False, system=False, add_to_model_list=True, metrics=None, display=<pycaret.internal.display.display.CommonDisplay object at 0x000001AB86B859D0>, model_only=True, return_train_score=False, error_score=0.0, kwargs={})
2026-06-09 04:59:12,828:INFO:Checking exceptions
2026-06-09 04:59:12,828:INFO:Importing libraries
2026-06-09 04:59:12,828:INFO:Copying training dataset
2026-06-09 04:59:13,094:INFO:Defining folds
2026-06-09 04:59:13,094:INFO:Declaring metric variables
2026-06-09 04:59:13,100:INFO:Importing untrained model
2026-06-09 04:59:13,103:INFO:Naive Bayes Imported successfully
2026-06-09 04:59:13,111:INFO:Starting cross validation
2026-06-09 04:59:13,115:INFO:Cross validating with StratifiedKFold(n_splits=10, random_state=None, shuffle=False), n_jobs=-1
2026-06-09 05:00:13,530:INFO:Calculating mean and std
2026-06-09 05:00:13,530:INFO:Creating metrics dataframe
2026-06-09 05:00:13,539:INFO:Uploading results into container
2026-06-09 05:00:13,539:INFO:Uploading model into container now
2026-06-09 05:00:13,539:INFO:_master_model_container: 3
2026-06-09 05:00:13,539:INFO:_display_container: 2
2026-06-09 05:00:13,539:INFO:GaussianNB(priors=None, var_smoothing=1e-09)
2026-06-09 05:00:13,539:INFO:create_model() successfully completed......................................
2026-06-09 05:00:13,684:INFO:SubProcess create_model() end ==================================
2026-06-09 05:00:13,685:INFO:Creating metrics dataframe
2026-06-09 05:00:13,694:INFO:Initializing Decision Tree Classifier
2026-06-09 05:00:13,694:INFO:Total runtime is 14.3547004143397 minutes
2026-06-09 05:00:13,694:INFO:SubProcess create_model() called ==================================
2026-06-09 05:00:13,694:INFO:Initializing create_model()
2026-06-09 05:00:13,694:INFO:create_model(self=<pycaret.classification.oop.ClassificationExperiment object at 0x000001AB86490B10>, estimator=dt, fold=StratifiedKFold(n_splits=10, random_state=None, shuffle=False), round=4, cross_validation=True, predict=True, fit_kwargs={}, groups=None, refit=False, probability_threshold=None, experiment_custom_tags=None, verbose=False, system=False, add_to_model_list=True, metrics=None, display=<pycaret.internal.display.display.CommonDisplay object at 0x000001AB86B859D0>, model_only=True, return_train_score=False, error_score=0.0, kwargs={})
2026-06-09 05:00:13,694:INFO:Checking exceptions
2026-06-09 05:00:13,694:INFO:Importing libraries
2026-06-09 05:00:13,694:INFO:Copying training dataset
2026-06-09 05:00:13,923:INFO:Defining folds
2026-06-09 05:00:13,923:INFO:Declaring metric variables
2026-06-09 05:00:13,923:INFO:Importing untrained model
2026-06-09 05:00:13,935:INFO:Decision Tree Classifier Imported successfully
2026-06-09 05:00:13,939:INFO:Starting cross validation
2026-06-09 05:00:13,946:INFO:Cross validating with StratifiedKFold(n_splits=10, random_state=None, shuffle=False), n_jobs=-1
2026-06-09 05:04:35,034:INFO:Calculating mean and std
2026-06-09 05:04:35,034:INFO:Creating metrics dataframe
2026-06-09 05:04:35,034:INFO:Uploading results into container
2026-06-09 05:04:35,034:INFO:Uploading model into container now
2026-06-09 05:04:35,034:INFO:_master_model_container: 4
2026-06-09 05:04:35,034:INFO:_display_container: 2
2026-06-09 05:04:35,034:INFO:DecisionTreeClassifier(ccp_alpha=0.0, class_weight=None, criterion='gini',
                       max_depth=None, max_features=None, max_leaf_nodes=None,
                       min_impurity_decrease=0.0, min_samples_leaf=1,
                       min_samples_split=2, min_weight_fraction_leaf=0.0,
                       random_state=40, splitter='best')
2026-06-09 05:04:35,034:INFO:create_model() successfully completed......................................
2026-06-09 05:04:35,173:INFO:SubProcess create_model() end ==================================
2026-06-09 05:04:35,173:INFO:Creating metrics dataframe
2026-06-09 05:04:35,173:INFO:Initializing SVM - Linear Kernel
2026-06-09 05:04:35,173:INFO:Total runtime is 18.71267741918564 minutes
2026-06-09 05:04:35,185:INFO:SubProcess create_model() called ==================================
2026-06-09 05:04:35,185:INFO:Initializing create_model()
2026-06-09 05:04:35,185:INFO:create_model(self=<pycaret.classification.oop.ClassificationExperiment object at 0x000001AB86490B10>, estimator=svm, fold=StratifiedKFold(n_splits=10, random_state=None, shuffle=False), round=4, cross_validation=True, predict=True, fit_kwargs={}, groups=None, refit=False, probability_threshold=None, experiment_custom_tags=None, verbose=False, system=False, add_to_model_list=True, metrics=None, display=<pycaret.internal.display.display.CommonDisplay object at 0x000001AB86B859D0>, model_only=True, return_train_score=False, error_score=0.0, kwargs={})
2026-06-09 05:04:35,185:INFO:Checking exceptions
2026-06-09 05:04:35,185:INFO:Importing libraries
2026-06-09 05:04:35,185:INFO:Copying training dataset
2026-06-09 05:04:35,383:INFO:Defining folds
2026-06-09 05:04:35,383:INFO:Declaring metric variables
2026-06-09 05:04:35,383:INFO:Importing untrained model
2026-06-09 05:04:35,402:INFO:SVM - Linear Kernel Imported successfully
2026-06-09 05:04:35,402:INFO:Starting cross validation
2026-06-09 05:04:35,402:INFO:Cross validating with StratifiedKFold(n_splits=10, random_state=None, shuffle=False), n_jobs=-1
2026-06-09 05:05:29,914:WARNING:c:\Users\DELL\anaconda3\envs\p11_env\Lib\site-packages\pycaret\internal\metrics.py:190: FitFailedWarning: Metric 'make_scorer(roc_auc_score, needs_proba=True, error_score=0.0, average=weighted, multi_class=ovr)' failed and error score 0.0 has been returned instead. If this is a custom metric, this usually means that the error is in the metric code. Full exception below:
Traceback (most recent call last):
  File "c:\Users\DELL\anaconda3\envs\p11_env\Lib\site-packages\sklearn\metrics\_scorer.py", line 76, in _cached_call
    return cache[method]
           ~~~~~^^^^^^^^
KeyError: 'predict_proba'

During handling of the above exception, another exception occurred:

Traceback (most recent call last):
  File "c:\Users\DELL\anaconda3\envs\p11_env\Lib\site-packages\pycaret\internal\metrics.py", line 182, in _score
    return super()._score(
           ^^^^^^^^^^^^^^^
  File "c:\Users\DELL\anaconda3\envs\p11_env\Lib\site-packages\sklearn\metrics\_scorer.py", line 316, in _score
    y_pred = method_caller(clf, "predict_proba", X)
             ^^^^^^^^^^^^^^^^^^^^^^^^^^^^^^^^^^^^^^
  File "c:\Users\DELL\anaconda3\envs\p11_env\Lib\site-packages\sklearn\metrics\_scorer.py", line 78, in _cached_call
    result = getattr(estimator, method)(*args, **kwargs)
             ^^^^^^^^^^^^^^^^^^^^^^^^^^
  File "c:\Users\DELL\anaconda3\envs\p11_env\Lib\site-packages\pycaret\internal\pipeline.py", line 127, in __getattr__
    return getattr(self._final_estimator, name)
           ^^^^^^^^^^^^^^^^^^^^^^^^^^^^^^^^^^^^
  File "c:\Users\DELL\anaconda3\envs\p11_env\Lib\site-packages\sklearn\utils\_available_if.py", line 32, in __get__
    if not self.check(obj):
           ^^^^^^^^^^^^^^^
  File "c:\Users\DELL\anaconda3\envs\p11_env\Lib\site-packages\sklearn\linear_model\_stochastic_gradient.py", line 1235, in _check_proba
    raise AttributeError(
AttributeError: probability estimates are not available for loss='hinge'

  warnings.warn(

2026-06-09 05:05:30,242:WARNING:c:\Users\DELL\anaconda3\envs\p11_env\Lib\site-packages\pycaret\internal\metrics.py:190: FitFailedWarning: Metric 'make_scorer(roc_auc_score, needs_proba=True, error_score=0.0, average=weighted, multi_class=ovr)' failed and error score 0.0 has been returned instead. If this is a custom metric, this usually means that the error is in the metric code. Full exception below:
Traceback (most recent call last):
  File "c:\Users\DELL\anaconda3\envs\p11_env\Lib\site-packages\sklearn\metrics\_scorer.py", line 76, in _cached_call
    return cache[method]
           ~~~~~^^^^^^^^
KeyError: 'predict_proba'

During handling of the above exception, another exception occurred:

Traceback (most recent call last):
  File "c:\Users\DELL\anaconda3\envs\p11_env\Lib\site-packages\pycaret\internal\metrics.py", line 182, in _score
    return super()._score(
           ^^^^^^^^^^^^^^^
  File "c:\Users\DELL\anaconda3\envs\p11_env\Lib\site-packages\sklearn\metrics\_scorer.py", line 316, in _score
    y_pred = method_caller(clf, "predict_proba", X)
             ^^^^^^^^^^^^^^^^^^^^^^^^^^^^^^^^^^^^^^
  File "c:\Users\DELL\anaconda3\envs\p11_env\Lib\site-packages\sklearn\metrics\_scorer.py", line 78, in _cached_call
    result = getattr(estimator, method)(*args, **kwargs)
             ^^^^^^^^^^^^^^^^^^^^^^^^^^
  File "c:\Users\DELL\anaconda3\envs\p11_env\Lib\site-packages\pycaret\internal\pipeline.py", line 127, in __getattr__
    return getattr(self._final_estimator, name)
           ^^^^^^^^^^^^^^^^^^^^^^^^^^^^^^^^^^^^
  File "c:\Users\DELL\anaconda3\envs\p11_env\Lib\site-packages\sklearn\utils\_available_if.py", line 32, in __get__
    if not self.check(obj):
           ^^^^^^^^^^^^^^^
  File "c:\Users\DELL\anaconda3\envs\p11_env\Lib\site-packages\sklearn\linear_model\_stochastic_gradient.py", line 1235, in _check_proba
    raise AttributeError(
AttributeError: probability estimates are not available for loss='hinge'

  warnings.warn(

2026-06-09 05:05:30,453:WARNING:c:\Users\DELL\anaconda3\envs\p11_env\Lib\site-packages\pycaret\internal\metrics.py:190: FitFailedWarning: Metric 'make_scorer(roc_auc_score, needs_proba=True, error_score=0.0, average=weighted, multi_class=ovr)' failed and error score 0.0 has been returned instead. If this is a custom metric, this usually means that the error is in the metric code. Full exception below:
Traceback (most recent call last):
  File "c:\Users\DELL\anaconda3\envs\p11_env\Lib\site-packages\sklearn\metrics\_scorer.py", line 76, in _cached_call
    return cache[method]
           ~~~~~^^^^^^^^
KeyError: 'predict_proba'

During handling of the above exception, another exception occurred:

Traceback (most recent call last):
  File "c:\Users\DELL\anaconda3\envs\p11_env\Lib\site-packages\pycaret\internal\metrics.py", line 182, in _score
    return super()._score(
           ^^^^^^^^^^^^^^^
  File "c:\Users\DELL\anaconda3\envs\p11_env\Lib\site-packages\sklearn\metrics\_scorer.py", line 316, in _score
    y_pred = method_caller(clf, "predict_proba", X)
             ^^^^^^^^^^^^^^^^^^^^^^^^^^^^^^^^^^^^^^
  File "c:\Users\DELL\anaconda3\envs\p11_env\Lib\site-packages\sklearn\metrics\_scorer.py", line 78, in _cached_call
    result = getattr(estimator, method)(*args, **kwargs)
             ^^^^^^^^^^^^^^^^^^^^^^^^^^
  File "c:\Users\DELL\anaconda3\envs\p11_env\Lib\site-packages\pycaret\internal\pipeline.py", line 127, in __getattr__
    return getattr(self._final_estimator, name)
           ^^^^^^^^^^^^^^^^^^^^^^^^^^^^^^^^^^^^
  File "c:\Users\DELL\anaconda3\envs\p11_env\Lib\site-packages\sklearn\utils\_available_if.py", line 32, in __get__
    if not self.check(obj):
           ^^^^^^^^^^^^^^^
  File "c:\Users\DELL\anaconda3\envs\p11_env\Lib\site-packages\sklearn\linear_model\_stochastic_gradient.py", line 1235, in _check_proba
    raise AttributeError(
AttributeError: probability estimates are not available for loss='hinge'

  warnings.warn(

2026-06-09 05:05:30,634:WARNING:c:\Users\DELL\anaconda3\envs\p11_env\Lib\site-packages\pycaret\internal\metrics.py:190: FitFailedWarning: Metric 'make_scorer(roc_auc_score, needs_proba=True, error_score=0.0, average=weighted, multi_class=ovr)' failed and error score 0.0 has been returned instead. If this is a custom metric, this usually means that the error is in the metric code. Full exception below:
Traceback (most recent call last):
  File "c:\Users\DELL\anaconda3\envs\p11_env\Lib\site-packages\sklearn\metrics\_scorer.py", line 76, in _cached_call
    return cache[method]
           ~~~~~^^^^^^^^
KeyError: 'predict_proba'

During handling of the above exception, another exception occurred:

Traceback (most recent call last):
  File "c:\Users\DELL\anaconda3\envs\p11_env\Lib\site-packages\pycaret\internal\metrics.py", line 182, in _score
    return super()._score(
           ^^^^^^^^^^^^^^^
  File "c:\Users\DELL\anaconda3\envs\p11_env\Lib\site-packages\sklearn\metrics\_scorer.py", line 316, in _score
    y_pred = method_caller(clf, "predict_proba", X)
             ^^^^^^^^^^^^^^^^^^^^^^^^^^^^^^^^^^^^^^
  File "c:\Users\DELL\anaconda3\envs\p11_env\Lib\site-packages\sklearn\metrics\_scorer.py", line 78, in _cached_call
    result = getattr(estimator, method)(*args, **kwargs)
             ^^^^^^^^^^^^^^^^^^^^^^^^^^
  File "c:\Users\DELL\anaconda3\envs\p11_env\Lib\site-packages\pycaret\internal\pipeline.py", line 127, in __getattr__
    return getattr(self._final_estimator, name)
           ^^^^^^^^^^^^^^^^^^^^^^^^^^^^^^^^^^^^
  File "c:\Users\DELL\anaconda3\envs\p11_env\Lib\site-packages\sklearn\utils\_available_if.py", line 32, in __get__
    if not self.check(obj):
           ^^^^^^^^^^^^^^^
  File "c:\Users\DELL\anaconda3\envs\p11_env\Lib\site-packages\sklearn\linear_model\_stochastic_gradient.py", line 1235, in _check_proba
    raise AttributeError(
AttributeError: probability estimates are not available for loss='hinge'

  warnings.warn(

2026-06-09 05:05:31,011:WARNING:c:\Users\DELL\anaconda3\envs\p11_env\Lib\site-packages\pycaret\internal\metrics.py:190: FitFailedWarning: Metric 'make_scorer(roc_auc_score, needs_proba=True, error_score=0.0, average=weighted, multi_class=ovr)' failed and error score 0.0 has been returned instead. If this is a custom metric, this usually means that the error is in the metric code. Full exception below:
Traceback (most recent call last):
  File "c:\Users\DELL\anaconda3\envs\p11_env\Lib\site-packages\sklearn\metrics\_scorer.py", line 76, in _cached_call
    return cache[method]
           ~~~~~^^^^^^^^
KeyError: 'predict_proba'

During handling of the above exception, another exception occurred:

Traceback (most recent call last):
  File "c:\Users\DELL\anaconda3\envs\p11_env\Lib\site-packages\pycaret\internal\metrics.py", line 182, in _score
    return super()._score(
           ^^^^^^^^^^^^^^^
  File "c:\Users\DELL\anaconda3\envs\p11_env\Lib\site-packages\sklearn\metrics\_scorer.py", line 316, in _score
    y_pred = method_caller(clf, "predict_proba", X)
             ^^^^^^^^^^^^^^^^^^^^^^^^^^^^^^^^^^^^^^
  File "c:\Users\DELL\anaconda3\envs\p11_env\Lib\site-packages\sklearn\metrics\_scorer.py", line 78, in _cached_call
    result = getattr(estimator, method)(*args, **kwargs)
             ^^^^^^^^^^^^^^^^^^^^^^^^^^
  File "c:\Users\DELL\anaconda3\envs\p11_env\Lib\site-packages\pycaret\internal\pipeline.py", line 127, in __getattr__
    return getattr(self._final_estimator, name)
           ^^^^^^^^^^^^^^^^^^^^^^^^^^^^^^^^^^^^
  File "c:\Users\DELL\anaconda3\envs\p11_env\Lib\site-packages\sklearn\utils\_available_if.py", line 32, in __get__
    if not self.check(obj):
           ^^^^^^^^^^^^^^^
  File "c:\Users\DELL\anaconda3\envs\p11_env\Lib\site-packages\sklearn\linear_model\_stochastic_gradient.py", line 1235, in _check_proba
    raise AttributeError(
AttributeError: probability estimates are not available for loss='hinge'

  warnings.warn(

2026-06-09 05:05:31,590:WARNING:c:\Users\DELL\anaconda3\envs\p11_env\Lib\site-packages\pycaret\internal\metrics.py:190: FitFailedWarning: Metric 'make_scorer(roc_auc_score, needs_proba=True, error_score=0.0, average=weighted, multi_class=ovr)' failed and error score 0.0 has been returned instead. If this is a custom metric, this usually means that the error is in the metric code. Full exception below:
Traceback (most recent call last):
  File "c:\Users\DELL\anaconda3\envs\p11_env\Lib\site-packages\sklearn\metrics\_scorer.py", line 76, in _cached_call
    return cache[method]
           ~~~~~^^^^^^^^
KeyError: 'predict_proba'

During handling of the above exception, another exception occurred:

Traceback (most recent call last):
  File "c:\Users\DELL\anaconda3\envs\p11_env\Lib\site-packages\pycaret\internal\metrics.py", line 182, in _score
    return super()._score(
           ^^^^^^^^^^^^^^^
  File "c:\Users\DELL\anaconda3\envs\p11_env\Lib\site-packages\sklearn\metrics\_scorer.py", line 316, in _score
    y_pred = method_caller(clf, "predict_proba", X)
             ^^^^^^^^^^^^^^^^^^^^^^^^^^^^^^^^^^^^^^
  File "c:\Users\DELL\anaconda3\envs\p11_env\Lib\site-packages\sklearn\metrics\_scorer.py", line 78, in _cached_call
    result = getattr(estimator, method)(*args, **kwargs)
             ^^^^^^^^^^^^^^^^^^^^^^^^^^
  File "c:\Users\DELL\anaconda3\envs\p11_env\Lib\site-packages\pycaret\internal\pipeline.py", line 127, in __getattr__
    return getattr(self._final_estimator, name)
           ^^^^^^^^^^^^^^^^^^^^^^^^^^^^^^^^^^^^
  File "c:\Users\DELL\anaconda3\envs\p11_env\Lib\site-packages\sklearn\utils\_available_if.py", line 32, in __get__
    if not self.check(obj):
           ^^^^^^^^^^^^^^^
  File "c:\Users\DELL\anaconda3\envs\p11_env\Lib\site-packages\sklearn\linear_model\_stochastic_gradient.py", line 1235, in _check_proba
    raise AttributeError(
AttributeError: probability estimates are not available for loss='hinge'

  warnings.warn(

2026-06-09 05:05:32,220:WARNING:c:\Users\DELL\anaconda3\envs\p11_env\Lib\site-packages\pycaret\internal\metrics.py:190: FitFailedWarning: Metric 'make_scorer(roc_auc_score, needs_proba=True, error_score=0.0, average=weighted, multi_class=ovr)' failed and error score 0.0 has been returned instead. If this is a custom metric, this usually means that the error is in the metric code. Full exception below:
Traceback (most recent call last):
  File "c:\Users\DELL\anaconda3\envs\p11_env\Lib\site-packages\sklearn\metrics\_scorer.py", line 76, in _cached_call
    return cache[method]
           ~~~~~^^^^^^^^
KeyError: 'predict_proba'

During handling of the above exception, another exception occurred:

Traceback (most recent call last):
  File "c:\Users\DELL\anaconda3\envs\p11_env\Lib\site-packages\pycaret\internal\metrics.py", line 182, in _score
    return super()._score(
           ^^^^^^^^^^^^^^^
  File "c:\Users\DELL\anaconda3\envs\p11_env\Lib\site-packages\sklearn\metrics\_scorer.py", line 316, in _score
    y_pred = method_caller(clf, "predict_proba", X)
             ^^^^^^^^^^^^^^^^^^^^^^^^^^^^^^^^^^^^^^
  File "c:\Users\DELL\anaconda3\envs\p11_env\Lib\site-packages\sklearn\metrics\_scorer.py", line 78, in _cached_call
    result = getattr(estimator, method)(*args, **kwargs)
             ^^^^^^^^^^^^^^^^^^^^^^^^^^
  File "c:\Users\DELL\anaconda3\envs\p11_env\Lib\site-packages\pycaret\internal\pipeline.py", line 127, in __getattr__
    return getattr(self._final_estimator, name)
           ^^^^^^^^^^^^^^^^^^^^^^^^^^^^^^^^^^^^
  File "c:\Users\DELL\anaconda3\envs\p11_env\Lib\site-packages\sklearn\utils\_available_if.py", line 32, in __get__
    if not self.check(obj):
           ^^^^^^^^^^^^^^^
  File "c:\Users\DELL\anaconda3\envs\p11_env\Lib\site-packages\sklearn\linear_model\_stochastic_gradient.py", line 1235, in _check_proba
    raise AttributeError(
AttributeError: probability estimates are not available for loss='hinge'

  warnings.warn(

2026-06-09 05:05:32,720:WARNING:c:\Users\DELL\anaconda3\envs\p11_env\Lib\site-packages\pycaret\internal\metrics.py:190: FitFailedWarning: Metric 'make_scorer(roc_auc_score, needs_proba=True, error_score=0.0, average=weighted, multi_class=ovr)' failed and error score 0.0 has been returned instead. If this is a custom metric, this usually means that the error is in the metric code. Full exception below:
Traceback (most recent call last):
  File "c:\Users\DELL\anaconda3\envs\p11_env\Lib\site-packages\sklearn\metrics\_scorer.py", line 76, in _cached_call
    return cache[method]
           ~~~~~^^^^^^^^
KeyError: 'predict_proba'

During handling of the above exception, another exception occurred:

Traceback (most recent call last):
  File "c:\Users\DELL\anaconda3\envs\p11_env\Lib\site-packages\pycaret\internal\metrics.py", line 182, in _score
    return super()._score(
           ^^^^^^^^^^^^^^^
  File "c:\Users\DELL\anaconda3\envs\p11_env\Lib\site-packages\sklearn\metrics\_scorer.py", line 316, in _score
    y_pred = method_caller(clf, "predict_proba", X)
             ^^^^^^^^^^^^^^^^^^^^^^^^^^^^^^^^^^^^^^
  File "c:\Users\DELL\anaconda3\envs\p11_env\Lib\site-packages\sklearn\metrics\_scorer.py", line 78, in _cached_call
    result = getattr(estimator, method)(*args, **kwargs)
             ^^^^^^^^^^^^^^^^^^^^^^^^^^
  File "c:\Users\DELL\anaconda3\envs\p11_env\Lib\site-packages\pycaret\internal\pipeline.py", line 127, in __getattr__
    return getattr(self._final_estimator, name)
           ^^^^^^^^^^^^^^^^^^^^^^^^^^^^^^^^^^^^
  File "c:\Users\DELL\anaconda3\envs\p11_env\Lib\site-packages\sklearn\utils\_available_if.py", line 32, in __get__
    if not self.check(obj):
           ^^^^^^^^^^^^^^^
  File "c:\Users\DELL\anaconda3\envs\p11_env\Lib\site-packages\sklearn\linear_model\_stochastic_gradient.py", line 1235, in _check_proba
    raise AttributeError(
AttributeError: probability estimates are not available for loss='hinge'

  warnings.warn(

2026-06-09 05:05:51,408:WARNING:c:\Users\DELL\anaconda3\envs\p11_env\Lib\site-packages\pycaret\internal\metrics.py:190: FitFailedWarning: Metric 'make_scorer(roc_auc_score, needs_proba=True, error_score=0.0, average=weighted, multi_class=ovr)' failed and error score 0.0 has been returned instead. If this is a custom metric, this usually means that the error is in the metric code. Full exception below:
Traceback (most recent call last):
  File "c:\Users\DELL\anaconda3\envs\p11_env\Lib\site-packages\sklearn\metrics\_scorer.py", line 76, in _cached_call
    return cache[method]
           ~~~~~^^^^^^^^
KeyError: 'predict_proba'

During handling of the above exception, another exception occurred:

Traceback (most recent call last):
  File "c:\Users\DELL\anaconda3\envs\p11_env\Lib\site-packages\pycaret\internal\metrics.py", line 182, in _score
    return super()._score(
           ^^^^^^^^^^^^^^^
  File "c:\Users\DELL\anaconda3\envs\p11_env\Lib\site-packages\sklearn\metrics\_scorer.py", line 316, in _score
    y_pred = method_caller(clf, "predict_proba", X)
             ^^^^^^^^^^^^^^^^^^^^^^^^^^^^^^^^^^^^^^
  File "c:\Users\DELL\anaconda3\envs\p11_env\Lib\site-packages\sklearn\metrics\_scorer.py", line 78, in _cached_call
    result = getattr(estimator, method)(*args, **kwargs)
             ^^^^^^^^^^^^^^^^^^^^^^^^^^
  File "c:\Users\DELL\anaconda3\envs\p11_env\Lib\site-packages\pycaret\internal\pipeline.py", line 127, in __getattr__
    return getattr(self._final_estimator, name)
           ^^^^^^^^^^^^^^^^^^^^^^^^^^^^^^^^^^^^
  File "c:\Users\DELL\anaconda3\envs\p11_env\Lib\site-packages\sklearn\utils\_available_if.py", line 32, in __get__
    if not self.check(obj):
           ^^^^^^^^^^^^^^^
  File "c:\Users\DELL\anaconda3\envs\p11_env\Lib\site-packages\sklearn\linear_model\_stochastic_gradient.py", line 1235, in _check_proba
    raise AttributeError(
AttributeError: probability estimates are not available for loss='hinge'

  warnings.warn(

2026-06-09 05:05:51,865:WARNING:c:\Users\DELL\anaconda3\envs\p11_env\Lib\site-packages\pycaret\internal\metrics.py:190: FitFailedWarning: Metric 'make_scorer(roc_auc_score, needs_proba=True, error_score=0.0, average=weighted, multi_class=ovr)' failed and error score 0.0 has been returned instead. If this is a custom metric, this usually means that the error is in the metric code. Full exception below:
Traceback (most recent call last):
  File "c:\Users\DELL\anaconda3\envs\p11_env\Lib\site-packages\sklearn\metrics\_scorer.py", line 76, in _cached_call
    return cache[method]
           ~~~~~^^^^^^^^
KeyError: 'predict_proba'

During handling of the above exception, another exception occurred:

Traceback (most recent call last):
  File "c:\Users\DELL\anaconda3\envs\p11_env\Lib\site-packages\pycaret\internal\metrics.py", line 182, in _score
    return super()._score(
           ^^^^^^^^^^^^^^^
  File "c:\Users\DELL\anaconda3\envs\p11_env\Lib\site-packages\sklearn\metrics\_scorer.py", line 316, in _score
    y_pred = method_caller(clf, "predict_proba", X)
             ^^^^^^^^^^^^^^^^^^^^^^^^^^^^^^^^^^^^^^
  File "c:\Users\DELL\anaconda3\envs\p11_env\Lib\site-packages\sklearn\metrics\_scorer.py", line 78, in _cached_call
    result = getattr(estimator, method)(*args, **kwargs)
             ^^^^^^^^^^^^^^^^^^^^^^^^^^
  File "c:\Users\DELL\anaconda3\envs\p11_env\Lib\site-packages\pycaret\internal\pipeline.py", line 127, in __getattr__
    return getattr(self._final_estimator, name)
           ^^^^^^^^^^^^^^^^^^^^^^^^^^^^^^^^^^^^
  File "c:\Users\DELL\anaconda3\envs\p11_env\Lib\site-packages\sklearn\utils\_available_if.py", line 32, in __get__
    if not self.check(obj):
           ^^^^^^^^^^^^^^^
  File "c:\Users\DELL\anaconda3\envs\p11_env\Lib\site-packages\sklearn\linear_model\_stochastic_gradient.py", line 1235, in _check_proba
    raise AttributeError(
AttributeError: probability estimates are not available for loss='hinge'

  warnings.warn(

2026-06-09 05:05:52,208:INFO:Calculating mean and std
2026-06-09 05:05:52,210:INFO:Creating metrics dataframe
2026-06-09 05:05:52,210:INFO:Uploading results into container
2026-06-09 05:05:52,210:INFO:Uploading model into container now
2026-06-09 05:05:52,210:INFO:_master_model_container: 5
2026-06-09 05:05:52,210:INFO:_display_container: 2
2026-06-09 05:05:52,210:INFO:SGDClassifier(alpha=0.0001, average=False, class_weight=None,
              early_stopping=False, epsilon=0.1, eta0=0.001, fit_intercept=True,
              l1_ratio=0.15, learning_rate='optimal', loss='hinge',
              max_iter=1000, n_iter_no_change=5, n_jobs=-1, penalty='l2',
              power_t=0.5, random_state=40, shuffle=True, tol=0.001,
              validation_fraction=0.1, verbose=0, warm_start=False)
2026-06-09 05:05:52,210:INFO:create_model() successfully completed......................................
2026-06-09 05:05:52,357:INFO:SubProcess create_model() end ==================================
2026-06-09 05:05:52,357:INFO:Creating metrics dataframe
2026-06-09 05:05:52,357:INFO:Initializing Ridge Classifier
2026-06-09 05:05:52,357:INFO:Total runtime is 19.9990864555041 minutes
2026-06-09 05:05:52,357:INFO:SubProcess create_model() called ==================================
2026-06-09 05:05:52,357:INFO:Initializing create_model()
2026-06-09 05:05:52,357:INFO:create_model(self=<pycaret.classification.oop.ClassificationExperiment object at 0x000001AB86490B10>, estimator=ridge, fold=StratifiedKFold(n_splits=10, random_state=None, shuffle=False), round=4, cross_validation=True, predict=True, fit_kwargs={}, groups=None, refit=False, probability_threshold=None, experiment_custom_tags=None, verbose=False, system=False, add_to_model_list=True, metrics=None, display=<pycaret.internal.display.display.CommonDisplay object at 0x000001AB86B859D0>, model_only=True, return_train_score=False, error_score=0.0, kwargs={})
2026-06-09 05:05:52,357:INFO:Checking exceptions
2026-06-09 05:05:52,357:INFO:Importing libraries
2026-06-09 05:05:52,357:INFO:Copying training dataset
2026-06-09 05:05:52,580:INFO:Defining folds
2026-06-09 05:05:52,580:INFO:Declaring metric variables
2026-06-09 05:05:52,591:INFO:Importing untrained model
2026-06-09 05:05:52,592:INFO:Ridge Classifier Imported successfully
2026-06-09 05:05:52,592:INFO:Starting cross validation
2026-06-09 05:05:52,602:INFO:Cross validating with StratifiedKFold(n_splits=10, random_state=None, shuffle=False), n_jobs=-1
2026-06-09 05:06:32,659:WARNING:c:\Users\DELL\anaconda3\envs\p11_env\Lib\site-packages\pycaret\internal\metrics.py:190: FitFailedWarning: Metric 'make_scorer(roc_auc_score, needs_proba=True, error_score=0.0, average=weighted, multi_class=ovr)' failed and error score 0.0 has been returned instead. If this is a custom metric, this usually means that the error is in the metric code. Full exception below:
Traceback (most recent call last):
  File "c:\Users\DELL\anaconda3\envs\p11_env\Lib\site-packages\sklearn\metrics\_scorer.py", line 76, in _cached_call
    return cache[method]
           ~~~~~^^^^^^^^
KeyError: 'predict_proba'

During handling of the above exception, another exception occurred:

Traceback (most recent call last):
  File "c:\Users\DELL\anaconda3\envs\p11_env\Lib\site-packages\pycaret\internal\metrics.py", line 182, in _score
    return super()._score(
           ^^^^^^^^^^^^^^^
  File "c:\Users\DELL\anaconda3\envs\p11_env\Lib\site-packages\sklearn\metrics\_scorer.py", line 316, in _score
    y_pred = method_caller(clf, "predict_proba", X)
             ^^^^^^^^^^^^^^^^^^^^^^^^^^^^^^^^^^^^^^
  File "c:\Users\DELL\anaconda3\envs\p11_env\Lib\site-packages\sklearn\metrics\_scorer.py", line 78, in _cached_call
    result = getattr(estimator, method)(*args, **kwargs)
             ^^^^^^^^^^^^^^^^^^^^^^^^^^
  File "c:\Users\DELL\anaconda3\envs\p11_env\Lib\site-packages\pycaret\internal\pipeline.py", line 127, in __getattr__
    return getattr(self._final_estimator, name)
           ^^^^^^^^^^^^^^^^^^^^^^^^^^^^^^^^^^^^
AttributeError: 'RidgeClassifier' object has no attribute 'predict_proba'

  warnings.warn(

2026-06-09 05:06:32,844:WARNING:c:\Users\DELL\anaconda3\envs\p11_env\Lib\site-packages\pycaret\internal\metrics.py:190: FitFailedWarning: Metric 'make_scorer(roc_auc_score, needs_proba=True, error_score=0.0, average=weighted, multi_class=ovr)' failed and error score 0.0 has been returned instead. If this is a custom metric, this usually means that the error is in the metric code. Full exception below:
Traceback (most recent call last):
  File "c:\Users\DELL\anaconda3\envs\p11_env\Lib\site-packages\sklearn\metrics\_scorer.py", line 76, in _cached_call
    return cache[method]
           ~~~~~^^^^^^^^
KeyError: 'predict_proba'

During handling of the above exception, another exception occurred:

Traceback (most recent call last):
  File "c:\Users\DELL\anaconda3\envs\p11_env\Lib\site-packages\pycaret\internal\metrics.py", line 182, in _score
    return super()._score(
           ^^^^^^^^^^^^^^^
  File "c:\Users\DELL\anaconda3\envs\p11_env\Lib\site-packages\sklearn\metrics\_scorer.py", line 316, in _score
    y_pred = method_caller(clf, "predict_proba", X)
             ^^^^^^^^^^^^^^^^^^^^^^^^^^^^^^^^^^^^^^
  File "c:\Users\DELL\anaconda3\envs\p11_env\Lib\site-packages\sklearn\metrics\_scorer.py", line 78, in _cached_call
    result = getattr(estimator, method)(*args, **kwargs)
             ^^^^^^^^^^^^^^^^^^^^^^^^^^
  File "c:\Users\DELL\anaconda3\envs\p11_env\Lib\site-packages\pycaret\internal\pipeline.py", line 127, in __getattr__
    return getattr(self._final_estimator, name)
           ^^^^^^^^^^^^^^^^^^^^^^^^^^^^^^^^^^^^
AttributeError: 'RidgeClassifier' object has no attribute 'predict_proba'

  warnings.warn(

2026-06-09 05:06:32,978:WARNING:c:\Users\DELL\anaconda3\envs\p11_env\Lib\site-packages\pycaret\internal\metrics.py:190: FitFailedWarning: Metric 'make_scorer(roc_auc_score, needs_proba=True, error_score=0.0, average=weighted, multi_class=ovr)' failed and error score 0.0 has been returned instead. If this is a custom metric, this usually means that the error is in the metric code. Full exception below:
Traceback (most recent call last):
  File "c:\Users\DELL\anaconda3\envs\p11_env\Lib\site-packages\sklearn\metrics\_scorer.py", line 76, in _cached_call
    return cache[method]
           ~~~~~^^^^^^^^
KeyError: 'predict_proba'

During handling of the above exception, another exception occurred:

Traceback (most recent call last):
  File "c:\Users\DELL\anaconda3\envs\p11_env\Lib\site-packages\pycaret\internal\metrics.py", line 182, in _score
    return super()._score(
           ^^^^^^^^^^^^^^^
  File "c:\Users\DELL\anaconda3\envs\p11_env\Lib\site-packages\sklearn\metrics\_scorer.py", line 316, in _score
    y_pred = method_caller(clf, "predict_proba", X)
             ^^^^^^^^^^^^^^^^^^^^^^^^^^^^^^^^^^^^^^
  File "c:\Users\DELL\anaconda3\envs\p11_env\Lib\site-packages\sklearn\metrics\_scorer.py", line 78, in _cached_call
    result = getattr(estimator, method)(*args, **kwargs)
             ^^^^^^^^^^^^^^^^^^^^^^^^^^
  File "c:\Users\DELL\anaconda3\envs\p11_env\Lib\site-packages\pycaret\internal\pipeline.py", line 127, in __getattr__
    return getattr(self._final_estimator, name)
           ^^^^^^^^^^^^^^^^^^^^^^^^^^^^^^^^^^^^
AttributeError: 'RidgeClassifier' object has no attribute 'predict_proba'

  warnings.warn(

2026-06-09 05:06:32,995:WARNING:c:\Users\DELL\anaconda3\envs\p11_env\Lib\site-packages\pycaret\internal\metrics.py:190: FitFailedWarning: Metric 'make_scorer(roc_auc_score, needs_proba=True, error_score=0.0, average=weighted, multi_class=ovr)' failed and error score 0.0 has been returned instead. If this is a custom metric, this usually means that the error is in the metric code. Full exception below:
Traceback (most recent call last):
  File "c:\Users\DELL\anaconda3\envs\p11_env\Lib\site-packages\sklearn\metrics\_scorer.py", line 76, in _cached_call
    return cache[method]
           ~~~~~^^^^^^^^
KeyError: 'predict_proba'

During handling of the above exception, another exception occurred:

Traceback (most recent call last):
  File "c:\Users\DELL\anaconda3\envs\p11_env\Lib\site-packages\pycaret\internal\metrics.py", line 182, in _score
    return super()._score(
           ^^^^^^^^^^^^^^^
  File "c:\Users\DELL\anaconda3\envs\p11_env\Lib\site-packages\sklearn\metrics\_scorer.py", line 316, in _score
    y_pred = method_caller(clf, "predict_proba", X)
             ^^^^^^^^^^^^^^^^^^^^^^^^^^^^^^^^^^^^^^
  File "c:\Users\DELL\anaconda3\envs\p11_env\Lib\site-packages\sklearn\metrics\_scorer.py", line 78, in _cached_call
    result = getattr(estimator, method)(*args, **kwargs)
             ^^^^^^^^^^^^^^^^^^^^^^^^^^
  File "c:\Users\DELL\anaconda3\envs\p11_env\Lib\site-packages\pycaret\internal\pipeline.py", line 127, in __getattr__
    return getattr(self._final_estimator, name)
           ^^^^^^^^^^^^^^^^^^^^^^^^^^^^^^^^^^^^
AttributeError: 'RidgeClassifier' object has no attribute 'predict_proba'

  warnings.warn(

2026-06-09 05:06:34,715:WARNING:c:\Users\DELL\anaconda3\envs\p11_env\Lib\site-packages\pycaret\internal\metrics.py:190: FitFailedWarning: Metric 'make_scorer(roc_auc_score, needs_proba=True, error_score=0.0, average=weighted, multi_class=ovr)' failed and error score 0.0 has been returned instead. If this is a custom metric, this usually means that the error is in the metric code. Full exception below:
Traceback (most recent call last):
  File "c:\Users\DELL\anaconda3\envs\p11_env\Lib\site-packages\sklearn\metrics\_scorer.py", line 76, in _cached_call
    return cache[method]
           ~~~~~^^^^^^^^
KeyError: 'predict_proba'

During handling of the above exception, another exception occurred:

Traceback (most recent call last):
  File "c:\Users\DELL\anaconda3\envs\p11_env\Lib\site-packages\pycaret\internal\metrics.py", line 182, in _score
    return super()._score(
           ^^^^^^^^^^^^^^^
  File "c:\Users\DELL\anaconda3\envs\p11_env\Lib\site-packages\sklearn\metrics\_scorer.py", line 316, in _score
    y_pred = method_caller(clf, "predict_proba", X)
             ^^^^^^^^^^^^^^^^^^^^^^^^^^^^^^^^^^^^^^
  File "c:\Users\DELL\anaconda3\envs\p11_env\Lib\site-packages\sklearn\metrics\_scorer.py", line 78, in _cached_call
    result = getattr(estimator, method)(*args, **kwargs)
             ^^^^^^^^^^^^^^^^^^^^^^^^^^
  File "c:\Users\DELL\anaconda3\envs\p11_env\Lib\site-packages\pycaret\internal\pipeline.py", line 127, in __getattr__
    return getattr(self._final_estimator, name)
           ^^^^^^^^^^^^^^^^^^^^^^^^^^^^^^^^^^^^
AttributeError: 'RidgeClassifier' object has no attribute 'predict_proba'

  warnings.warn(

2026-06-09 05:06:34,738:WARNING:c:\Users\DELL\anaconda3\envs\p11_env\Lib\site-packages\pycaret\internal\metrics.py:190: FitFailedWarning: Metric 'make_scorer(roc_auc_score, needs_proba=True, error_score=0.0, average=weighted, multi_class=ovr)' failed and error score 0.0 has been returned instead. If this is a custom metric, this usually means that the error is in the metric code. Full exception below:
Traceback (most recent call last):
  File "c:\Users\DELL\anaconda3\envs\p11_env\Lib\site-packages\sklearn\metrics\_scorer.py", line 76, in _cached_call
    return cache[method]
           ~~~~~^^^^^^^^
KeyError: 'predict_proba'

During handling of the above exception, another exception occurred:

Traceback (most recent call last):
  File "c:\Users\DELL\anaconda3\envs\p11_env\Lib\site-packages\pycaret\internal\metrics.py", line 182, in _score
    return super()._score(
           ^^^^^^^^^^^^^^^
  File "c:\Users\DELL\anaconda3\envs\p11_env\Lib\site-packages\sklearn\metrics\_scorer.py", line 316, in _score
    y_pred = method_caller(clf, "predict_proba", X)
             ^^^^^^^^^^^^^^^^^^^^^^^^^^^^^^^^^^^^^^
  File "c:\Users\DELL\anaconda3\envs\p11_env\Lib\site-packages\sklearn\metrics\_scorer.py", line 78, in _cached_call
    result = getattr(estimator, method)(*args, **kwargs)
             ^^^^^^^^^^^^^^^^^^^^^^^^^^
  File "c:\Users\DELL\anaconda3\envs\p11_env\Lib\site-packages\pycaret\internal\pipeline.py", line 127, in __getattr__
    return getattr(self._final_estimator, name)
           ^^^^^^^^^^^^^^^^^^^^^^^^^^^^^^^^^^^^
AttributeError: 'RidgeClassifier' object has no attribute 'predict_proba'

  warnings.warn(

2026-06-09 05:06:35,028:WARNING:c:\Users\DELL\anaconda3\envs\p11_env\Lib\site-packages\pycaret\internal\metrics.py:190: FitFailedWarning: Metric 'make_scorer(roc_auc_score, needs_proba=True, error_score=0.0, average=weighted, multi_class=ovr)' failed and error score 0.0 has been returned instead. If this is a custom metric, this usually means that the error is in the metric code. Full exception below:
Traceback (most recent call last):
  File "c:\Users\DELL\anaconda3\envs\p11_env\Lib\site-packages\sklearn\metrics\_scorer.py", line 76, in _cached_call
    return cache[method]
           ~~~~~^^^^^^^^
KeyError: 'predict_proba'

During handling of the above exception, another exception occurred:

Traceback (most recent call last):
  File "c:\Users\DELL\anaconda3\envs\p11_env\Lib\site-packages\pycaret\internal\metrics.py", line 182, in _score
    return super()._score(
           ^^^^^^^^^^^^^^^
  File "c:\Users\DELL\anaconda3\envs\p11_env\Lib\site-packages\sklearn\metrics\_scorer.py", line 316, in _score
    y_pred = method_caller(clf, "predict_proba", X)
             ^^^^^^^^^^^^^^^^^^^^^^^^^^^^^^^^^^^^^^
  File "c:\Users\DELL\anaconda3\envs\p11_env\Lib\site-packages\sklearn\metrics\_scorer.py", line 78, in _cached_call
    result = getattr(estimator, method)(*args, **kwargs)
             ^^^^^^^^^^^^^^^^^^^^^^^^^^
  File "c:\Users\DELL\anaconda3\envs\p11_env\Lib\site-packages\pycaret\internal\pipeline.py", line 127, in __getattr__
    return getattr(self._final_estimator, name)
           ^^^^^^^^^^^^^^^^^^^^^^^^^^^^^^^^^^^^
AttributeError: 'RidgeClassifier' object has no attribute 'predict_proba'

  warnings.warn(

2026-06-09 05:06:35,110:WARNING:c:\Users\DELL\anaconda3\envs\p11_env\Lib\site-packages\pycaret\internal\metrics.py:190: FitFailedWarning: Metric 'make_scorer(roc_auc_score, needs_proba=True, error_score=0.0, average=weighted, multi_class=ovr)' failed and error score 0.0 has been returned instead. If this is a custom metric, this usually means that the error is in the metric code. Full exception below:
Traceback (most recent call last):
  File "c:\Users\DELL\anaconda3\envs\p11_env\Lib\site-packages\sklearn\metrics\_scorer.py", line 76, in _cached_call
    return cache[method]
           ~~~~~^^^^^^^^
KeyError: 'predict_proba'

During handling of the above exception, another exception occurred:

Traceback (most recent call last):
  File "c:\Users\DELL\anaconda3\envs\p11_env\Lib\site-packages\pycaret\internal\metrics.py", line 182, in _score
    return super()._score(
           ^^^^^^^^^^^^^^^
  File "c:\Users\DELL\anaconda3\envs\p11_env\Lib\site-packages\sklearn\metrics\_scorer.py", line 316, in _score
    y_pred = method_caller(clf, "predict_proba", X)
             ^^^^^^^^^^^^^^^^^^^^^^^^^^^^^^^^^^^^^^
  File "c:\Users\DELL\anaconda3\envs\p11_env\Lib\site-packages\sklearn\metrics\_scorer.py", line 78, in _cached_call
    result = getattr(estimator, method)(*args, **kwargs)
             ^^^^^^^^^^^^^^^^^^^^^^^^^^
  File "c:\Users\DELL\anaconda3\envs\p11_env\Lib\site-packages\pycaret\internal\pipeline.py", line 127, in __getattr__
    return getattr(self._final_estimator, name)
           ^^^^^^^^^^^^^^^^^^^^^^^^^^^^^^^^^^^^
AttributeError: 'RidgeClassifier' object has no attribute 'predict_proba'

  warnings.warn(

2026-06-09 05:06:47,739:WARNING:c:\Users\DELL\anaconda3\envs\p11_env\Lib\site-packages\pycaret\internal\metrics.py:190: FitFailedWarning: Metric 'make_scorer(roc_auc_score, needs_proba=True, error_score=0.0, average=weighted, multi_class=ovr)' failed and error score 0.0 has been returned instead. If this is a custom metric, this usually means that the error is in the metric code. Full exception below:
Traceback (most recent call last):
  File "c:\Users\DELL\anaconda3\envs\p11_env\Lib\site-packages\sklearn\metrics\_scorer.py", line 76, in _cached_call
    return cache[method]
           ~~~~~^^^^^^^^
KeyError: 'predict_proba'

During handling of the above exception, another exception occurred:

Traceback (most recent call last):
  File "c:\Users\DELL\anaconda3\envs\p11_env\Lib\site-packages\pycaret\internal\metrics.py", line 182, in _score
    return super()._score(
           ^^^^^^^^^^^^^^^
  File "c:\Users\DELL\anaconda3\envs\p11_env\Lib\site-packages\sklearn\metrics\_scorer.py", line 316, in _score
    y_pred = method_caller(clf, "predict_proba", X)
             ^^^^^^^^^^^^^^^^^^^^^^^^^^^^^^^^^^^^^^
  File "c:\Users\DELL\anaconda3\envs\p11_env\Lib\site-packages\sklearn\metrics\_scorer.py", line 78, in _cached_call
    result = getattr(estimator, method)(*args, **kwargs)
             ^^^^^^^^^^^^^^^^^^^^^^^^^^
  File "c:\Users\DELL\anaconda3\envs\p11_env\Lib\site-packages\pycaret\internal\pipeline.py", line 127, in __getattr__
    return getattr(self._final_estimator, name)
           ^^^^^^^^^^^^^^^^^^^^^^^^^^^^^^^^^^^^
AttributeError: 'RidgeClassifier' object has no attribute 'predict_proba'

  warnings.warn(

2026-06-09 05:06:47,806:WARNING:c:\Users\DELL\anaconda3\envs\p11_env\Lib\site-packages\pycaret\internal\metrics.py:190: FitFailedWarning: Metric 'make_scorer(roc_auc_score, needs_proba=True, error_score=0.0, average=weighted, multi_class=ovr)' failed and error score 0.0 has been returned instead. If this is a custom metric, this usually means that the error is in the metric code. Full exception below:
Traceback (most recent call last):
  File "c:\Users\DELL\anaconda3\envs\p11_env\Lib\site-packages\sklearn\metrics\_scorer.py", line 76, in _cached_call
    return cache[method]
           ~~~~~^^^^^^^^
KeyError: 'predict_proba'

During handling of the above exception, another exception occurred:

Traceback (most recent call last):
  File "c:\Users\DELL\anaconda3\envs\p11_env\Lib\site-packages\pycaret\internal\metrics.py", line 182, in _score
    return super()._score(
           ^^^^^^^^^^^^^^^
  File "c:\Users\DELL\anaconda3\envs\p11_env\Lib\site-packages\sklearn\metrics\_scorer.py", line 316, in _score
    y_pred = method_caller(clf, "predict_proba", X)
             ^^^^^^^^^^^^^^^^^^^^^^^^^^^^^^^^^^^^^^
  File "c:\Users\DELL\anaconda3\envs\p11_env\Lib\site-packages\sklearn\metrics\_scorer.py", line 78, in _cached_call
    result = getattr(estimator, method)(*args, **kwargs)
             ^^^^^^^^^^^^^^^^^^^^^^^^^^
  File "c:\Users\DELL\anaconda3\envs\p11_env\Lib\site-packages\pycaret\internal\pipeline.py", line 127, in __getattr__
    return getattr(self._final_estimator, name)
           ^^^^^^^^^^^^^^^^^^^^^^^^^^^^^^^^^^^^
AttributeError: 'RidgeClassifier' object has no attribute 'predict_proba'

  warnings.warn(

2026-06-09 05:06:48,158:INFO:Calculating mean and std
2026-06-09 05:06:48,158:INFO:Creating metrics dataframe
2026-06-09 05:06:48,158:INFO:Uploading results into container
2026-06-09 05:06:48,158:INFO:Uploading model into container now
2026-06-09 05:06:48,158:INFO:_master_model_container: 6
2026-06-09 05:06:48,158:INFO:_display_container: 2
2026-06-09 05:06:48,158:INFO:RidgeClassifier(alpha=1.0, class_weight=None, copy_X=True, fit_intercept=True,
                max_iter=None, positive=False, random_state=40, solver='auto',
                tol=0.0001)
2026-06-09 05:06:48,158:INFO:create_model() successfully completed......................................
2026-06-09 05:06:48,312:INFO:SubProcess create_model() end ==================================
2026-06-09 05:06:48,312:INFO:Creating metrics dataframe
2026-06-09 05:06:48,323:INFO:Initializing Random Forest Classifier
2026-06-09 05:06:48,323:INFO:Total runtime is 20.931853330135343 minutes
2026-06-09 05:06:48,323:INFO:SubProcess create_model() called ==================================
2026-06-09 05:06:48,323:INFO:Initializing create_model()
2026-06-09 05:06:48,323:INFO:create_model(self=<pycaret.classification.oop.ClassificationExperiment object at 0x000001AB86490B10>, estimator=rf, fold=StratifiedKFold(n_splits=10, random_state=None, shuffle=False), round=4, cross_validation=True, predict=True, fit_kwargs={}, groups=None, refit=False, probability_threshold=None, experiment_custom_tags=None, verbose=False, system=False, add_to_model_list=True, metrics=None, display=<pycaret.internal.display.display.CommonDisplay object at 0x000001AB86B859D0>, model_only=True, return_train_score=False, error_score=0.0, kwargs={})
2026-06-09 05:06:48,323:INFO:Checking exceptions
2026-06-09 05:06:48,323:INFO:Importing libraries
2026-06-09 05:06:48,323:INFO:Copying training dataset
2026-06-09 05:06:48,538:INFO:Defining folds
2026-06-09 05:06:48,538:INFO:Declaring metric variables
2026-06-09 05:06:48,538:INFO:Importing untrained model
2026-06-09 05:06:48,550:INFO:Random Forest Classifier Imported successfully
2026-06-09 05:06:48,556:INFO:Starting cross validation
2026-06-09 05:06:48,556:INFO:Cross validating with StratifiedKFold(n_splits=10, random_state=None, shuffle=False), n_jobs=-1
2026-06-09 05:45:20,236:INFO:Calculating mean and std
2026-06-09 05:45:20,238:INFO:Creating metrics dataframe
2026-06-09 05:45:20,247:INFO:Uploading results into container
2026-06-09 05:45:20,248:INFO:Uploading model into container now
2026-06-09 05:45:20,248:INFO:_master_model_container: 7
2026-06-09 05:45:20,248:INFO:_display_container: 2
2026-06-09 05:45:20,249:INFO:RandomForestClassifier(bootstrap=True, ccp_alpha=0.0, class_weight=None,
                       criterion='gini', max_depth=None, max_features='sqrt',
                       max_leaf_nodes=None, max_samples=None,
                       min_impurity_decrease=0.0, min_samples_leaf=1,
                       min_samples_split=2, min_weight_fraction_leaf=0.0,
                       n_estimators=100, n_jobs=-1, oob_score=False,
                       random_state=40, verbose=0, warm_start=False)
2026-06-09 05:45:20,249:INFO:create_model() successfully completed......................................
2026-06-09 05:45:20,407:INFO:SubProcess create_model() end ==================================
2026-06-09 05:45:20,407:INFO:Creating metrics dataframe
2026-06-09 05:45:20,441:INFO:Initializing Quadratic Discriminant Analysis
2026-06-09 05:45:20,442:INFO:Total runtime is 59.467162132263184 minutes
2026-06-09 05:45:20,447:INFO:SubProcess create_model() called ==================================
2026-06-09 05:45:20,447:INFO:Initializing create_model()
2026-06-09 05:45:20,447:INFO:create_model(self=<pycaret.classification.oop.ClassificationExperiment object at 0x000001AB86490B10>, estimator=qda, fold=StratifiedKFold(n_splits=10, random_state=None, shuffle=False), round=4, cross_validation=True, predict=True, fit_kwargs={}, groups=None, refit=False, probability_threshold=None, experiment_custom_tags=None, verbose=False, system=False, add_to_model_list=True, metrics=None, display=<pycaret.internal.display.display.CommonDisplay object at 0x000001AB86B859D0>, model_only=True, return_train_score=False, error_score=0.0, kwargs={})
2026-06-09 05:45:20,447:INFO:Checking exceptions
2026-06-09 05:45:20,449:INFO:Importing libraries
2026-06-09 05:45:20,449:INFO:Copying training dataset
2026-06-09 05:45:20,742:INFO:Defining folds
2026-06-09 05:45:20,742:INFO:Declaring metric variables
2026-06-09 05:45:20,747:INFO:Importing untrained model
2026-06-09 05:45:20,752:INFO:Quadratic Discriminant Analysis Imported successfully
2026-06-09 05:45:20,762:INFO:Starting cross validation
2026-06-09 05:45:20,765:INFO:Cross validating with StratifiedKFold(n_splits=10, random_state=None, shuffle=False), n_jobs=-1
2026-06-09 05:45:40,392:WARNING:c:\Users\DELL\anaconda3\envs\p11_env\Lib\site-packages\_distutils_hack\__init__.py:30: UserWarning: Setuptools is replacing distutils. Support for replacing an already imported distutils is deprecated. In the future, this condition will fail. Register concerns at https://github.com/pypa/setuptools/issues/new?template=distutils-deprecation.yml
  warnings.warn(

2026-06-09 05:45:42,158:WARNING:c:\Users\DELL\anaconda3\envs\p11_env\Lib\site-packages\_distutils_hack\__init__.py:30: UserWarning: Setuptools is replacing distutils. Support for replacing an already imported distutils is deprecated. In the future, this condition will fail. Register concerns at https://github.com/pypa/setuptools/issues/new?template=distutils-deprecation.yml
  warnings.warn(

2026-06-09 05:45:42,431:WARNING:c:\Users\DELL\anaconda3\envs\p11_env\Lib\site-packages\_distutils_hack\__init__.py:30: UserWarning: Setuptools is replacing distutils. Support for replacing an already imported distutils is deprecated. In the future, this condition will fail. Register concerns at https://github.com/pypa/setuptools/issues/new?template=distutils-deprecation.yml
  warnings.warn(

2026-06-09 05:45:42,475:WARNING:c:\Users\DELL\anaconda3\envs\p11_env\Lib\site-packages\_distutils_hack\__init__.py:30: UserWarning: Setuptools is replacing distutils. Support for replacing an already imported distutils is deprecated. In the future, this condition will fail. Register concerns at https://github.com/pypa/setuptools/issues/new?template=distutils-deprecation.yml
  warnings.warn(

2026-06-09 05:45:42,691:WARNING:c:\Users\DELL\anaconda3\envs\p11_env\Lib\site-packages\_distutils_hack\__init__.py:30: UserWarning: Setuptools is replacing distutils. Support for replacing an already imported distutils is deprecated. In the future, this condition will fail. Register concerns at https://github.com/pypa/setuptools/issues/new?template=distutils-deprecation.yml
  warnings.warn(

2026-06-09 05:45:43,358:WARNING:c:\Users\DELL\anaconda3\envs\p11_env\Lib\site-packages\_distutils_hack\__init__.py:30: UserWarning: Setuptools is replacing distutils. Support for replacing an already imported distutils is deprecated. In the future, this condition will fail. Register concerns at https://github.com/pypa/setuptools/issues/new?template=distutils-deprecation.yml
  warnings.warn(

2026-06-09 05:46:06,753:WARNING:c:\Users\DELL\anaconda3\envs\p11_env\Lib\site-packages\sklearn\discriminant_analysis.py:926: UserWarning: Variables are collinear
  warnings.warn("Variables are collinear")

2026-06-09 05:46:08,426:WARNING:c:\Users\DELL\anaconda3\envs\p11_env\Lib\site-packages\sklearn\discriminant_analysis.py:926: UserWarning: Variables are collinear
  warnings.warn("Variables are collinear")

2026-06-09 05:46:33,985:WARNING:c:\Users\DELL\anaconda3\envs\p11_env\Lib\site-packages\sklearn\discriminant_analysis.py:926: UserWarning: Variables are collinear
  warnings.warn("Variables are collinear")

2026-06-09 05:46:37,689:WARNING:c:\Users\DELL\anaconda3\envs\p11_env\Lib\site-packages\sklearn\discriminant_analysis.py:926: UserWarning: Variables are collinear
  warnings.warn("Variables are collinear")

2026-06-09 05:46:40,573:WARNING:c:\Users\DELL\anaconda3\envs\p11_env\Lib\site-packages\sklearn\discriminant_analysis.py:926: UserWarning: Variables are collinear
  warnings.warn("Variables are collinear")

2026-06-09 05:46:40,951:WARNING:c:\Users\DELL\anaconda3\envs\p11_env\Lib\site-packages\sklearn\discriminant_analysis.py:926: UserWarning: Variables are collinear
  warnings.warn("Variables are collinear")

2026-06-09 05:46:45,086:WARNING:c:\Users\DELL\anaconda3\envs\p11_env\Lib\site-packages\sklearn\discriminant_analysis.py:926: UserWarning: Variables are collinear
  warnings.warn("Variables are collinear")

2026-06-09 05:46:45,515:WARNING:c:\Users\DELL\anaconda3\envs\p11_env\Lib\site-packages\sklearn\discriminant_analysis.py:926: UserWarning: Variables are collinear
  warnings.warn("Variables are collinear")

2026-06-09 05:46:58,893:WARNING:c:\Users\DELL\anaconda3\envs\p11_env\Lib\site-packages\sklearn\discriminant_analysis.py:926: UserWarning: Variables are collinear
  warnings.warn("Variables are collinear")

2026-06-09 05:46:59,035:WARNING:c:\Users\DELL\anaconda3\envs\p11_env\Lib\site-packages\sklearn\discriminant_analysis.py:926: UserWarning: Variables are collinear
  warnings.warn("Variables are collinear")

2026-06-09 05:47:02,361:INFO:Calculating mean and std
2026-06-09 05:47:02,361:INFO:Creating metrics dataframe
2026-06-09 05:47:02,361:INFO:Uploading results into container
2026-06-09 05:47:02,361:INFO:Uploading model into container now
2026-06-09 05:47:02,361:INFO:_master_model_container: 8
2026-06-09 05:47:02,361:INFO:_display_container: 2
2026-06-09 05:47:02,361:INFO:QuadraticDiscriminantAnalysis(priors=None, reg_param=0.0,
                              store_covariance=False, tol=0.0001)
2026-06-09 05:47:02,361:INFO:create_model() successfully completed......................................
2026-06-09 05:47:02,564:INFO:SubProcess create_model() end ==================================
2026-06-09 05:47:02,564:INFO:Creating metrics dataframe
2026-06-09 05:47:02,575:INFO:Initializing Ada Boost Classifier
2026-06-09 05:47:02,575:INFO:Total runtime is 61.169383804003395 minutes
2026-06-09 05:47:02,575:INFO:SubProcess create_model() called ==================================
2026-06-09 05:47:02,575:INFO:Initializing create_model()
2026-06-09 05:47:02,575:INFO:create_model(self=<pycaret.classification.oop.ClassificationExperiment object at 0x000001AB86490B10>, estimator=ada, fold=StratifiedKFold(n_splits=10, random_state=None, shuffle=False), round=4, cross_validation=True, predict=True, fit_kwargs={}, groups=None, refit=False, probability_threshold=None, experiment_custom_tags=None, verbose=False, system=False, add_to_model_list=True, metrics=None, display=<pycaret.internal.display.display.CommonDisplay object at 0x000001AB86B859D0>, model_only=True, return_train_score=False, error_score=0.0, kwargs={})
2026-06-09 05:47:02,575:INFO:Checking exceptions
2026-06-09 05:47:02,575:INFO:Importing libraries
2026-06-09 05:47:02,575:INFO:Copying training dataset
2026-06-09 05:47:02,901:INFO:Defining folds
2026-06-09 05:47:02,901:INFO:Declaring metric variables
2026-06-09 05:47:02,906:INFO:Importing untrained model
2026-06-09 05:47:02,912:INFO:Ada Boost Classifier Imported successfully
2026-06-09 05:47:02,924:INFO:Starting cross validation
2026-06-09 05:47:02,927:INFO:Cross validating with StratifiedKFold(n_splits=10, random_state=None, shuffle=False), n_jobs=-1
2026-06-09 06:09:30,978:INFO:Calculating mean and std
2026-06-09 06:09:30,978:INFO:Creating metrics dataframe
2026-06-09 06:09:30,985:INFO:Uploading results into container
2026-06-09 06:09:30,986:INFO:Uploading model into container now
2026-06-09 06:09:30,986:INFO:_master_model_container: 9
2026-06-09 06:09:30,986:INFO:_display_container: 2
2026-06-09 06:09:30,986:INFO:AdaBoostClassifier(algorithm='SAMME.R', base_estimator='deprecated',
                   estimator=None, learning_rate=1.0, n_estimators=50,
                   random_state=40)
2026-06-09 06:09:30,986:INFO:create_model() successfully completed......................................
2026-06-09 06:09:31,136:INFO:SubProcess create_model() end ==================================
2026-06-09 06:09:31,136:INFO:Creating metrics dataframe
2026-06-09 06:09:31,158:INFO:Initializing Gradient Boosting Classifier
2026-06-09 06:09:31,158:INFO:Total runtime is 83.6457754890124 minutes
2026-06-09 06:09:31,163:INFO:SubProcess create_model() called ==================================
2026-06-09 06:09:31,163:INFO:Initializing create_model()
2026-06-09 06:09:31,163:INFO:create_model(self=<pycaret.classification.oop.ClassificationExperiment object at 0x000001AB86490B10>, estimator=gbc, fold=StratifiedKFold(n_splits=10, random_state=None, shuffle=False), round=4, cross_validation=True, predict=True, fit_kwargs={}, groups=None, refit=False, probability_threshold=None, experiment_custom_tags=None, verbose=False, system=False, add_to_model_list=True, metrics=None, display=<pycaret.internal.display.display.CommonDisplay object at 0x000001AB86B859D0>, model_only=True, return_train_score=False, error_score=0.0, kwargs={})
2026-06-09 06:09:31,163:INFO:Checking exceptions
2026-06-09 06:09:31,163:INFO:Importing libraries
2026-06-09 06:09:31,163:INFO:Copying training dataset
2026-06-09 06:09:31,446:INFO:Defining folds
2026-06-09 06:09:31,446:INFO:Declaring metric variables
2026-06-09 06:09:31,446:INFO:Importing untrained model
2026-06-09 06:09:31,459:INFO:Gradient Boosting Classifier Imported successfully
2026-06-09 06:09:31,466:INFO:Starting cross validation
2026-06-09 06:09:31,470:INFO:Cross validating with StratifiedKFold(n_splits=10, random_state=None, shuffle=False), n_jobs=-1
2026-06-09 06:09:48,748:WARNING:c:\Users\DELL\anaconda3\envs\p11_env\Lib\site-packages\_distutils_hack\__init__.py:30: UserWarning: Setuptools is replacing distutils. Support for replacing an already imported distutils is deprecated. In the future, this condition will fail. Register concerns at https://github.com/pypa/setuptools/issues/new?template=distutils-deprecation.yml
  warnings.warn(

2026-06-09 06:09:48,754:WARNING:c:\Users\DELL\anaconda3\envs\p11_env\Lib\site-packages\_distutils_hack\__init__.py:30: UserWarning: Setuptools is replacing distutils. Support for replacing an already imported distutils is deprecated. In the future, this condition will fail. Register concerns at https://github.com/pypa/setuptools/issues/new?template=distutils-deprecation.yml
  warnings.warn(

2026-06-09 06:09:48,808:WARNING:c:\Users\DELL\anaconda3\envs\p11_env\Lib\site-packages\_distutils_hack\__init__.py:30: UserWarning: Setuptools is replacing distutils. Support for replacing an already imported distutils is deprecated. In the future, this condition will fail. Register concerns at https://github.com/pypa/setuptools/issues/new?template=distutils-deprecation.yml
  warnings.warn(

2026-06-09 06:09:48,822:WARNING:c:\Users\DELL\anaconda3\envs\p11_env\Lib\site-packages\_distutils_hack\__init__.py:30: UserWarning: Setuptools is replacing distutils. Support for replacing an already imported distutils is deprecated. In the future, this condition will fail. Register concerns at https://github.com/pypa/setuptools/issues/new?template=distutils-deprecation.yml
  warnings.warn(

2026-06-09 06:09:48,971:WARNING:c:\Users\DELL\anaconda3\envs\p11_env\Lib\site-packages\_distutils_hack\__init__.py:30: UserWarning: Setuptools is replacing distutils. Support for replacing an already imported distutils is deprecated. In the future, this condition will fail. Register concerns at https://github.com/pypa/setuptools/issues/new?template=distutils-deprecation.yml
  warnings.warn(

2026-06-09 06:09:49,027:WARNING:c:\Users\DELL\anaconda3\envs\p11_env\Lib\site-packages\_distutils_hack\__init__.py:30: UserWarning: Setuptools is replacing distutils. Support for replacing an already imported distutils is deprecated. In the future, this condition will fail. Register concerns at https://github.com/pypa/setuptools/issues/new?template=distutils-deprecation.yml
  warnings.warn(

2026-06-09 07:56:20,405:INFO:Calculating mean and std
2026-06-09 07:56:20,408:INFO:Creating metrics dataframe
2026-06-09 07:56:20,410:INFO:Uploading results into container
2026-06-09 07:56:20,410:INFO:Uploading model into container now
2026-06-09 07:56:20,410:INFO:_master_model_container: 10
2026-06-09 07:56:20,410:INFO:_display_container: 2
2026-06-09 07:56:20,410:INFO:GradientBoostingClassifier(ccp_alpha=0.0, criterion='friedman_mse', init=None,
                           learning_rate=0.1, loss='log_loss', max_depth=3,
                           max_features=None, max_leaf_nodes=None,
                           min_impurity_decrease=0.0, min_samples_leaf=1,
                           min_samples_split=2, min_weight_fraction_leaf=0.0,
                           n_estimators=100, n_iter_no_change=None,
                           random_state=40, subsample=1.0, tol=0.0001,
                           validation_fraction=0.1, verbose=0,
                           warm_start=False)
2026-06-09 07:56:20,410:INFO:create_model() successfully completed......................................
2026-06-09 07:56:20,571:INFO:SubProcess create_model() end ==================================
2026-06-09 07:56:20,571:INFO:Creating metrics dataframe
2026-06-09 07:56:20,587:INFO:Initializing Linear Discriminant Analysis
2026-06-09 07:56:20,587:INFO:Total runtime is 190.46959192752837 minutes
2026-06-09 07:56:20,594:INFO:SubProcess create_model() called ==================================
2026-06-09 07:56:20,594:INFO:Initializing create_model()
2026-06-09 07:56:20,594:INFO:create_model(self=<pycaret.classification.oop.ClassificationExperiment object at 0x000001AB86490B10>, estimator=lda, fold=StratifiedKFold(n_splits=10, random_state=None, shuffle=False), round=4, cross_validation=True, predict=True, fit_kwargs={}, groups=None, refit=False, probability_threshold=None, experiment_custom_tags=None, verbose=False, system=False, add_to_model_list=True, metrics=None, display=<pycaret.internal.display.display.CommonDisplay object at 0x000001AB86B859D0>, model_only=True, return_train_score=False, error_score=0.0, kwargs={})
2026-06-09 07:56:20,594:INFO:Checking exceptions
2026-06-09 07:56:20,594:INFO:Importing libraries
2026-06-09 07:56:20,594:INFO:Copying training dataset
2026-06-09 07:56:20,859:INFO:Defining folds
2026-06-09 07:56:20,859:INFO:Declaring metric variables
2026-06-09 07:56:20,859:INFO:Importing untrained model
2026-06-09 07:56:20,866:INFO:Linear Discriminant Analysis Imported successfully
2026-06-09 07:56:20,872:INFO:Starting cross validation
2026-06-09 07:56:20,872:INFO:Cross validating with StratifiedKFold(n_splits=10, random_state=None, shuffle=False), n_jobs=-1
2026-06-09 07:56:39,506:WARNING:c:\Users\DELL\anaconda3\envs\p11_env\Lib\site-packages\_distutils_hack\__init__.py:30: UserWarning: Setuptools is replacing distutils. Support for replacing an already imported distutils is deprecated. In the future, this condition will fail. Register concerns at https://github.com/pypa/setuptools/issues/new?template=distutils-deprecation.yml
  warnings.warn(

2026-06-09 07:56:39,561:WARNING:c:\Users\DELL\anaconda3\envs\p11_env\Lib\site-packages\_distutils_hack\__init__.py:30: UserWarning: Setuptools is replacing distutils. Support for replacing an already imported distutils is deprecated. In the future, this condition will fail. Register concerns at https://github.com/pypa/setuptools/issues/new?template=distutils-deprecation.yml
  warnings.warn(

2026-06-09 07:56:39,587:WARNING:c:\Users\DELL\anaconda3\envs\p11_env\Lib\site-packages\_distutils_hack\__init__.py:30: UserWarning: Setuptools is replacing distutils. Support for replacing an already imported distutils is deprecated. In the future, this condition will fail. Register concerns at https://github.com/pypa/setuptools/issues/new?template=distutils-deprecation.yml
  warnings.warn(

2026-06-09 07:56:39,603:WARNING:c:\Users\DELL\anaconda3\envs\p11_env\Lib\site-packages\_distutils_hack\__init__.py:30: UserWarning: Setuptools is replacing distutils. Support for replacing an already imported distutils is deprecated. In the future, this condition will fail. Register concerns at https://github.com/pypa/setuptools/issues/new?template=distutils-deprecation.yml
  warnings.warn(

2026-06-09 07:56:39,824:WARNING:c:\Users\DELL\anaconda3\envs\p11_env\Lib\site-packages\_distutils_hack\__init__.py:30: UserWarning: Setuptools is replacing distutils. Support for replacing an already imported distutils is deprecated. In the future, this condition will fail. Register concerns at https://github.com/pypa/setuptools/issues/new?template=distutils-deprecation.yml
  warnings.warn(

2026-06-09 07:56:39,934:WARNING:c:\Users\DELL\anaconda3\envs\p11_env\Lib\site-packages\_distutils_hack\__init__.py:30: UserWarning: Setuptools is replacing distutils. Support for replacing an already imported distutils is deprecated. In the future, this condition will fail. Register concerns at https://github.com/pypa/setuptools/issues/new?template=distutils-deprecation.yml
  warnings.warn(

2026-06-09 07:58:07,883:INFO:Calculating mean and std
2026-06-09 07:58:07,885:INFO:Creating metrics dataframe
2026-06-09 07:58:07,885:INFO:Uploading results into container
2026-06-09 07:58:07,885:INFO:Uploading model into container now
2026-06-09 07:58:07,885:INFO:_master_model_container: 11
2026-06-09 07:58:07,885:INFO:_display_container: 2
2026-06-09 07:58:07,885:INFO:LinearDiscriminantAnalysis(covariance_estimator=None, n_components=None,
                           priors=None, shrinkage=None, solver='svd',
                           store_covariance=False, tol=0.0001)
2026-06-09 07:58:07,885:INFO:create_model() successfully completed......................................
2026-06-09 07:58:08,027:INFO:SubProcess create_model() end ==================================
2026-06-09 07:58:08,028:INFO:Creating metrics dataframe
2026-06-09 07:58:08,040:INFO:Initializing Extra Trees Classifier
2026-06-09 07:58:08,040:INFO:Total runtime is 192.26046493848165 minutes
2026-06-09 07:58:08,040:INFO:SubProcess create_model() called ==================================
2026-06-09 07:58:08,040:INFO:Initializing create_model()
2026-06-09 07:58:08,040:INFO:create_model(self=<pycaret.classification.oop.ClassificationExperiment object at 0x000001AB86490B10>, estimator=et, fold=StratifiedKFold(n_splits=10, random_state=None, shuffle=False), round=4, cross_validation=True, predict=True, fit_kwargs={}, groups=None, refit=False, probability_threshold=None, experiment_custom_tags=None, verbose=False, system=False, add_to_model_list=True, metrics=None, display=<pycaret.internal.display.display.CommonDisplay object at 0x000001AB86B859D0>, model_only=True, return_train_score=False, error_score=0.0, kwargs={})
2026-06-09 07:58:08,040:INFO:Checking exceptions
2026-06-09 07:58:08,040:INFO:Importing libraries
2026-06-09 07:58:08,040:INFO:Copying training dataset
2026-06-09 07:58:08,251:INFO:Defining folds
2026-06-09 07:58:08,251:INFO:Declaring metric variables
2026-06-09 07:58:08,258:INFO:Importing untrained model
2026-06-09 07:58:08,258:INFO:Extra Trees Classifier Imported successfully
2026-06-09 07:58:08,267:INFO:Starting cross validation
2026-06-09 07:58:08,269:INFO:Cross validating with StratifiedKFold(n_splits=10, random_state=None, shuffle=False), n_jobs=-1
2026-06-09 08:05:54,032:INFO:Calculating mean and std
2026-06-09 08:05:54,032:INFO:Creating metrics dataframe
2026-06-09 08:05:54,043:INFO:Uploading results into container
2026-06-09 08:05:54,043:INFO:Uploading model into container now
2026-06-09 08:05:54,043:INFO:_master_model_container: 12
2026-06-09 08:05:54,043:INFO:_display_container: 2
2026-06-09 08:05:54,045:INFO:ExtraTreesClassifier(bootstrap=False, ccp_alpha=0.0, class_weight=None,
                     criterion='gini', max_depth=None, max_features='sqrt',
                     max_leaf_nodes=None, max_samples=None,
                     min_impurity_decrease=0.0, min_samples_leaf=1,
                     min_samples_split=2, min_weight_fraction_leaf=0.0,
                     n_estimators=100, n_jobs=-1, oob_score=False,
                     random_state=40, verbose=0, warm_start=False)
2026-06-09 08:05:54,045:INFO:create_model() successfully completed......................................
2026-06-09 08:05:54,251:INFO:SubProcess create_model() end ==================================
2026-06-09 08:05:54,251:INFO:Creating metrics dataframe
2026-06-09 08:05:54,275:INFO:Initializing Extreme Gradient Boosting
2026-06-09 08:05:54,276:INFO:Total runtime is 200.0310642202695 minutes
2026-06-09 08:05:54,279:INFO:SubProcess create_model() called ==================================
2026-06-09 08:05:54,283:INFO:Initializing create_model()
2026-06-09 08:05:54,283:INFO:create_model(self=<pycaret.classification.oop.ClassificationExperiment object at 0x000001AB86490B10>, estimator=xgboost, fold=StratifiedKFold(n_splits=10, random_state=None, shuffle=False), round=4, cross_validation=True, predict=True, fit_kwargs={}, groups=None, refit=False, probability_threshold=None, experiment_custom_tags=None, verbose=False, system=False, add_to_model_list=True, metrics=None, display=<pycaret.internal.display.display.CommonDisplay object at 0x000001AB86B859D0>, model_only=True, return_train_score=False, error_score=0.0, kwargs={})
2026-06-09 08:05:54,283:INFO:Checking exceptions
2026-06-09 08:05:54,283:INFO:Importing libraries
2026-06-09 08:05:54,283:INFO:Copying training dataset
2026-06-09 08:05:54,588:INFO:Defining folds
2026-06-09 08:05:54,588:INFO:Declaring metric variables
2026-06-09 08:05:54,595:INFO:Importing untrained model
2026-06-09 08:05:54,600:INFO:Extreme Gradient Boosting Imported successfully
2026-06-09 08:05:54,611:INFO:Starting cross validation
2026-06-09 08:05:54,613:INFO:Cross validating with StratifiedKFold(n_splits=10, random_state=None, shuffle=False), n_jobs=-1
2026-06-09 08:08:47,155:INFO:Calculating mean and std
2026-06-09 08:08:47,155:INFO:Creating metrics dataframe
2026-06-09 08:08:47,155:INFO:Uploading results into container
2026-06-09 08:08:47,155:INFO:Uploading model into container now
2026-06-09 08:08:47,155:INFO:_master_model_container: 13
2026-06-09 08:08:47,155:INFO:_display_container: 2
2026-06-09 08:08:47,164:INFO:XGBClassifier(base_score=None, booster='gbtree', callbacks=None,
              colsample_bylevel=None, colsample_bynode=None,
              colsample_bytree=None, device='cpu', early_stopping_rounds=None,
              enable_categorical=False, eval_metric=None, feature_types=None,
              feature_weights=None, gamma=None, grow_policy=None,
              importance_type=None, interaction_constraints=None,
              learning_rate=None, max_bin=None, max_cat_threshold=None,
              max_cat_to_onehot=None, max_delta_step=None, max_depth=None,
              max_leaves=None, min_child_weight=None, missing=nan,
              monotone_constraints=None, multi_strategy=None, n_estimators=None,
              n_jobs=-1, num_parallel_tree=None, ...)
2026-06-09 08:08:47,165:INFO:create_model() successfully completed......................................
2026-06-09 08:08:47,315:INFO:SubProcess create_model() end ==================================
2026-06-09 08:08:47,317:INFO:Creating metrics dataframe
2026-06-09 08:08:47,331:INFO:Initializing Light Gradient Boosting Machine
2026-06-09 08:08:47,332:INFO:Total runtime is 202.9153187831243 minutes
2026-06-09 08:08:47,336:INFO:SubProcess create_model() called ==================================
2026-06-09 08:08:47,336:INFO:Initializing create_model()
2026-06-09 08:08:47,336:INFO:create_model(self=<pycaret.classification.oop.ClassificationExperiment object at 0x000001AB86490B10>, estimator=lightgbm, fold=StratifiedKFold(n_splits=10, random_state=None, shuffle=False), round=4, cross_validation=True, predict=True, fit_kwargs={}, groups=None, refit=False, probability_threshold=None, experiment_custom_tags=None, verbose=False, system=False, add_to_model_list=True, metrics=None, display=<pycaret.internal.display.display.CommonDisplay object at 0x000001AB86B859D0>, model_only=True, return_train_score=False, error_score=0.0, kwargs={})
2026-06-09 08:08:47,336:INFO:Checking exceptions
2026-06-09 08:08:47,336:INFO:Importing libraries
2026-06-09 08:08:47,336:INFO:Copying training dataset
2026-06-09 08:08:47,566:INFO:Defining folds
2026-06-09 08:08:47,567:INFO:Declaring metric variables
2026-06-09 08:08:47,571:INFO:Importing untrained model
2026-06-09 08:08:47,571:INFO:Light Gradient Boosting Machine Imported successfully
2026-06-09 08:08:47,584:INFO:Starting cross validation
2026-06-09 08:08:47,588:INFO:Cross validating with StratifiedKFold(n_splits=10, random_state=None, shuffle=False), n_jobs=-1
2026-06-09 08:11:36,547:INFO:Calculating mean and std
2026-06-09 08:11:36,547:INFO:Creating metrics dataframe
2026-06-09 08:11:36,547:INFO:Uploading results into container
2026-06-09 08:11:36,547:INFO:Uploading model into container now
2026-06-09 08:11:36,557:INFO:_master_model_container: 14
2026-06-09 08:11:36,557:INFO:_display_container: 2
2026-06-09 08:11:36,558:INFO:LGBMClassifier(boosting_type='gbdt', class_weight=None, colsample_bytree=1.0,
               importance_type='split', learning_rate=0.1, max_depth=-1,
               min_child_samples=20, min_child_weight=0.001, min_split_gain=0.0,
               n_estimators=100, n_jobs=-1, num_leaves=31, objective=None,
               random_state=40, reg_alpha=0.0, reg_lambda=0.0, subsample=1.0,
               subsample_for_bin=200000, subsample_freq=0)
2026-06-09 08:11:36,558:INFO:create_model() successfully completed......................................
2026-06-09 08:11:36,758:INFO:SubProcess create_model() end ==================================
2026-06-09 08:11:36,758:INFO:Creating metrics dataframe
2026-06-09 08:11:36,801:INFO:Initializing CatBoost Classifier
2026-06-09 08:11:36,802:INFO:Total runtime is 205.73983301321667 minutes
2026-06-09 08:11:36,809:INFO:SubProcess create_model() called ==================================
2026-06-09 08:11:36,812:INFO:Initializing create_model()
2026-06-09 08:11:36,812:INFO:create_model(self=<pycaret.classification.oop.ClassificationExperiment object at 0x000001AB86490B10>, estimator=catboost, fold=StratifiedKFold(n_splits=10, random_state=None, shuffle=False), round=4, cross_validation=True, predict=True, fit_kwargs={}, groups=None, refit=False, probability_threshold=None, experiment_custom_tags=None, verbose=False, system=False, add_to_model_list=True, metrics=None, display=<pycaret.internal.display.display.CommonDisplay object at 0x000001AB86B859D0>, model_only=True, return_train_score=False, error_score=0.0, kwargs={})
2026-06-09 08:11:36,812:INFO:Checking exceptions
2026-06-09 08:11:36,812:INFO:Importing libraries
2026-06-09 08:11:36,812:INFO:Copying training dataset
2026-06-09 08:11:37,124:INFO:Defining folds
2026-06-09 08:11:37,124:INFO:Declaring metric variables
2026-06-09 08:11:37,141:INFO:Importing untrained model
2026-06-09 08:11:37,159:INFO:CatBoost Classifier Imported successfully
2026-06-09 08:11:37,163:INFO:Starting cross validation
2026-06-09 08:11:37,173:INFO:Cross validating with StratifiedKFold(n_splits=10, random_state=None, shuffle=False), n_jobs=-1
2026-06-09 08:33:02,401:WARNING:c:\Users\DELL\anaconda3\envs\p11_env\Lib\site-packages\sklearn\model_selection\_validation.py:378: FitFailedWarning: 
1 fits failed out of a total of 10.
The score on these train-test partitions for these parameters will be set to 0.0.
If these failures are not expected, you can try to debug them by setting error_score='raise'.

Below are more details about the failures:
--------------------------------------------------------------------------------
1 fits failed with the following error:
Traceback (most recent call last):
  File "c:\Users\DELL\anaconda3\envs\p11_env\Lib\site-packages\sklearn\model_selection\_validation.py", line 686, in _fit_and_score
    estimator.fit(X_train, y_train, **fit_params)
  File "c:\Users\DELL\anaconda3\envs\p11_env\Lib\site-packages\pycaret\internal\pipeline.py", line 275, in fit
    fitted_estimator = self._memory_fit(
                       ^^^^^^^^^^^^^^^^^
  File "c:\Users\DELL\anaconda3\envs\p11_env\Lib\site-packages\joblib\memory.py", line 349, in __call__
    return self.func(*args, **kwargs)
           ^^^^^^^^^^^^^^^^^^^^^^^^^^
  File "c:\Users\DELL\anaconda3\envs\p11_env\Lib\site-packages\pycaret\internal\pipeline.py", line 68, in _fit_one
    transformer.fit(*args, **fit_params)
  File "c:\Users\DELL\anaconda3\envs\p11_env\Lib\site-packages\catboost\core.py", line 5547, in fit
    self._fit(X, y, cat_features, text_features, embedding_features, None, graph, sample_weight, None, None, None, None, baseline, use_best_model,
  File "c:\Users\DELL\anaconda3\envs\p11_env\Lib\site-packages\catboost\core.py", line 2716, in _fit
    self._train(
  File "c:\Users\DELL\anaconda3\envs\p11_env\Lib\site-packages\catboost\core.py", line 1824, in _train
    self._object._train(train_pool, test_pool, params, allow_clear_pool, init_model._object if init_model else None)
  File "_catboost.pyx", line 5430, in _catboost._CatBoost._train
  File "_catboost.pyx", line 5479, in _catboost._CatBoost._train
_catboost.CatBoostError: catboost/libs/train_lib/dir_helper.cpp:20: Can't create train working dir: catboost_info

  warnings.warn(some_fits_failed_message, FitFailedWarning)

2026-06-09 08:33:02,401:INFO:Calculating mean and std
2026-06-09 08:33:02,411:INFO:Creating metrics dataframe
2026-06-09 08:33:02,415:INFO:Uploading results into container
2026-06-09 08:33:02,418:INFO:Uploading model into container now
2026-06-09 08:33:02,418:INFO:_master_model_container: 15
2026-06-09 08:33:02,418:INFO:_display_container: 2
2026-06-09 08:33:02,418:INFO:CatBoostClassifier(border_count=254, random_state=40, task_type='CPU', verbose=False)
2026-06-09 08:33:02,421:INFO:create_model() successfully completed......................................
2026-06-09 08:33:02,622:INFO:SubProcess create_model() end ==================================
2026-06-09 08:33:02,622:INFO:Creating metrics dataframe
2026-06-09 08:33:02,651:INFO:Initializing Dummy Classifier
2026-06-09 08:33:02,651:INFO:Total runtime is 227.17064602772396 minutes
2026-06-09 08:33:02,655:INFO:SubProcess create_model() called ==================================
2026-06-09 08:33:02,655:INFO:Initializing create_model()
2026-06-09 08:33:02,655:INFO:create_model(self=<pycaret.classification.oop.ClassificationExperiment object at 0x000001AB86490B10>, estimator=dummy, fold=StratifiedKFold(n_splits=10, random_state=None, shuffle=False), round=4, cross_validation=True, predict=True, fit_kwargs={}, groups=None, refit=False, probability_threshold=None, experiment_custom_tags=None, verbose=False, system=False, add_to_model_list=True, metrics=None, display=<pycaret.internal.display.display.CommonDisplay object at 0x000001AB86B859D0>, model_only=True, return_train_score=False, error_score=0.0, kwargs={})
2026-06-09 08:33:02,655:INFO:Checking exceptions
2026-06-09 08:33:02,655:INFO:Importing libraries
2026-06-09 08:33:02,655:INFO:Copying training dataset
2026-06-09 08:33:02,975:INFO:Defining folds
2026-06-09 08:33:02,975:INFO:Declaring metric variables
2026-06-09 08:33:02,982:INFO:Importing untrained model
2026-06-09 08:33:02,991:INFO:Dummy Classifier Imported successfully
2026-06-09 08:33:03,002:INFO:Starting cross validation
2026-06-09 08:33:03,009:INFO:Cross validating with StratifiedKFold(n_splits=10, random_state=None, shuffle=False), n_jobs=-1
2026-06-09 08:33:51,412:WARNING:c:\Users\DELL\anaconda3\envs\p11_env\Lib\site-packages\sklearn\metrics\_classification.py:1344: UndefinedMetricWarning: Precision is ill-defined and being set to 0.0 due to no predicted samples. Use `zero_division` parameter to control this behavior.
  _warn_prf(average, modifier, msg_start, len(result))

2026-06-09 08:33:51,684:WARNING:c:\Users\DELL\anaconda3\envs\p11_env\Lib\site-packages\sklearn\metrics\_classification.py:1344: UndefinedMetricWarning: Precision is ill-defined and being set to 0.0 due to no predicted samples. Use `zero_division` parameter to control this behavior.
  _warn_prf(average, modifier, msg_start, len(result))

2026-06-09 08:33:51,739:WARNING:c:\Users\DELL\anaconda3\envs\p11_env\Lib\site-packages\sklearn\metrics\_classification.py:1344: UndefinedMetricWarning: Precision is ill-defined and being set to 0.0 due to no predicted samples. Use `zero_division` parameter to control this behavior.
  _warn_prf(average, modifier, msg_start, len(result))

2026-06-09 08:33:52,193:WARNING:c:\Users\DELL\anaconda3\envs\p11_env\Lib\site-packages\sklearn\metrics\_classification.py:1344: UndefinedMetricWarning: Precision is ill-defined and being set to 0.0 due to no predicted samples. Use `zero_division` parameter to control this behavior.
  _warn_prf(average, modifier, msg_start, len(result))

2026-06-09 08:33:53,768:WARNING:c:\Users\DELL\anaconda3\envs\p11_env\Lib\site-packages\sklearn\metrics\_classification.py:1344: UndefinedMetricWarning: Precision is ill-defined and being set to 0.0 due to no predicted samples. Use `zero_division` parameter to control this behavior.
  _warn_prf(average, modifier, msg_start, len(result))

2026-06-09 08:33:54,201:WARNING:c:\Users\DELL\anaconda3\envs\p11_env\Lib\site-packages\sklearn\metrics\_classification.py:1344: UndefinedMetricWarning: Precision is ill-defined and being set to 0.0 due to no predicted samples. Use `zero_division` parameter to control this behavior.
  _warn_prf(average, modifier, msg_start, len(result))

2026-06-09 08:33:54,261:WARNING:c:\Users\DELL\anaconda3\envs\p11_env\Lib\site-packages\sklearn\metrics\_classification.py:1344: UndefinedMetricWarning: Precision is ill-defined and being set to 0.0 due to no predicted samples. Use `zero_division` parameter to control this behavior.
  _warn_prf(average, modifier, msg_start, len(result))

2026-06-09 08:33:54,346:WARNING:c:\Users\DELL\anaconda3\envs\p11_env\Lib\site-packages\sklearn\metrics\_classification.py:1344: UndefinedMetricWarning: Precision is ill-defined and being set to 0.0 due to no predicted samples. Use `zero_division` parameter to control this behavior.
  _warn_prf(average, modifier, msg_start, len(result))

2026-06-09 08:34:06,929:WARNING:c:\Users\DELL\anaconda3\envs\p11_env\Lib\site-packages\sklearn\metrics\_classification.py:1344: UndefinedMetricWarning: Precision is ill-defined and being set to 0.0 due to no predicted samples. Use `zero_division` parameter to control this behavior.
  _warn_prf(average, modifier, msg_start, len(result))

2026-06-09 08:34:07,079:WARNING:c:\Users\DELL\anaconda3\envs\p11_env\Lib\site-packages\sklearn\metrics\_classification.py:1344: UndefinedMetricWarning: Precision is ill-defined and being set to 0.0 due to no predicted samples. Use `zero_division` parameter to control this behavior.
  _warn_prf(average, modifier, msg_start, len(result))

2026-06-09 08:34:07,411:INFO:Calculating mean and std
2026-06-09 08:34:07,412:INFO:Creating metrics dataframe
2026-06-09 08:34:07,412:INFO:Uploading results into container
2026-06-09 08:34:07,412:INFO:Uploading model into container now
2026-06-09 08:34:07,412:INFO:_master_model_container: 16
2026-06-09 08:34:07,412:INFO:_display_container: 2
2026-06-09 08:34:07,412:INFO:DummyClassifier(constant=None, random_state=40, strategy='prior')
2026-06-09 08:34:07,412:INFO:create_model() successfully completed......................................
2026-06-09 08:34:07,568:INFO:SubProcess create_model() end ==================================
2026-06-09 08:34:07,568:INFO:Creating metrics dataframe
2026-06-09 08:34:07,610:INFO:Initializing create_model()
2026-06-09 08:34:07,610:INFO:create_model(self=<pycaret.classification.oop.ClassificationExperiment object at 0x000001AB86490B10>, estimator=ExtraTreesClassifier(bootstrap=False, ccp_alpha=0.0, class_weight=None,
                     criterion='gini', max_depth=None, max_features='sqrt',
                     max_leaf_nodes=None, max_samples=None,
                     min_impurity_decrease=0.0, min_samples_leaf=1,
                     min_samples_split=2, min_weight_fraction_leaf=0.0,
                     n_estimators=100, n_jobs=-1, oob_score=False,
                     random_state=40, verbose=0, warm_start=False), fold=StratifiedKFold(n_splits=10, random_state=None, shuffle=False), round=4, cross_validation=False, predict=False, fit_kwargs={}, groups=None, refit=True, probability_threshold=None, experiment_custom_tags=None, verbose=False, system=False, add_to_model_list=True, metrics=None, display=None, model_only=True, return_train_score=False, error_score=0.0, kwargs={})
2026-06-09 08:34:07,612:INFO:Checking exceptions
2026-06-09 08:34:07,615:INFO:Importing libraries
2026-06-09 08:34:07,615:INFO:Copying training dataset
2026-06-09 08:34:07,864:INFO:Defining folds
2026-06-09 08:34:07,864:INFO:Declaring metric variables
2026-06-09 08:34:07,864:INFO:Importing untrained model
2026-06-09 08:34:07,864:INFO:Declaring custom model
2026-06-09 08:34:07,866:INFO:Extra Trees Classifier Imported successfully
2026-06-09 08:34:07,866:INFO:Cross validation set to False
2026-06-09 08:34:07,866:INFO:Fitting Model
2026-06-09 08:35:04,479:INFO:ExtraTreesClassifier(bootstrap=False, ccp_alpha=0.0, class_weight=None,
                     criterion='gini', max_depth=None, max_features='sqrt',
                     max_leaf_nodes=None, max_samples=None,
                     min_impurity_decrease=0.0, min_samples_leaf=1,
                     min_samples_split=2, min_weight_fraction_leaf=0.0,
                     n_estimators=100, n_jobs=-1, oob_score=False,
                     random_state=40, verbose=0, warm_start=False)
2026-06-09 08:35:04,480:INFO:create_model() successfully completed......................................
2026-06-09 08:35:04,782:INFO:_master_model_container: 16
2026-06-09 08:35:04,782:INFO:_display_container: 2
2026-06-09 08:35:04,782:INFO:ExtraTreesClassifier(bootstrap=False, ccp_alpha=0.0, class_weight=None,
                     criterion='gini', max_depth=None, max_features='sqrt',
                     max_leaf_nodes=None, max_samples=None,
                     min_impurity_decrease=0.0, min_samples_leaf=1,
                     min_samples_split=2, min_weight_fraction_leaf=0.0,
                     n_estimators=100, n_jobs=-1, oob_score=False,
                     random_state=40, verbose=0, warm_start=False)
2026-06-09 08:35:04,782:INFO:compare_models() successfully completed......................................
2026-06-09 08:44:59,321:INFO:Initializing tune_model()
2026-06-09 08:44:59,321:INFO:tune_model(self=<pycaret.classification.oop.ClassificationExperiment object at 0x000001AB86490B10>, estimator=ExtraTreesClassifier(bootstrap=False, ccp_alpha=0.0, class_weight=None,
                     criterion='gini', max_depth=None, max_features='sqrt',
                     max_leaf_nodes=None, max_samples=None,
                     min_impurity_decrease=0.0, min_samples_leaf=1,
                     min_samples_split=2, min_weight_fraction_leaf=0.0,
                     n_estimators=100, n_jobs=-1, oob_score=False,
                     random_state=40, verbose=0, warm_start=False), fold=None, round=4, n_iter=10, custom_grid=None, optimize=Accuracy, custom_scorer=None, search_library=scikit-learn, search_algorithm=None, early_stopping=False, early_stopping_max_iters=10, choose_better=True, fit_kwargs=None, groups=None, return_tuner=False, verbose=True, tuner_verbose=True, return_train_score=False, kwargs={})
2026-06-09 08:44:59,321:INFO:Checking exceptions
2026-06-09 08:44:59,416:INFO:Copying training dataset
2026-06-09 08:44:59,568:INFO:Checking base model
2026-06-09 08:44:59,568:INFO:Base model : Extra Trees Classifier
2026-06-09 08:44:59,571:INFO:Declaring metric variables
2026-06-09 08:44:59,575:INFO:Defining Hyperparameters
2026-06-09 08:44:59,689:INFO:Tuning with n_jobs=-1
2026-06-09 08:44:59,689:INFO:Initializing RandomizedSearchCV
2026-06-09 08:45:07,472:WARNING:c:\Users\DELL\anaconda3\envs\p11_env\Lib\site-packages\_distutils_hack\__init__.py:30: UserWarning: Setuptools is replacing distutils. Support for replacing an already imported distutils is deprecated. In the future, this condition will fail. Register concerns at https://github.com/pypa/setuptools/issues/new?template=distutils-deprecation.yml
  warnings.warn(

2026-06-09 08:45:07,472:WARNING:c:\Users\DELL\anaconda3\envs\p11_env\Lib\site-packages\_distutils_hack\__init__.py:30: UserWarning: Setuptools is replacing distutils. Support for replacing an already imported distutils is deprecated. In the future, this condition will fail. Register concerns at https://github.com/pypa/setuptools/issues/new?template=distutils-deprecation.yml
  warnings.warn(

2026-06-09 08:45:07,472:WARNING:c:\Users\DELL\anaconda3\envs\p11_env\Lib\site-packages\_distutils_hack\__init__.py:30: UserWarning: Setuptools is replacing distutils. Support for replacing an already imported distutils is deprecated. In the future, this condition will fail. Register concerns at https://github.com/pypa/setuptools/issues/new?template=distutils-deprecation.yml
  warnings.warn(

2026-06-09 08:45:07,472:WARNING:c:\Users\DELL\anaconda3\envs\p11_env\Lib\site-packages\_distutils_hack\__init__.py:30: UserWarning: Setuptools is replacing distutils. Support for replacing an already imported distutils is deprecated. In the future, this condition will fail. Register concerns at https://github.com/pypa/setuptools/issues/new?template=distutils-deprecation.yml
  warnings.warn(

2026-06-09 08:45:07,474:WARNING:c:\Users\DELL\anaconda3\envs\p11_env\Lib\site-packages\_distutils_hack\__init__.py:30: UserWarning: Setuptools is replacing distutils. Support for replacing an already imported distutils is deprecated. In the future, this condition will fail. Register concerns at https://github.com/pypa/setuptools/issues/new?template=distutils-deprecation.yml
  warnings.warn(

2026-06-09 08:45:07,476:WARNING:c:\Users\DELL\anaconda3\envs\p11_env\Lib\site-packages\_distutils_hack\__init__.py:30: UserWarning: Setuptools is replacing distutils. Support for replacing an already imported distutils is deprecated. In the future, this condition will fail. Register concerns at https://github.com/pypa/setuptools/issues/new?template=distutils-deprecation.yml
  warnings.warn(

2026-06-09 08:45:07,476:WARNING:c:\Users\DELL\anaconda3\envs\p11_env\Lib\site-packages\_distutils_hack\__init__.py:30: UserWarning: Setuptools is replacing distutils. Support for replacing an already imported distutils is deprecated. In the future, this condition will fail. Register concerns at https://github.com/pypa/setuptools/issues/new?template=distutils-deprecation.yml
  warnings.warn(

2026-06-09 09:26:20,271:INFO:best_params: {'actual_estimator__n_estimators': 90, 'actual_estimator__min_samples_split': 10, 'actual_estimator__min_samples_leaf': 3, 'actual_estimator__min_impurity_decrease': 0.3, 'actual_estimator__max_features': 'sqrt', 'actual_estimator__max_depth': 9, 'actual_estimator__criterion': 'gini', 'actual_estimator__class_weight': 'balanced', 'actual_estimator__bootstrap': True}
2026-06-09 09:26:20,278:INFO:Hyperparameter search completed
2026-06-09 09:26:20,281:INFO:SubProcess create_model() called ==================================
2026-06-09 09:26:20,285:INFO:Initializing create_model()
2026-06-09 09:26:20,285:INFO:create_model(self=<pycaret.classification.oop.ClassificationExperiment object at 0x000001AB86490B10>, estimator=ExtraTreesClassifier(bootstrap=False, ccp_alpha=0.0, class_weight=None,
                     criterion='gini', max_depth=None, max_features='sqrt',
                     max_leaf_nodes=None, max_samples=None,
                     min_impurity_decrease=0.0, min_samples_leaf=1,
                     min_samples_split=2, min_weight_fraction_leaf=0.0,
                     n_estimators=100, n_jobs=-1, oob_score=False,
                     random_state=40, verbose=0, warm_start=False), fold=StratifiedKFold(n_splits=10, random_state=None, shuffle=False), round=4, cross_validation=True, predict=True, fit_kwargs={}, groups=None, refit=True, probability_threshold=None, experiment_custom_tags=None, verbose=True, system=False, add_to_model_list=True, metrics=None, display=<pycaret.internal.display.display.CommonDisplay object at 0x000001AB86527C50>, model_only=True, return_train_score=False, error_score=0.0, kwargs={'n_estimators': 90, 'min_samples_split': 10, 'min_samples_leaf': 3, 'min_impurity_decrease': 0.3, 'max_features': 'sqrt', 'max_depth': 9, 'criterion': 'gini', 'class_weight': 'balanced', 'bootstrap': True})
2026-06-09 09:26:20,285:INFO:Checking exceptions
2026-06-09 09:26:20,287:INFO:Importing libraries
2026-06-09 09:26:20,287:INFO:Copying training dataset
2026-06-09 09:26:21,150:INFO:Defining folds
2026-06-09 09:26:21,150:INFO:Declaring metric variables
2026-06-09 09:26:21,177:INFO:Importing untrained model
2026-06-09 09:26:21,179:INFO:Declaring custom model
2026-06-09 09:26:21,212:INFO:Extra Trees Classifier Imported successfully
2026-06-09 09:26:21,245:INFO:Starting cross validation
2026-06-09 09:26:21,252:INFO:Cross validating with StratifiedKFold(n_splits=10, random_state=None, shuffle=False), n_jobs=-1
2026-06-09 09:27:25,917:WARNING:c:\Users\DELL\anaconda3\envs\p11_env\Lib\site-packages\sklearn\metrics\_classification.py:1344: UndefinedMetricWarning: Precision is ill-defined and being set to 0.0 due to no predicted samples. Use `zero_division` parameter to control this behavior.
  _warn_prf(average, modifier, msg_start, len(result))

2026-06-09 09:27:28,248:WARNING:c:\Users\DELL\anaconda3\envs\p11_env\Lib\site-packages\sklearn\metrics\_classification.py:1344: UndefinedMetricWarning: Precision is ill-defined and being set to 0.0 due to no predicted samples. Use `zero_division` parameter to control this behavior.
  _warn_prf(average, modifier, msg_start, len(result))

2026-06-09 09:27:30,277:WARNING:c:\Users\DELL\anaconda3\envs\p11_env\Lib\site-packages\sklearn\metrics\_classification.py:1344: UndefinedMetricWarning: Precision is ill-defined and being set to 0.0 due to no predicted samples. Use `zero_division` parameter to control this behavior.
  _warn_prf(average, modifier, msg_start, len(result))

2026-06-09 09:27:31,832:WARNING:c:\Users\DELL\anaconda3\envs\p11_env\Lib\site-packages\sklearn\metrics\_classification.py:1344: UndefinedMetricWarning: Precision is ill-defined and being set to 0.0 due to no predicted samples. Use `zero_division` parameter to control this behavior.
  _warn_prf(average, modifier, msg_start, len(result))

2026-06-09 09:27:37,810:WARNING:c:\Users\DELL\anaconda3\envs\p11_env\Lib\site-packages\sklearn\metrics\_classification.py:1344: UndefinedMetricWarning: Precision is ill-defined and being set to 0.0 due to no predicted samples. Use `zero_division` parameter to control this behavior.
  _warn_prf(average, modifier, msg_start, len(result))

2026-06-09 09:27:39,363:WARNING:c:\Users\DELL\anaconda3\envs\p11_env\Lib\site-packages\sklearn\metrics\_classification.py:1344: UndefinedMetricWarning: Precision is ill-defined and being set to 0.0 due to no predicted samples. Use `zero_division` parameter to control this behavior.
  _warn_prf(average, modifier, msg_start, len(result))

2026-06-09 09:27:43,495:WARNING:c:\Users\DELL\anaconda3\envs\p11_env\Lib\site-packages\sklearn\metrics\_classification.py:1344: UndefinedMetricWarning: Precision is ill-defined and being set to 0.0 due to no predicted samples. Use `zero_division` parameter to control this behavior.
  _warn_prf(average, modifier, msg_start, len(result))

2026-06-09 09:27:43,989:WARNING:c:\Users\DELL\anaconda3\envs\p11_env\Lib\site-packages\sklearn\metrics\_classification.py:1344: UndefinedMetricWarning: Precision is ill-defined and being set to 0.0 due to no predicted samples. Use `zero_division` parameter to control this behavior.
  _warn_prf(average, modifier, msg_start, len(result))

2026-06-09 09:28:29,115:WARNING:c:\Users\DELL\anaconda3\envs\p11_env\Lib\site-packages\sklearn\metrics\_classification.py:1344: UndefinedMetricWarning: Precision is ill-defined and being set to 0.0 due to no predicted samples. Use `zero_division` parameter to control this behavior.
  _warn_prf(average, modifier, msg_start, len(result))

2026-06-09 09:28:29,490:WARNING:c:\Users\DELL\anaconda3\envs\p11_env\Lib\site-packages\sklearn\metrics\_classification.py:1344: UndefinedMetricWarning: Precision is ill-defined and being set to 0.0 due to no predicted samples. Use `zero_division` parameter to control this behavior.
  _warn_prf(average, modifier, msg_start, len(result))

2026-06-09 09:28:29,861:INFO:Calculating mean and std
2026-06-09 09:28:29,863:INFO:Creating metrics dataframe
2026-06-09 09:28:29,897:INFO:Finalizing model
2026-06-09 09:28:41,682:INFO:Uploading results into container
2026-06-09 09:28:41,686:INFO:Uploading model into container now
2026-06-09 09:28:41,690:INFO:_master_model_container: 17
2026-06-09 09:28:41,690:INFO:_display_container: 3
2026-06-09 09:28:41,693:INFO:ExtraTreesClassifier(bootstrap=True, ccp_alpha=0.0, class_weight='balanced',
                     criterion='gini', max_depth=9, max_features='sqrt',
                     max_leaf_nodes=None, max_samples=None,
                     min_impurity_decrease=0.3, min_samples_leaf=3,
                     min_samples_split=10, min_weight_fraction_leaf=0.0,
                     n_estimators=90, n_jobs=-1, oob_score=False,
                     random_state=40, verbose=0, warm_start=False)
2026-06-09 09:28:41,693:INFO:create_model() successfully completed......................................
2026-06-09 09:28:42,427:INFO:SubProcess create_model() end ==================================
2026-06-09 09:28:42,429:INFO:choose_better activated
2026-06-09 09:28:42,430:INFO:SubProcess create_model() called ==================================
2026-06-09 09:28:42,430:INFO:Initializing create_model()
2026-06-09 09:28:42,430:INFO:create_model(self=<pycaret.classification.oop.ClassificationExperiment object at 0x000001AB86490B10>, estimator=ExtraTreesClassifier(bootstrap=False, ccp_alpha=0.0, class_weight=None,
                     criterion='gini', max_depth=None, max_features='sqrt',
                     max_leaf_nodes=None, max_samples=None,
                     min_impurity_decrease=0.0, min_samples_leaf=1,
                     min_samples_split=2, min_weight_fraction_leaf=0.0,
                     n_estimators=100, n_jobs=-1, oob_score=False,
                     random_state=40, verbose=0, warm_start=False), fold=StratifiedKFold(n_splits=10, random_state=None, shuffle=False), round=4, cross_validation=True, predict=True, fit_kwargs={}, groups=None, refit=True, probability_threshold=None, experiment_custom_tags=None, verbose=False, system=False, add_to_model_list=True, metrics=None, display=None, model_only=True, return_train_score=False, error_score=0.0, kwargs={})
2026-06-09 09:28:42,430:INFO:Checking exceptions
2026-06-09 09:28:42,430:INFO:Importing libraries
2026-06-09 09:28:42,430:INFO:Copying training dataset
2026-06-09 09:28:42,766:INFO:Defining folds
2026-06-09 09:28:42,767:INFO:Declaring metric variables
2026-06-09 09:28:42,767:INFO:Importing untrained model
2026-06-09 09:28:42,767:INFO:Declaring custom model
2026-06-09 09:28:42,768:INFO:Extra Trees Classifier Imported successfully
2026-06-09 09:28:42,768:INFO:Starting cross validation
2026-06-09 09:28:42,771:INFO:Cross validating with StratifiedKFold(n_splits=10, random_state=None, shuffle=False), n_jobs=-1
2026-06-09 09:39:50,906:INFO:Calculating mean and std
2026-06-09 09:39:50,906:INFO:Creating metrics dataframe
2026-06-09 09:39:50,915:INFO:Finalizing model
2026-06-09 09:41:00,272:INFO:Uploading results into container
2026-06-09 09:41:00,272:INFO:Uploading model into container now
2026-06-09 09:41:00,285:INFO:_master_model_container: 18
2026-06-09 09:41:00,285:INFO:_display_container: 4
2026-06-09 09:41:00,287:INFO:ExtraTreesClassifier(bootstrap=False, ccp_alpha=0.0, class_weight=None,
                     criterion='gini', max_depth=None, max_features='sqrt',
                     max_leaf_nodes=None, max_samples=None,
                     min_impurity_decrease=0.0, min_samples_leaf=1,
                     min_samples_split=2, min_weight_fraction_leaf=0.0,
                     n_estimators=100, n_jobs=-1, oob_score=False,
                     random_state=40, verbose=0, warm_start=False)
2026-06-09 09:41:00,287:INFO:create_model() successfully completed......................................
2026-06-09 09:41:00,622:INFO:SubProcess create_model() end ==================================
2026-06-09 09:41:00,622:INFO:ExtraTreesClassifier(bootstrap=False, ccp_alpha=0.0, class_weight=None,
                     criterion='gini', max_depth=None, max_features='sqrt',
                     max_leaf_nodes=None, max_samples=None,
                     min_impurity_decrease=0.0, min_samples_leaf=1,
                     min_samples_split=2, min_weight_fraction_leaf=0.0,
                     n_estimators=100, n_jobs=-1, oob_score=False,
                     random_state=40, verbose=0, warm_start=False) result for Accuracy is 0.8149
2026-06-09 09:41:00,622:INFO:ExtraTreesClassifier(bootstrap=True, ccp_alpha=0.0, class_weight='balanced',
                     criterion='gini', max_depth=9, max_features='sqrt',
                     max_leaf_nodes=None, max_samples=None,
                     min_impurity_decrease=0.3, min_samples_leaf=3,
                     min_samples_split=10, min_weight_fraction_leaf=0.0,
                     n_estimators=90, n_jobs=-1, oob_score=False,
                     random_state=40, verbose=0, warm_start=False) result for Accuracy is 0.8012
2026-06-09 09:41:00,622:INFO:ExtraTreesClassifier(bootstrap=False, ccp_alpha=0.0, class_weight=None,
                     criterion='gini', max_depth=None, max_features='sqrt',
                     max_leaf_nodes=None, max_samples=None,
                     min_impurity_decrease=0.0, min_samples_leaf=1,
                     min_samples_split=2, min_weight_fraction_leaf=0.0,
                     n_estimators=100, n_jobs=-1, oob_score=False,
                     random_state=40, verbose=0, warm_start=False) is best model
2026-06-09 09:41:00,622:INFO:choose_better completed
2026-06-09 09:41:00,622:INFO:Original model was better than the tuned model, hence it will be returned. NOTE: The display metrics are for the tuned model (not the original one).
2026-06-09 09:41:00,660:INFO:_master_model_container: 18
2026-06-09 09:41:00,660:INFO:_display_container: 3
2026-06-09 09:41:00,662:INFO:ExtraTreesClassifier(bootstrap=False, ccp_alpha=0.0, class_weight=None,
                     criterion='gini', max_depth=None, max_features='sqrt',
                     max_leaf_nodes=None, max_samples=None,
                     min_impurity_decrease=0.0, min_samples_leaf=1,
                     min_samples_split=2, min_weight_fraction_leaf=0.0,
                     n_estimators=100, n_jobs=-1, oob_score=False,
                     random_state=40, verbose=0, warm_start=False)
2026-06-09 09:41:00,662:INFO:tune_model() successfully completed......................................
2026-06-09 12:08:50,743:WARNING:
'cuml' is a soft dependency and not included in the pycaret installation. Please run: `pip install cuml` to install.
2026-06-09 12:08:50,743:WARNING:
'cuml' is a soft dependency and not included in the pycaret installation. Please run: `pip install cuml` to install.
2026-06-09 12:08:50,743:WARNING:
'cuml' is a soft dependency and not included in the pycaret installation. Please run: `pip install cuml` to install.
2026-06-09 12:08:50,743:WARNING:
'cuml' is a soft dependency and not included in the pycaret installation. Please run: `pip install cuml` to install.
2026-06-09 12:09:53,637:WARNING:
'cuml' is a soft dependency and not included in the pycaret installation. Please run: `pip install cuml` to install.
2026-06-09 12:09:53,637:WARNING:
'cuml' is a soft dependency and not included in the pycaret installation. Please run: `pip install cuml` to install.
2026-06-09 12:09:53,637:WARNING:
'cuml' is a soft dependency and not included in the pycaret installation. Please run: `pip install cuml` to install.
2026-06-09 12:09:53,637:WARNING:
'cuml' is a soft dependency and not included in the pycaret installation. Please run: `pip install cuml` to install.
2026-06-09 12:09:57,698:WARNING:c:\Users\DELL\anaconda3\envs\p11_env\Lib\site-packages\yfinance\scrapers\history.py:396: FutureWarning: The default dtype for empty Series will be 'object' instead of 'float64' in a future version. Specify a dtype explicitly to silence this warning.
  self._capital_gains = pd.Series()

2026-06-09 12:09:58,074:WARNING:c:\Users\DELL\anaconda3\envs\p11_env\Lib\site-packages\yfinance\scrapers\history.py:396: FutureWarning: The default dtype for empty Series will be 'object' instead of 'float64' in a future version. Specify a dtype explicitly to silence this warning.
  self._capital_gains = pd.Series()

2026-06-09 12:09:58,190:WARNING:c:\Users\DELL\anaconda3\envs\p11_env\Lib\site-packages\yfinance\scrapers\history.py:396: FutureWarning: The default dtype for empty Series will be 'object' instead of 'float64' in a future version. Specify a dtype explicitly to silence this warning.
  self._capital_gains = pd.Series()

2026-06-09 12:09:58,713:WARNING:c:\Users\DELL\anaconda3\envs\p11_env\Lib\site-packages\yfinance\scrapers\history.py:396: FutureWarning: The default dtype for empty Series will be 'object' instead of 'float64' in a future version. Specify a dtype explicitly to silence this warning.
  self._capital_gains = pd.Series()

2026-06-09 12:09:58,751:WARNING:c:\Users\DELL\anaconda3\envs\p11_env\Lib\site-packages\yfinance\scrapers\history.py:396: FutureWarning: The default dtype for empty Series will be 'object' instead of 'float64' in a future version. Specify a dtype explicitly to silence this warning.
  self._capital_gains = pd.Series()

2026-06-09 12:09:58,882:WARNING:c:\Users\DELL\anaconda3\envs\p11_env\Lib\site-packages\yfinance\scrapers\history.py:396: FutureWarning: The default dtype for empty Series will be 'object' instead of 'float64' in a future version. Specify a dtype explicitly to silence this warning.
  self._capital_gains = pd.Series()

2026-06-09 12:09:59,019:WARNING:c:\Users\DELL\anaconda3\envs\p11_env\Lib\site-packages\yfinance\scrapers\history.py:396: FutureWarning: The default dtype for empty Series will be 'object' instead of 'float64' in a future version. Specify a dtype explicitly to silence this warning.
  self._capital_gains = pd.Series()

2026-06-09 12:09:59,162:WARNING:c:\Users\DELL\anaconda3\envs\p11_env\Lib\site-packages\yfinance\scrapers\history.py:396: FutureWarning: The default dtype for empty Series will be 'object' instead of 'float64' in a future version. Specify a dtype explicitly to silence this warning.
  self._capital_gains = pd.Series()

2026-06-09 12:09:59,343:WARNING:c:\Users\DELL\anaconda3\envs\p11_env\Lib\site-packages\yfinance\scrapers\history.py:396: FutureWarning: The default dtype for empty Series will be 'object' instead of 'float64' in a future version. Specify a dtype explicitly to silence this warning.
  self._capital_gains = pd.Series()

2026-06-09 12:09:59,432:WARNING:c:\Users\DELL\anaconda3\envs\p11_env\Lib\site-packages\yfinance\scrapers\history.py:396: FutureWarning: The default dtype for empty Series will be 'object' instead of 'float64' in a future version. Specify a dtype explicitly to silence this warning.
  self._capital_gains = pd.Series()

2026-06-09 12:09:59,620:WARNING:c:\Users\DELL\anaconda3\envs\p11_env\Lib\site-packages\yfinance\scrapers\history.py:396: FutureWarning: The default dtype for empty Series will be 'object' instead of 'float64' in a future version. Specify a dtype explicitly to silence this warning.
  self._capital_gains = pd.Series()

2026-06-09 12:09:59,771:WARNING:c:\Users\DELL\anaconda3\envs\p11_env\Lib\site-packages\yfinance\scrapers\history.py:396: FutureWarning: The default dtype for empty Series will be 'object' instead of 'float64' in a future version. Specify a dtype explicitly to silence this warning.
  self._capital_gains = pd.Series()

2026-06-09 12:09:59,893:WARNING:c:\Users\DELL\anaconda3\envs\p11_env\Lib\site-packages\yfinance\scrapers\history.py:396: FutureWarning: The default dtype for empty Series will be 'object' instead of 'float64' in a future version. Specify a dtype explicitly to silence this warning.
  self._capital_gains = pd.Series()

2026-06-09 12:10:00,040:WARNING:c:\Users\DELL\anaconda3\envs\p11_env\Lib\site-packages\yfinance\scrapers\history.py:396: FutureWarning: The default dtype for empty Series will be 'object' instead of 'float64' in a future version. Specify a dtype explicitly to silence this warning.
  self._capital_gains = pd.Series()

2026-06-09 12:10:00,083:WARNING:c:\Users\DELL\anaconda3\envs\p11_env\Lib\site-packages\yfinance\scrapers\history.py:396: FutureWarning: The default dtype for empty Series will be 'object' instead of 'float64' in a future version. Specify a dtype explicitly to silence this warning.
  self._capital_gains = pd.Series()

2026-06-09 12:10:00,288:WARNING:c:\Users\DELL\anaconda3\envs\p11_env\Lib\site-packages\yfinance\scrapers\history.py:396: FutureWarning: The default dtype for empty Series will be 'object' instead of 'float64' in a future version. Specify a dtype explicitly to silence this warning.
  self._capital_gains = pd.Series()

2026-06-09 12:10:00,377:WARNING:c:\Users\DELL\anaconda3\envs\p11_env\Lib\site-packages\yfinance\scrapers\history.py:396: FutureWarning: The default dtype for empty Series will be 'object' instead of 'float64' in a future version. Specify a dtype explicitly to silence this warning.
  self._capital_gains = pd.Series()

2026-06-09 12:10:00,488:WARNING:c:\Users\DELL\anaconda3\envs\p11_env\Lib\site-packages\yfinance\scrapers\history.py:396: FutureWarning: The default dtype for empty Series will be 'object' instead of 'float64' in a future version. Specify a dtype explicitly to silence this warning.
  self._capital_gains = pd.Series()

2026-06-09 12:10:00,569:WARNING:c:\Users\DELL\anaconda3\envs\p11_env\Lib\site-packages\yfinance\scrapers\history.py:396: FutureWarning: The default dtype for empty Series will be 'object' instead of 'float64' in a future version. Specify a dtype explicitly to silence this warning.
  self._capital_gains = pd.Series()

2026-06-09 12:10:00,718:WARNING:c:\Users\DELL\anaconda3\envs\p11_env\Lib\site-packages\yfinance\scrapers\history.py:396: FutureWarning: The default dtype for empty Series will be 'object' instead of 'float64' in a future version. Specify a dtype explicitly to silence this warning.
  self._capital_gains = pd.Series()

2026-06-09 12:10:00,836:WARNING:c:\Users\DELL\anaconda3\envs\p11_env\Lib\site-packages\yfinance\scrapers\history.py:396: FutureWarning: The default dtype for empty Series will be 'object' instead of 'float64' in a future version. Specify a dtype explicitly to silence this warning.
  self._capital_gains = pd.Series()

2026-06-09 12:10:00,971:WARNING:c:\Users\DELL\anaconda3\envs\p11_env\Lib\site-packages\yfinance\scrapers\history.py:396: FutureWarning: The default dtype for empty Series will be 'object' instead of 'float64' in a future version. Specify a dtype explicitly to silence this warning.
  self._capital_gains = pd.Series()

2026-06-09 12:10:01,087:WARNING:c:\Users\DELL\anaconda3\envs\p11_env\Lib\site-packages\yfinance\scrapers\history.py:396: FutureWarning: The default dtype for empty Series will be 'object' instead of 'float64' in a future version. Specify a dtype explicitly to silence this warning.
  self._capital_gains = pd.Series()

2026-06-09 12:10:01,227:WARNING:c:\Users\DELL\anaconda3\envs\p11_env\Lib\site-packages\yfinance\scrapers\history.py:396: FutureWarning: The default dtype for empty Series will be 'object' instead of 'float64' in a future version. Specify a dtype explicitly to silence this warning.
  self._capital_gains = pd.Series()

2026-06-09 12:10:01,523:WARNING:c:\Users\DELL\anaconda3\envs\p11_env\Lib\site-packages\yfinance\scrapers\history.py:396: FutureWarning: The default dtype for empty Series will be 'object' instead of 'float64' in a future version. Specify a dtype explicitly to silence this warning.
  self._capital_gains = pd.Series()

2026-06-09 12:10:01,543:WARNING:c:\Users\DELL\anaconda3\envs\p11_env\Lib\site-packages\yfinance\scrapers\history.py:396: FutureWarning: The default dtype for empty Series will be 'object' instead of 'float64' in a future version. Specify a dtype explicitly to silence this warning.
  self._capital_gains = pd.Series()

2026-06-09 12:10:01,816:WARNING:c:\Users\DELL\anaconda3\envs\p11_env\Lib\site-packages\yfinance\scrapers\history.py:396: FutureWarning: The default dtype for empty Series will be 'object' instead of 'float64' in a future version. Specify a dtype explicitly to silence this warning.
  self._capital_gains = pd.Series()

2026-06-09 12:10:01,819:WARNING:c:\Users\DELL\anaconda3\envs\p11_env\Lib\site-packages\yfinance\scrapers\history.py:396: FutureWarning: The default dtype for empty Series will be 'object' instead of 'float64' in a future version. Specify a dtype explicitly to silence this warning.
  self._capital_gains = pd.Series()

2026-06-09 12:10:02,023:WARNING:c:\Users\DELL\anaconda3\envs\p11_env\Lib\site-packages\yfinance\scrapers\history.py:396: FutureWarning: The default dtype for empty Series will be 'object' instead of 'float64' in a future version. Specify a dtype explicitly to silence this warning.
  self._capital_gains = pd.Series()

2026-06-09 12:10:02,198:WARNING:c:\Users\DELL\anaconda3\envs\p11_env\Lib\site-packages\yfinance\scrapers\history.py:396: FutureWarning: The default dtype for empty Series will be 'object' instead of 'float64' in a future version. Specify a dtype explicitly to silence this warning.
  self._capital_gains = pd.Series()

2026-06-09 12:10:02,331:WARNING:c:\Users\DELL\anaconda3\envs\p11_env\Lib\site-packages\yfinance\scrapers\history.py:396: FutureWarning: The default dtype for empty Series will be 'object' instead of 'float64' in a future version. Specify a dtype explicitly to silence this warning.
  self._capital_gains = pd.Series()

2026-06-09 12:17:36,465:WARNING:
'cuml' is a soft dependency and not included in the pycaret installation. Please run: `pip install cuml` to install.
2026-06-09 12:17:36,465:WARNING:
'cuml' is a soft dependency and not included in the pycaret installation. Please run: `pip install cuml` to install.
2026-06-09 12:17:36,465:WARNING:
'cuml' is a soft dependency and not included in the pycaret installation. Please run: `pip install cuml` to install.
2026-06-09 12:17:36,465:WARNING:
'cuml' is a soft dependency and not included in the pycaret installation. Please run: `pip install cuml` to install.
2026-06-09 12:17:41,318:WARNING:c:\Users\DELL\anaconda3\envs\p11_env\Lib\site-packages\yfinance\scrapers\history.py:396: FutureWarning: The default dtype for empty Series will be 'object' instead of 'float64' in a future version. Specify a dtype explicitly to silence this warning.
  self._capital_gains = pd.Series()

2026-06-09 12:17:41,865:WARNING:c:\Users\DELL\anaconda3\envs\p11_env\Lib\site-packages\yfinance\scrapers\history.py:396: FutureWarning: The default dtype for empty Series will be 'object' instead of 'float64' in a future version. Specify a dtype explicitly to silence this warning.
  self._capital_gains = pd.Series()

2026-06-09 12:17:42,049:WARNING:c:\Users\DELL\anaconda3\envs\p11_env\Lib\site-packages\yfinance\scrapers\history.py:396: FutureWarning: The default dtype for empty Series will be 'object' instead of 'float64' in a future version. Specify a dtype explicitly to silence this warning.
  self._capital_gains = pd.Series()

2026-06-09 12:17:42,266:WARNING:c:\Users\DELL\anaconda3\envs\p11_env\Lib\site-packages\yfinance\scrapers\history.py:396: FutureWarning: The default dtype for empty Series will be 'object' instead of 'float64' in a future version. Specify a dtype explicitly to silence this warning.
  self._capital_gains = pd.Series()

2026-06-09 12:17:42,287:WARNING:c:\Users\DELL\anaconda3\envs\p11_env\Lib\site-packages\yfinance\scrapers\history.py:396: FutureWarning: The default dtype for empty Series will be 'object' instead of 'float64' in a future version. Specify a dtype explicitly to silence this warning.
  self._capital_gains = pd.Series()

2026-06-09 12:17:42,589:WARNING:c:\Users\DELL\anaconda3\envs\p11_env\Lib\site-packages\yfinance\scrapers\history.py:396: FutureWarning: The default dtype for empty Series will be 'object' instead of 'float64' in a future version. Specify a dtype explicitly to silence this warning.
  self._capital_gains = pd.Series()

2026-06-09 12:17:42,651:WARNING:c:\Users\DELL\anaconda3\envs\p11_env\Lib\site-packages\yfinance\scrapers\history.py:396: FutureWarning: The default dtype for empty Series will be 'object' instead of 'float64' in a future version. Specify a dtype explicitly to silence this warning.
  self._capital_gains = pd.Series()

2026-06-09 12:17:42,843:WARNING:c:\Users\DELL\anaconda3\envs\p11_env\Lib\site-packages\yfinance\scrapers\history.py:396: FutureWarning: The default dtype for empty Series will be 'object' instead of 'float64' in a future version. Specify a dtype explicitly to silence this warning.
  self._capital_gains = pd.Series()

2026-06-09 12:17:42,943:WARNING:c:\Users\DELL\anaconda3\envs\p11_env\Lib\site-packages\yfinance\scrapers\history.py:396: FutureWarning: The default dtype for empty Series will be 'object' instead of 'float64' in a future version. Specify a dtype explicitly to silence this warning.
  self._capital_gains = pd.Series()

2026-06-09 12:17:43,144:WARNING:c:\Users\DELL\anaconda3\envs\p11_env\Lib\site-packages\yfinance\scrapers\history.py:396: FutureWarning: The default dtype for empty Series will be 'object' instead of 'float64' in a future version. Specify a dtype explicitly to silence this warning.
  self._capital_gains = pd.Series()

2026-06-09 12:17:43,178:WARNING:c:\Users\DELL\anaconda3\envs\p11_env\Lib\site-packages\yfinance\scrapers\history.py:396: FutureWarning: The default dtype for empty Series will be 'object' instead of 'float64' in a future version. Specify a dtype explicitly to silence this warning.
  self._capital_gains = pd.Series()

2026-06-09 12:17:43,588:WARNING:c:\Users\DELL\anaconda3\envs\p11_env\Lib\site-packages\yfinance\scrapers\history.py:396: FutureWarning: The default dtype for empty Series will be 'object' instead of 'float64' in a future version. Specify a dtype explicitly to silence this warning.
  self._capital_gains = pd.Series()

2026-06-09 12:17:43,679:WARNING:c:\Users\DELL\anaconda3\envs\p11_env\Lib\site-packages\yfinance\scrapers\history.py:396: FutureWarning: The default dtype for empty Series will be 'object' instead of 'float64' in a future version. Specify a dtype explicitly to silence this warning.
  self._capital_gains = pd.Series()

2026-06-09 12:17:43,796:WARNING:c:\Users\DELL\anaconda3\envs\p11_env\Lib\site-packages\yfinance\scrapers\history.py:396: FutureWarning: The default dtype for empty Series will be 'object' instead of 'float64' in a future version. Specify a dtype explicitly to silence this warning.
  self._capital_gains = pd.Series()

2026-06-09 12:17:43,977:WARNING:c:\Users\DELL\anaconda3\envs\p11_env\Lib\site-packages\yfinance\scrapers\history.py:396: FutureWarning: The default dtype for empty Series will be 'object' instead of 'float64' in a future version. Specify a dtype explicitly to silence this warning.
  self._capital_gains = pd.Series()

2026-06-09 12:17:44,045:WARNING:c:\Users\DELL\anaconda3\envs\p11_env\Lib\site-packages\yfinance\scrapers\history.py:396: FutureWarning: The default dtype for empty Series will be 'object' instead of 'float64' in a future version. Specify a dtype explicitly to silence this warning.
  self._capital_gains = pd.Series()

2026-06-09 12:17:44,210:WARNING:c:\Users\DELL\anaconda3\envs\p11_env\Lib\site-packages\yfinance\scrapers\history.py:396: FutureWarning: The default dtype for empty Series will be 'object' instead of 'float64' in a future version. Specify a dtype explicitly to silence this warning.
  self._capital_gains = pd.Series()

2026-06-09 12:17:44,455:WARNING:c:\Users\DELL\anaconda3\envs\p11_env\Lib\site-packages\yfinance\scrapers\history.py:396: FutureWarning: The default dtype for empty Series will be 'object' instead of 'float64' in a future version. Specify a dtype explicitly to silence this warning.
  self._capital_gains = pd.Series()

2026-06-09 12:17:44,479:WARNING:c:\Users\DELL\anaconda3\envs\p11_env\Lib\site-packages\yfinance\scrapers\history.py:396: FutureWarning: The default dtype for empty Series will be 'object' instead of 'float64' in a future version. Specify a dtype explicitly to silence this warning.
  self._capital_gains = pd.Series()

2026-06-09 12:17:44,721:WARNING:c:\Users\DELL\anaconda3\envs\p11_env\Lib\site-packages\yfinance\scrapers\history.py:396: FutureWarning: The default dtype for empty Series will be 'object' instead of 'float64' in a future version. Specify a dtype explicitly to silence this warning.
  self._capital_gains = pd.Series()

2026-06-09 12:17:45,058:WARNING:c:\Users\DELL\anaconda3\envs\p11_env\Lib\site-packages\yfinance\scrapers\history.py:396: FutureWarning: The default dtype for empty Series will be 'object' instead of 'float64' in a future version. Specify a dtype explicitly to silence this warning.
  self._capital_gains = pd.Series()

2026-06-09 12:17:45,199:WARNING:c:\Users\DELL\anaconda3\envs\p11_env\Lib\site-packages\yfinance\scrapers\history.py:396: FutureWarning: The default dtype for empty Series will be 'object' instead of 'float64' in a future version. Specify a dtype explicitly to silence this warning.
  self._capital_gains = pd.Series()

2026-06-09 12:17:45,418:WARNING:c:\Users\DELL\anaconda3\envs\p11_env\Lib\site-packages\yfinance\scrapers\history.py:396: FutureWarning: The default dtype for empty Series will be 'object' instead of 'float64' in a future version. Specify a dtype explicitly to silence this warning.
  self._capital_gains = pd.Series()

2026-06-09 12:17:45,421:WARNING:c:\Users\DELL\anaconda3\envs\p11_env\Lib\site-packages\yfinance\scrapers\history.py:396: FutureWarning: The default dtype for empty Series will be 'object' instead of 'float64' in a future version. Specify a dtype explicitly to silence this warning.
  self._capital_gains = pd.Series()

2026-06-09 12:17:45,649:WARNING:c:\Users\DELL\anaconda3\envs\p11_env\Lib\site-packages\yfinance\scrapers\history.py:396: FutureWarning: The default dtype for empty Series will be 'object' instead of 'float64' in a future version. Specify a dtype explicitly to silence this warning.
  self._capital_gains = pd.Series()

2026-06-09 12:17:45,827:WARNING:c:\Users\DELL\anaconda3\envs\p11_env\Lib\site-packages\yfinance\scrapers\history.py:396: FutureWarning: The default dtype for empty Series will be 'object' instead of 'float64' in a future version. Specify a dtype explicitly to silence this warning.
  self._capital_gains = pd.Series()

2026-06-09 12:17:45,965:WARNING:c:\Users\DELL\anaconda3\envs\p11_env\Lib\site-packages\yfinance\scrapers\history.py:396: FutureWarning: The default dtype for empty Series will be 'object' instead of 'float64' in a future version. Specify a dtype explicitly to silence this warning.
  self._capital_gains = pd.Series()

2026-06-09 12:17:46,208:WARNING:c:\Users\DELL\anaconda3\envs\p11_env\Lib\site-packages\yfinance\scrapers\history.py:396: FutureWarning: The default dtype for empty Series will be 'object' instead of 'float64' in a future version. Specify a dtype explicitly to silence this warning.
  self._capital_gains = pd.Series()

2026-06-09 12:17:46,245:WARNING:c:\Users\DELL\anaconda3\envs\p11_env\Lib\site-packages\yfinance\scrapers\history.py:396: FutureWarning: The default dtype for empty Series will be 'object' instead of 'float64' in a future version. Specify a dtype explicitly to silence this warning.
  self._capital_gains = pd.Series()

2026-06-09 12:17:46,268:WARNING:c:\Users\DELL\anaconda3\envs\p11_env\Lib\site-packages\yfinance\scrapers\history.py:396: FutureWarning: The default dtype for empty Series will be 'object' instead of 'float64' in a future version. Specify a dtype explicitly to silence this warning.
  self._capital_gains = pd.Series()

2026-06-09 12:17:46,628:WARNING:c:\Users\DELL\anaconda3\envs\p11_env\Lib\site-packages\yfinance\scrapers\history.py:396: FutureWarning: The default dtype for empty Series will be 'object' instead of 'float64' in a future version. Specify a dtype explicitly to silence this warning.
  self._capital_gains = pd.Series()

2026-06-09 12:19:47,323:INFO:PyCaret ClassificationExperiment
2026-06-09 12:19:47,323:INFO:Logging name: clf-default-name
2026-06-09 12:19:47,324:INFO:ML Usecase: MLUsecase.CLASSIFICATION
2026-06-09 12:19:47,324:INFO:version 3.2.0
2026-06-09 12:19:47,324:INFO:Initializing setup()
2026-06-09 12:19:47,324:INFO:self.USI: e36d
2026-06-09 12:19:47,324:INFO:self._variable_keys: {'memory', 'n_jobs_param', 'idx', 'exp_id', 'X_test', 'X', '_ml_usecase', 'USI', 'gpu_n_jobs_param', 'target_param', 'is_multiclass', 'data', 'log_plots_param', 'html_param', 'y_train', 'fold_shuffle_param', 'gpu_param', 'y_test', 'exp_name_log', 'logging_param', 'y', '_available_plots', 'fix_imbalance', 'pipeline', 'X_train', 'fold_generator', 'fold_groups_param', 'seed'}
2026-06-09 12:19:47,324:INFO:Checking environment
2026-06-09 12:19:47,324:INFO:python_version: 3.11.15
2026-06-09 12:19:47,324:INFO:python_build: ('main', 'Mar 11 2026 17:12:15')
2026-06-09 12:19:47,324:INFO:machine: AMD64
2026-06-09 12:19:47,324:INFO:platform: Windows-10-10.0.26200-SP0
2026-06-09 12:19:47,325:INFO:Memory: svmem(total=16889192448, available=3152936960, percent=81.3, used=13736255488, free=3152936960)
2026-06-09 12:19:47,325:INFO:Physical Core: 4
2026-06-09 12:19:47,325:INFO:Logical Core: 8
2026-06-09 12:19:47,325:INFO:Checking libraries
2026-06-09 12:19:47,325:INFO:System:
2026-06-09 12:19:47,325:INFO:    python: 3.11.15 | packaged by Anaconda, Inc. | (main, Mar 11 2026, 17:12:15) [MSC v.1942 64 bit (AMD64)]
2026-06-09 12:19:47,325:INFO:executable: c:\Users\DELL\anaconda3\envs\p11_env\python.exe
2026-06-09 12:19:47,325:INFO:   machine: Windows-10-10.0.26200-SP0
2026-06-09 12:19:47,326:INFO:PyCaret required dependencies:
2026-06-09 12:19:47,328:WARNING:c:\Users\DELL\anaconda3\envs\p11_env\Lib\site-packages\_distutils_hack\__init__.py:30: UserWarning: Setuptools is replacing distutils. Support for replacing an already imported distutils is deprecated. In the future, this condition will fail. Register concerns at https://github.com/pypa/setuptools/issues/new?template=distutils-deprecation.yml
  warnings.warn(

2026-06-09 12:19:47,475:INFO:                 pip: 26.1.1
2026-06-09 12:19:47,475:INFO:          setuptools: 82.0.1
2026-06-09 12:19:47,475:INFO:             pycaret: 3.2.0
2026-06-09 12:19:47,475:INFO:             IPython: 9.14.1
2026-06-09 12:19:47,475:INFO:          ipywidgets: 8.1.8
2026-06-09 12:19:47,475:INFO:                tqdm: 4.68.1
2026-06-09 12:19:47,475:INFO:               numpy: 1.25.2
2026-06-09 12:19:47,475:INFO:              pandas: 1.5.3
2026-06-09 12:19:47,475:INFO:              jinja2: 3.1.6
2026-06-09 12:19:47,475:INFO:               scipy: 1.10.1
2026-06-09 12:19:47,477:INFO:              joblib: 1.2.0
2026-06-09 12:19:47,477:INFO:             sklearn: 1.2.2
2026-06-09 12:19:47,477:INFO:                pyod: 3.6.0
2026-06-09 12:19:47,477:INFO:            imblearn: 0.12.4
2026-06-09 12:19:47,477:INFO:   category_encoders: 2.7.0
2026-06-09 12:19:47,477:INFO:            lightgbm: 4.6.0
2026-06-09 12:19:47,477:INFO:               numba: 0.65.1
2026-06-09 12:19:47,477:INFO:            requests: 2.34.2
2026-06-09 12:19:47,477:INFO:          matplotlib: 3.7.5
2026-06-09 12:19:47,477:INFO:          scikitplot: 0.3.7
2026-06-09 12:19:47,477:INFO:         yellowbrick: 1.5
2026-06-09 12:19:47,477:INFO:              plotly: 6.8.0
2026-06-09 12:19:47,477:INFO:    plotly-resampler: Not installed
2026-06-09 12:19:47,477:INFO:             kaleido: 1.3.0
2026-06-09 12:19:47,477:INFO:           schemdraw: 0.15
2026-06-09 12:19:47,477:INFO:         statsmodels: 0.14.6
2026-06-09 12:19:47,477:INFO:              sktime: 0.21.1
2026-06-09 12:19:47,477:INFO:               tbats: 1.1.3
2026-06-09 12:19:47,477:INFO:            pmdarima: 2.0.4
2026-06-09 12:19:47,477:INFO:              psutil: 7.2.2
2026-06-09 12:19:47,477:INFO:          markupsafe: 3.0.3
2026-06-09 12:19:47,477:INFO:             pickle5: Not installed
2026-06-09 12:19:47,477:INFO:         cloudpickle: 3.1.2
2026-06-09 12:19:47,477:INFO:         deprecation: 2.1.0
2026-06-09 12:19:47,477:INFO:              xxhash: 3.7.0
2026-06-09 12:19:47,477:INFO:           wurlitzer: Not installed
2026-06-09 12:19:47,477:INFO:PyCaret optional dependencies:
2026-06-09 12:19:47,805:INFO:                shap: 0.51.0
2026-06-09 12:19:47,807:INFO:           interpret: Not installed
2026-06-09 12:19:47,807:INFO:                umap: 0.5.12
2026-06-09 12:19:47,807:INFO:     ydata_profiling: Not installed
2026-06-09 12:19:47,807:INFO:  explainerdashboard: Not installed
2026-06-09 12:19:47,807:INFO:             autoviz: Not installed
2026-06-09 12:19:47,807:INFO:           fairlearn: Not installed
2026-06-09 12:19:47,807:INFO:          deepchecks: Not installed
2026-06-09 12:19:47,807:INFO:             xgboost: 3.2.0
2026-06-09 12:19:47,807:INFO:            catboost: 1.2.10
2026-06-09 12:19:47,807:INFO:              kmodes: 0.12.2
2026-06-09 12:19:47,807:INFO:             mlxtend: 0.24.0
2026-06-09 12:19:47,807:INFO:       statsforecast: Not installed
2026-06-09 12:19:47,807:INFO:        tune_sklearn: Not installed
2026-06-09 12:19:47,807:INFO:                 ray: Not installed
2026-06-09 12:19:47,807:INFO:            hyperopt: Not installed
2026-06-09 12:19:47,807:INFO:              optuna: 4.9.0
2026-06-09 12:19:47,807:INFO:               skopt: Not installed
2026-06-09 12:19:47,807:INFO:              mlflow: 3.13.0
2026-06-09 12:19:47,807:INFO:              gradio: Not installed
2026-06-09 12:19:47,807:INFO:             fastapi: 0.136.3
2026-06-09 12:19:47,807:INFO:             uvicorn: 0.49.0
2026-06-09 12:19:47,807:INFO:              m2cgen: Not installed
2026-06-09 12:19:47,807:INFO:           evidently: Not installed
2026-06-09 12:19:47,807:INFO:               fugue: Not installed
2026-06-09 12:19:47,807:INFO:           streamlit: 1.58.0
2026-06-09 12:19:47,807:INFO:             prophet: Not installed
2026-06-09 12:19:47,808:INFO:None
2026-06-09 12:19:47,808:INFO:Set up data.
2026-06-09 12:19:48,008:INFO:Set up folding strategy.
2026-06-09 12:19:48,008:INFO:Set up train/test split.
2026-06-09 12:19:48,347:INFO:Set up index.
2026-06-09 12:19:48,364:INFO:Assigning column types.
2026-06-09 12:19:48,553:INFO:Engine successfully changes for model 'lr' to 'sklearn'.
2026-06-09 12:19:48,608:INFO:Engine for model 'knn' has not been set explicitly, hence returning None.
2026-06-09 12:19:48,622:INFO:Engine for model 'rbfsvm' has not been set explicitly, hence returning None.
2026-06-09 12:19:48,688:INFO:Soft dependency imported: xgboost: 3.2.0
2026-06-09 12:19:48,693:INFO:Soft dependency imported: catboost: 1.2.10
2026-06-09 12:19:48,919:INFO:Engine for model 'knn' has not been set explicitly, hence returning None.
2026-06-09 12:19:48,925:INFO:Engine for model 'rbfsvm' has not been set explicitly, hence returning None.
2026-06-09 12:19:48,961:INFO:Soft dependency imported: xgboost: 3.2.0
2026-06-09 12:19:48,965:INFO:Soft dependency imported: catboost: 1.2.10
2026-06-09 12:19:48,965:INFO:Engine successfully changes for model 'knn' to 'sklearn'.
2026-06-09 12:19:49,014:INFO:Engine for model 'rbfsvm' has not been set explicitly, hence returning None.
2026-06-09 12:19:49,045:INFO:Soft dependency imported: xgboost: 3.2.0
2026-06-09 12:19:49,049:INFO:Soft dependency imported: catboost: 1.2.10
2026-06-09 12:19:49,106:INFO:Engine for model 'rbfsvm' has not been set explicitly, hence returning None.
2026-06-09 12:19:49,138:INFO:Soft dependency imported: xgboost: 3.2.0
2026-06-09 12:19:49,143:INFO:Soft dependency imported: catboost: 1.2.10
2026-06-09 12:19:49,143:INFO:Engine successfully changes for model 'rbfsvm' to 'sklearn'.
2026-06-09 12:19:49,235:INFO:Soft dependency imported: xgboost: 3.2.0
2026-06-09 12:19:49,239:INFO:Soft dependency imported: catboost: 1.2.10
2026-06-09 12:19:49,332:INFO:Soft dependency imported: xgboost: 3.2.0
2026-06-09 12:19:49,336:INFO:Soft dependency imported: catboost: 1.2.10
2026-06-09 12:19:49,338:INFO:Preparing preprocessing pipeline...
2026-06-09 12:19:49,359:INFO:Set up simple imputation.
2026-06-09 12:19:49,359:INFO:Set up imbalanced handling.
2026-06-09 12:19:49,360:INFO:Set up feature normalization.
2026-06-09 12:19:55,676:INFO:Finished creating preprocessing pipeline.
2026-06-09 12:19:55,685:INFO:Pipeline: Pipeline(memory=FastMemory(location=C:\Users\DELL\AppData\Local\Temp\joblib),
         steps=[('numerical_imputer',
                 TransformerWrapper(exclude=None,
                                    include=['Open', 'High', 'Low', 'Close',
                                             'Volume', 'return_1d', 'return_3d',
                                             'return_5d', 'return_10d',
                                             'return_20d', 'overnight_gap',
                                             'body_size', 'upper_shadow',
                                             'lower_shadow', 'hl_range',
                                             'close_position', 'sma_5', 'ema_5',
                                             'sm...
                                                              strategy='most_frequent',
                                                              verbose='deprecated'))),
                ('balance',
                 TransformerWrapper(exclude=None, include=None,
                                    transformer=FixImbalancer(estimator=SMOTE(k_neighbors=5,
                                                                              n_jobs=None,
                                                                              random_state=40,
                                                                              sampling_strategy='auto')))),
                ('normalize',
                 TransformerWrapper(exclude=None, include=None,
                                    transformer=StandardScaler(copy=True,
                                                               with_mean=True,
                                                               with_std=True)))],
         verbose=False)
2026-06-09 12:19:55,685:INFO:Creating final display dataframe.
2026-06-09 12:20:01,932:INFO:Setup _display_container:                     Description             Value
0                    Session id                40
1                        Target            target
2                   Target type            Binary
3           Original data shape      (203456, 82)
4        Transformed data shape      (289061, 82)
5   Transformed train set shape      (228024, 82)
6    Transformed test set shape       (61037, 82)
7              Numeric features                81
8                    Preprocess              True
9               Imputation type            simple
10           Numeric imputation              mean
11       Categorical imputation              mode
12                Fix imbalance              True
13         Fix imbalance method             SMOTE
14                    Normalize              True
15             Normalize method            zscore
16               Fold Generator   StratifiedKFold
17                  Fold Number                10
18                     CPU Jobs                -1
19                      Use GPU             False
20               Log Experiment             False
21              Experiment Name  clf-default-name
22                          USI              e36d
2026-06-09 12:20:02,058:INFO:Soft dependency imported: xgboost: 3.2.0
2026-06-09 12:20:02,062:INFO:Soft dependency imported: catboost: 1.2.10
2026-06-09 12:20:02,155:INFO:Soft dependency imported: xgboost: 3.2.0
2026-06-09 12:20:02,159:INFO:Soft dependency imported: catboost: 1.2.10
2026-06-09 12:20:02,160:INFO:setup() successfully completed in 14.87s...............
2026-06-09 12:20:02,160:INFO:Initializing compare_models()
2026-06-09 12:20:02,160:INFO:compare_models(self=<pycaret.classification.oop.ClassificationExperiment object at 0x0000020686B51E90>, include=None, exclude=None, fold=None, round=4, cross_validation=True, sort=Accuracy, n_select=1, budget_time=None, turbo=True, errors=ignore, fit_kwargs=None, groups=None, experiment_custom_tags=None, probability_threshold=None, verbose=True, parallel=None, caller_params={'self': <pycaret.classification.oop.ClassificationExperiment object at 0x0000020686B51E90>, 'include': None, 'exclude': None, 'fold': None, 'round': 4, 'cross_validation': True, 'sort': 'Accuracy', 'n_select': 1, 'budget_time': None, 'turbo': True, 'errors': 'ignore', 'fit_kwargs': None, 'groups': None, 'experiment_custom_tags': None, 'probability_threshold': None, 'engine': None, 'verbose': True, 'parallel': None, '__class__': <class 'pycaret.classification.oop.ClassificationExperiment'>})
2026-06-09 12:20:02,160:INFO:Checking exceptions
2026-06-09 12:20:02,277:INFO:Preparing display monitor
2026-06-09 12:20:02,308:INFO:Initializing Logistic Regression
2026-06-09 12:20:02,309:INFO:Total runtime is 1.683235168457031e-05 minutes
2026-06-09 12:20:02,313:INFO:SubProcess create_model() called ==================================
2026-06-09 12:20:02,314:INFO:Initializing create_model()
2026-06-09 12:20:02,314:INFO:create_model(self=<pycaret.classification.oop.ClassificationExperiment object at 0x0000020686B51E90>, estimator=lr, fold=StratifiedKFold(n_splits=10, random_state=None, shuffle=False), round=4, cross_validation=True, predict=True, fit_kwargs={}, groups=None, refit=False, probability_threshold=None, experiment_custom_tags=None, verbose=False, system=False, add_to_model_list=True, metrics=None, display=<pycaret.internal.display.display.CommonDisplay object at 0x00000206828C15D0>, model_only=True, return_train_score=False, error_score=0.0, kwargs={})
2026-06-09 12:20:02,314:INFO:Checking exceptions
2026-06-09 12:20:02,314:INFO:Importing libraries
2026-06-09 12:20:02,315:INFO:Copying training dataset
2026-06-09 12:20:02,530:INFO:Defining folds
2026-06-09 12:20:02,530:INFO:Declaring metric variables
2026-06-09 12:20:02,533:INFO:Importing untrained model
2026-06-09 12:20:02,537:INFO:Logistic Regression Imported successfully
2026-06-09 12:20:02,544:INFO:Starting cross validation
2026-06-09 12:20:02,549:INFO:Cross validating with StratifiedKFold(n_splits=10, random_state=None, shuffle=False), n_jobs=-1
2026-06-09 12:20:15,159:WARNING:c:\Users\DELL\anaconda3\envs\p11_env\Lib\site-packages\_distutils_hack\__init__.py:30: UserWarning: Setuptools is replacing distutils. Support for replacing an already imported distutils is deprecated. In the future, this condition will fail. Register concerns at https://github.com/pypa/setuptools/issues/new?template=distutils-deprecation.yml
  warnings.warn(

2026-06-09 12:20:15,220:WARNING:c:\Users\DELL\anaconda3\envs\p11_env\Lib\site-packages\_distutils_hack\__init__.py:30: UserWarning: Setuptools is replacing distutils. Support for replacing an already imported distutils is deprecated. In the future, this condition will fail. Register concerns at https://github.com/pypa/setuptools/issues/new?template=distutils-deprecation.yml
  warnings.warn(

2026-06-09 12:20:15,289:WARNING:c:\Users\DELL\anaconda3\envs\p11_env\Lib\site-packages\_distutils_hack\__init__.py:30: UserWarning: Setuptools is replacing distutils. Support for replacing an already imported distutils is deprecated. In the future, this condition will fail. Register concerns at https://github.com/pypa/setuptools/issues/new?template=distutils-deprecation.yml
  warnings.warn(

2026-06-09 12:20:15,333:WARNING:c:\Users\DELL\anaconda3\envs\p11_env\Lib\site-packages\_distutils_hack\__init__.py:30: UserWarning: Setuptools is replacing distutils. Support for replacing an already imported distutils is deprecated. In the future, this condition will fail. Register concerns at https://github.com/pypa/setuptools/issues/new?template=distutils-deprecation.yml
  warnings.warn(

2026-06-09 12:20:15,458:WARNING:c:\Users\DELL\anaconda3\envs\p11_env\Lib\site-packages\_distutils_hack\__init__.py:30: UserWarning: Setuptools is replacing distutils. Support for replacing an already imported distutils is deprecated. In the future, this condition will fail. Register concerns at https://github.com/pypa/setuptools/issues/new?template=distutils-deprecation.yml
  warnings.warn(

2026-06-09 12:20:15,512:WARNING:c:\Users\DELL\anaconda3\envs\p11_env\Lib\site-packages\_distutils_hack\__init__.py:30: UserWarning: Setuptools is replacing distutils. Support for replacing an already imported distutils is deprecated. In the future, this condition will fail. Register concerns at https://github.com/pypa/setuptools/issues/new?template=distutils-deprecation.yml
  warnings.warn(

2026-06-09 12:20:15,525:WARNING:c:\Users\DELL\anaconda3\envs\p11_env\Lib\site-packages\_distutils_hack\__init__.py:30: UserWarning: Setuptools is replacing distutils. Support for replacing an already imported distutils is deprecated. In the future, this condition will fail. Register concerns at https://github.com/pypa/setuptools/issues/new?template=distutils-deprecation.yml
  warnings.warn(

2026-06-09 12:20:15,891:WARNING:c:\Users\DELL\anaconda3\envs\p11_env\Lib\site-packages\_distutils_hack\__init__.py:30: UserWarning: Setuptools is replacing distutils. Support for replacing an already imported distutils is deprecated. In the future, this condition will fail. Register concerns at https://github.com/pypa/setuptools/issues/new?template=distutils-deprecation.yml
  warnings.warn(

2026-06-09 12:23:09,463:INFO:Calculating mean and std
2026-06-09 12:23:09,463:INFO:Creating metrics dataframe
2026-06-09 12:23:09,467:INFO:Uploading results into container
2026-06-09 12:23:09,467:INFO:Uploading model into container now
2026-06-09 12:23:09,479:INFO:_master_model_container: 1
2026-06-09 12:23:09,479:INFO:_display_container: 2
2026-06-09 12:23:09,479:INFO:LogisticRegression(C=1.0, class_weight=None, dual=False, fit_intercept=True,
                   intercept_scaling=1, l1_ratio=None, max_iter=1000,
                   multi_class='auto', n_jobs=None, penalty='l2',
                   random_state=40, solver='lbfgs', tol=0.0001, verbose=0,
                   warm_start=False)
2026-06-09 12:23:09,479:INFO:create_model() successfully completed......................................
2026-06-09 12:23:09,641:INFO:SubProcess create_model() end ==================================
2026-06-09 12:23:09,641:INFO:Creating metrics dataframe
2026-06-09 12:23:09,649:INFO:Initializing K Neighbors Classifier
2026-06-09 12:23:09,649:INFO:Total runtime is 3.1223543445269266 minutes
2026-06-09 12:23:09,649:INFO:SubProcess create_model() called ==================================
2026-06-09 12:23:09,649:INFO:Initializing create_model()
2026-06-09 12:23:09,649:INFO:create_model(self=<pycaret.classification.oop.ClassificationExperiment object at 0x0000020686B51E90>, estimator=knn, fold=StratifiedKFold(n_splits=10, random_state=None, shuffle=False), round=4, cross_validation=True, predict=True, fit_kwargs={}, groups=None, refit=False, probability_threshold=None, experiment_custom_tags=None, verbose=False, system=False, add_to_model_list=True, metrics=None, display=<pycaret.internal.display.display.CommonDisplay object at 0x00000206828C15D0>, model_only=True, return_train_score=False, error_score=0.0, kwargs={})
2026-06-09 12:23:09,649:INFO:Checking exceptions
2026-06-09 12:23:09,649:INFO:Importing libraries
2026-06-09 12:23:09,649:INFO:Copying training dataset
2026-06-09 12:23:09,825:INFO:Defining folds
2026-06-09 12:23:09,825:INFO:Declaring metric variables
2026-06-09 12:23:09,830:INFO:Importing untrained model
2026-06-09 12:23:09,836:INFO:K Neighbors Classifier Imported successfully
2026-06-09 12:23:09,847:INFO:Starting cross validation
2026-06-09 12:23:09,852:INFO:Cross validating with StratifiedKFold(n_splits=10, random_state=None, shuffle=False), n_jobs=-1
2026-06-09 12:30:39,584:INFO:Calculating mean and std
2026-06-09 12:30:39,586:INFO:Creating metrics dataframe
2026-06-09 12:30:39,593:INFO:Uploading results into container
2026-06-09 12:30:39,594:INFO:Uploading model into container now
2026-06-09 12:30:39,595:INFO:_master_model_container: 2
2026-06-09 12:30:39,595:INFO:_display_container: 2
2026-06-09 12:30:39,595:INFO:KNeighborsClassifier(algorithm='auto', leaf_size=30, metric='minkowski',
                     metric_params=None, n_jobs=-1, n_neighbors=5, p=2,
                     weights='uniform')
2026-06-09 12:30:39,595:INFO:create_model() successfully completed......................................
2026-06-09 12:30:39,805:INFO:SubProcess create_model() end ==================================
2026-06-09 12:30:39,805:INFO:Creating metrics dataframe
2026-06-09 12:30:39,818:INFO:Initializing Naive Bayes
2026-06-09 12:30:39,818:INFO:Total runtime is 10.625169269243877 minutes
2026-06-09 12:30:39,823:INFO:SubProcess create_model() called ==================================
2026-06-09 12:30:39,826:INFO:Initializing create_model()
2026-06-09 12:30:39,826:INFO:create_model(self=<pycaret.classification.oop.ClassificationExperiment object at 0x0000020686B51E90>, estimator=nb, fold=StratifiedKFold(n_splits=10, random_state=None, shuffle=False), round=4, cross_validation=True, predict=True, fit_kwargs={}, groups=None, refit=False, probability_threshold=None, experiment_custom_tags=None, verbose=False, system=False, add_to_model_list=True, metrics=None, display=<pycaret.internal.display.display.CommonDisplay object at 0x00000206828C15D0>, model_only=True, return_train_score=False, error_score=0.0, kwargs={})
2026-06-09 12:30:39,826:INFO:Checking exceptions
2026-06-09 12:30:39,827:INFO:Importing libraries
2026-06-09 12:30:39,827:INFO:Copying training dataset
2026-06-09 12:30:40,068:INFO:Defining folds
2026-06-09 12:30:40,068:INFO:Declaring metric variables
2026-06-09 12:30:40,076:INFO:Importing untrained model
2026-06-09 12:30:40,082:INFO:Naive Bayes Imported successfully
2026-06-09 12:30:40,088:INFO:Starting cross validation
2026-06-09 12:30:40,096:INFO:Cross validating with StratifiedKFold(n_splits=10, random_state=None, shuffle=False), n_jobs=-1
2026-06-09 12:31:43,317:INFO:Calculating mean and std
2026-06-09 12:31:43,319:INFO:Creating metrics dataframe
2026-06-09 12:31:43,325:INFO:Uploading results into container
2026-06-09 12:31:43,327:INFO:Uploading model into container now
2026-06-09 12:31:43,328:INFO:_master_model_container: 3
2026-06-09 12:31:43,328:INFO:_display_container: 2
2026-06-09 12:31:43,329:INFO:GaussianNB(priors=None, var_smoothing=1e-09)
2026-06-09 12:31:43,330:INFO:create_model() successfully completed......................................
2026-06-09 12:31:43,560:INFO:SubProcess create_model() end ==================================
2026-06-09 12:31:43,561:INFO:Creating metrics dataframe
2026-06-09 12:31:43,576:INFO:Initializing Decision Tree Classifier
2026-06-09 12:31:43,576:INFO:Total runtime is 11.68779993057251 minutes
2026-06-09 12:31:43,580:INFO:SubProcess create_model() called ==================================
2026-06-09 12:31:43,581:INFO:Initializing create_model()
2026-06-09 12:31:43,581:INFO:create_model(self=<pycaret.classification.oop.ClassificationExperiment object at 0x0000020686B51E90>, estimator=dt, fold=StratifiedKFold(n_splits=10, random_state=None, shuffle=False), round=4, cross_validation=True, predict=True, fit_kwargs={}, groups=None, refit=False, probability_threshold=None, experiment_custom_tags=None, verbose=False, system=False, add_to_model_list=True, metrics=None, display=<pycaret.internal.display.display.CommonDisplay object at 0x00000206828C15D0>, model_only=True, return_train_score=False, error_score=0.0, kwargs={})
2026-06-09 12:31:43,581:INFO:Checking exceptions
2026-06-09 12:31:43,581:INFO:Importing libraries
2026-06-09 12:31:43,583:INFO:Copying training dataset
2026-06-09 12:31:43,861:INFO:Defining folds
2026-06-09 12:31:43,862:INFO:Declaring metric variables
2026-06-09 12:31:43,867:INFO:Importing untrained model
2026-06-09 12:31:43,875:INFO:Decision Tree Classifier Imported successfully
2026-06-09 12:31:43,887:INFO:Starting cross validation
2026-06-09 12:31:43,895:INFO:Cross validating with StratifiedKFold(n_splits=10, random_state=None, shuffle=False), n_jobs=-1
2026-06-09 12:36:07,717:INFO:Calculating mean and std
2026-06-09 12:36:07,718:INFO:Creating metrics dataframe
2026-06-09 12:36:07,724:INFO:Uploading results into container
2026-06-09 12:36:07,726:INFO:Uploading model into container now
2026-06-09 12:36:07,727:INFO:_master_model_container: 4
2026-06-09 12:36:07,728:INFO:_display_container: 2
2026-06-09 12:36:07,729:INFO:DecisionTreeClassifier(ccp_alpha=0.0, class_weight=None, criterion='gini',
                       max_depth=None, max_features=None, max_leaf_nodes=None,
                       min_impurity_decrease=0.0, min_samples_leaf=1,
                       min_samples_split=2, min_weight_fraction_leaf=0.0,
                       random_state=40, splitter='best')
2026-06-09 12:36:07,729:INFO:create_model() successfully completed......................................
2026-06-09 12:36:07,976:INFO:SubProcess create_model() end ==================================
2026-06-09 12:36:07,976:INFO:Creating metrics dataframe
2026-06-09 12:36:07,994:INFO:Initializing SVM - Linear Kernel
2026-06-09 12:36:07,994:INFO:Total runtime is 16.094774651527405 minutes
2026-06-09 12:36:08,000:INFO:SubProcess create_model() called ==================================
2026-06-09 12:36:08,001:INFO:Initializing create_model()
2026-06-09 12:36:08,001:INFO:create_model(self=<pycaret.classification.oop.ClassificationExperiment object at 0x0000020686B51E90>, estimator=svm, fold=StratifiedKFold(n_splits=10, random_state=None, shuffle=False), round=4, cross_validation=True, predict=True, fit_kwargs={}, groups=None, refit=False, probability_threshold=None, experiment_custom_tags=None, verbose=False, system=False, add_to_model_list=True, metrics=None, display=<pycaret.internal.display.display.CommonDisplay object at 0x00000206828C15D0>, model_only=True, return_train_score=False, error_score=0.0, kwargs={})
2026-06-09 12:36:08,001:INFO:Checking exceptions
2026-06-09 12:36:08,001:INFO:Importing libraries
2026-06-09 12:36:08,001:INFO:Copying training dataset
2026-06-09 12:36:08,258:INFO:Defining folds
2026-06-09 12:36:08,258:INFO:Declaring metric variables
2026-06-09 12:36:08,263:INFO:Importing untrained model
2026-06-09 12:36:08,270:INFO:SVM - Linear Kernel Imported successfully
2026-06-09 12:36:08,279:INFO:Starting cross validation
2026-06-09 12:36:08,286:INFO:Cross validating with StratifiedKFold(n_splits=10, random_state=None, shuffle=False), n_jobs=-1
2026-06-09 12:36:50,401:WARNING:c:\Users\DELL\anaconda3\envs\p11_env\Lib\site-packages\pycaret\internal\metrics.py:190: FitFailedWarning: Metric 'make_scorer(roc_auc_score, needs_proba=True, error_score=0.0, average=weighted, multi_class=ovr)' failed and error score 0.0 has been returned instead. If this is a custom metric, this usually means that the error is in the metric code. Full exception below:
Traceback (most recent call last):
  File "c:\Users\DELL\anaconda3\envs\p11_env\Lib\site-packages\sklearn\metrics\_scorer.py", line 76, in _cached_call
    return cache[method]
           ~~~~~^^^^^^^^
KeyError: 'predict_proba'

During handling of the above exception, another exception occurred:

Traceback (most recent call last):
  File "c:\Users\DELL\anaconda3\envs\p11_env\Lib\site-packages\pycaret\internal\metrics.py", line 182, in _score
    return super()._score(
           ^^^^^^^^^^^^^^^
  File "c:\Users\DELL\anaconda3\envs\p11_env\Lib\site-packages\sklearn\metrics\_scorer.py", line 316, in _score
    y_pred = method_caller(clf, "predict_proba", X)
             ^^^^^^^^^^^^^^^^^^^^^^^^^^^^^^^^^^^^^^
  File "c:\Users\DELL\anaconda3\envs\p11_env\Lib\site-packages\sklearn\metrics\_scorer.py", line 78, in _cached_call
    result = getattr(estimator, method)(*args, **kwargs)
             ^^^^^^^^^^^^^^^^^^^^^^^^^^
  File "c:\Users\DELL\anaconda3\envs\p11_env\Lib\site-packages\pycaret\internal\pipeline.py", line 127, in __getattr__
    return getattr(self._final_estimator, name)
           ^^^^^^^^^^^^^^^^^^^^^^^^^^^^^^^^^^^^
  File "c:\Users\DELL\anaconda3\envs\p11_env\Lib\site-packages\sklearn\utils\_available_if.py", line 32, in __get__
    if not self.check(obj):
           ^^^^^^^^^^^^^^^
  File "c:\Users\DELL\anaconda3\envs\p11_env\Lib\site-packages\sklearn\linear_model\_stochastic_gradient.py", line 1235, in _check_proba
    raise AttributeError(
AttributeError: probability estimates are not available for loss='hinge'

  warnings.warn(

2026-06-09 12:36:50,563:WARNING:c:\Users\DELL\anaconda3\envs\p11_env\Lib\site-packages\pycaret\internal\metrics.py:190: FitFailedWarning: Metric 'make_scorer(roc_auc_score, needs_proba=True, error_score=0.0, average=weighted, multi_class=ovr)' failed and error score 0.0 has been returned instead. If this is a custom metric, this usually means that the error is in the metric code. Full exception below:
Traceback (most recent call last):
  File "c:\Users\DELL\anaconda3\envs\p11_env\Lib\site-packages\sklearn\metrics\_scorer.py", line 76, in _cached_call
    return cache[method]
           ~~~~~^^^^^^^^
KeyError: 'predict_proba'

During handling of the above exception, another exception occurred:

Traceback (most recent call last):
  File "c:\Users\DELL\anaconda3\envs\p11_env\Lib\site-packages\pycaret\internal\metrics.py", line 182, in _score
    return super()._score(
           ^^^^^^^^^^^^^^^
  File "c:\Users\DELL\anaconda3\envs\p11_env\Lib\site-packages\sklearn\metrics\_scorer.py", line 316, in _score
    y_pred = method_caller(clf, "predict_proba", X)
             ^^^^^^^^^^^^^^^^^^^^^^^^^^^^^^^^^^^^^^
  File "c:\Users\DELL\anaconda3\envs\p11_env\Lib\site-packages\sklearn\metrics\_scorer.py", line 78, in _cached_call
    result = getattr(estimator, method)(*args, **kwargs)
             ^^^^^^^^^^^^^^^^^^^^^^^^^^
  File "c:\Users\DELL\anaconda3\envs\p11_env\Lib\site-packages\pycaret\internal\pipeline.py", line 127, in __getattr__
    return getattr(self._final_estimator, name)
           ^^^^^^^^^^^^^^^^^^^^^^^^^^^^^^^^^^^^
  File "c:\Users\DELL\anaconda3\envs\p11_env\Lib\site-packages\sklearn\utils\_available_if.py", line 32, in __get__
    if not self.check(obj):
           ^^^^^^^^^^^^^^^
  File "c:\Users\DELL\anaconda3\envs\p11_env\Lib\site-packages\sklearn\linear_model\_stochastic_gradient.py", line 1235, in _check_proba
    raise AttributeError(
AttributeError: probability estimates are not available for loss='hinge'

  warnings.warn(

2026-06-09 12:36:50,572:WARNING:c:\Users\DELL\anaconda3\envs\p11_env\Lib\site-packages\pycaret\internal\metrics.py:190: FitFailedWarning: Metric 'make_scorer(roc_auc_score, needs_proba=True, error_score=0.0, average=weighted, multi_class=ovr)' failed and error score 0.0 has been returned instead. If this is a custom metric, this usually means that the error is in the metric code. Full exception below:
Traceback (most recent call last):
  File "c:\Users\DELL\anaconda3\envs\p11_env\Lib\site-packages\sklearn\metrics\_scorer.py", line 76, in _cached_call
    return cache[method]
           ~~~~~^^^^^^^^
KeyError: 'predict_proba'

During handling of the above exception, another exception occurred:

Traceback (most recent call last):
  File "c:\Users\DELL\anaconda3\envs\p11_env\Lib\site-packages\pycaret\internal\metrics.py", line 182, in _score
    return super()._score(
           ^^^^^^^^^^^^^^^
  File "c:\Users\DELL\anaconda3\envs\p11_env\Lib\site-packages\sklearn\metrics\_scorer.py", line 316, in _score
    y_pred = method_caller(clf, "predict_proba", X)
             ^^^^^^^^^^^^^^^^^^^^^^^^^^^^^^^^^^^^^^
  File "c:\Users\DELL\anaconda3\envs\p11_env\Lib\site-packages\sklearn\metrics\_scorer.py", line 78, in _cached_call
    result = getattr(estimator, method)(*args, **kwargs)
             ^^^^^^^^^^^^^^^^^^^^^^^^^^
  File "c:\Users\DELL\anaconda3\envs\p11_env\Lib\site-packages\pycaret\internal\pipeline.py", line 127, in __getattr__
    return getattr(self._final_estimator, name)
           ^^^^^^^^^^^^^^^^^^^^^^^^^^^^^^^^^^^^
  File "c:\Users\DELL\anaconda3\envs\p11_env\Lib\site-packages\sklearn\utils\_available_if.py", line 32, in __get__
    if not self.check(obj):
           ^^^^^^^^^^^^^^^
  File "c:\Users\DELL\anaconda3\envs\p11_env\Lib\site-packages\sklearn\linear_model\_stochastic_gradient.py", line 1235, in _check_proba
    raise AttributeError(
AttributeError: probability estimates are not available for loss='hinge'

  warnings.warn(

2026-06-09 12:36:50,991:WARNING:c:\Users\DELL\anaconda3\envs\p11_env\Lib\site-packages\pycaret\internal\metrics.py:190: FitFailedWarning: Metric 'make_scorer(roc_auc_score, needs_proba=True, error_score=0.0, average=weighted, multi_class=ovr)' failed and error score 0.0 has been returned instead. If this is a custom metric, this usually means that the error is in the metric code. Full exception below:
Traceback (most recent call last):
  File "c:\Users\DELL\anaconda3\envs\p11_env\Lib\site-packages\sklearn\metrics\_scorer.py", line 76, in _cached_call
    return cache[method]
           ~~~~~^^^^^^^^
KeyError: 'predict_proba'

During handling of the above exception, another exception occurred:

Traceback (most recent call last):
  File "c:\Users\DELL\anaconda3\envs\p11_env\Lib\site-packages\pycaret\internal\metrics.py", line 182, in _score
    return super()._score(
           ^^^^^^^^^^^^^^^
  File "c:\Users\DELL\anaconda3\envs\p11_env\Lib\site-packages\sklearn\metrics\_scorer.py", line 316, in _score
    y_pred = method_caller(clf, "predict_proba", X)
             ^^^^^^^^^^^^^^^^^^^^^^^^^^^^^^^^^^^^^^
  File "c:\Users\DELL\anaconda3\envs\p11_env\Lib\site-packages\sklearn\metrics\_scorer.py", line 78, in _cached_call
    result = getattr(estimator, method)(*args, **kwargs)
             ^^^^^^^^^^^^^^^^^^^^^^^^^^
  File "c:\Users\DELL\anaconda3\envs\p11_env\Lib\site-packages\pycaret\internal\pipeline.py", line 127, in __getattr__
    return getattr(self._final_estimator, name)
           ^^^^^^^^^^^^^^^^^^^^^^^^^^^^^^^^^^^^
  File "c:\Users\DELL\anaconda3\envs\p11_env\Lib\site-packages\sklearn\utils\_available_if.py", line 32, in __get__
    if not self.check(obj):
           ^^^^^^^^^^^^^^^
  File "c:\Users\DELL\anaconda3\envs\p11_env\Lib\site-packages\sklearn\linear_model\_stochastic_gradient.py", line 1235, in _check_proba
    raise AttributeError(
AttributeError: probability estimates are not available for loss='hinge'

  warnings.warn(

2026-06-09 12:36:52,288:WARNING:c:\Users\DELL\anaconda3\envs\p11_env\Lib\site-packages\pycaret\internal\metrics.py:190: FitFailedWarning: Metric 'make_scorer(roc_auc_score, needs_proba=True, error_score=0.0, average=weighted, multi_class=ovr)' failed and error score 0.0 has been returned instead. If this is a custom metric, this usually means that the error is in the metric code. Full exception below:
Traceback (most recent call last):
  File "c:\Users\DELL\anaconda3\envs\p11_env\Lib\site-packages\sklearn\metrics\_scorer.py", line 76, in _cached_call
    return cache[method]
           ~~~~~^^^^^^^^
KeyError: 'predict_proba'

During handling of the above exception, another exception occurred:

Traceback (most recent call last):
  File "c:\Users\DELL\anaconda3\envs\p11_env\Lib\site-packages\pycaret\internal\metrics.py", line 182, in _score
    return super()._score(
           ^^^^^^^^^^^^^^^
  File "c:\Users\DELL\anaconda3\envs\p11_env\Lib\site-packages\sklearn\metrics\_scorer.py", line 316, in _score
    y_pred = method_caller(clf, "predict_proba", X)
             ^^^^^^^^^^^^^^^^^^^^^^^^^^^^^^^^^^^^^^
  File "c:\Users\DELL\anaconda3\envs\p11_env\Lib\site-packages\sklearn\metrics\_scorer.py", line 78, in _cached_call
    result = getattr(estimator, method)(*args, **kwargs)
             ^^^^^^^^^^^^^^^^^^^^^^^^^^
  File "c:\Users\DELL\anaconda3\envs\p11_env\Lib\site-packages\pycaret\internal\pipeline.py", line 127, in __getattr__
    return getattr(self._final_estimator, name)
           ^^^^^^^^^^^^^^^^^^^^^^^^^^^^^^^^^^^^
  File "c:\Users\DELL\anaconda3\envs\p11_env\Lib\site-packages\sklearn\utils\_available_if.py", line 32, in __get__
    if not self.check(obj):
           ^^^^^^^^^^^^^^^
  File "c:\Users\DELL\anaconda3\envs\p11_env\Lib\site-packages\sklearn\linear_model\_stochastic_gradient.py", line 1235, in _check_proba
    raise AttributeError(
AttributeError: probability estimates are not available for loss='hinge'

  warnings.warn(

2026-06-09 12:36:53,008:WARNING:c:\Users\DELL\anaconda3\envs\p11_env\Lib\site-packages\pycaret\internal\metrics.py:190: FitFailedWarning: Metric 'make_scorer(roc_auc_score, needs_proba=True, error_score=0.0, average=weighted, multi_class=ovr)' failed and error score 0.0 has been returned instead. If this is a custom metric, this usually means that the error is in the metric code. Full exception below:
Traceback (most recent call last):
  File "c:\Users\DELL\anaconda3\envs\p11_env\Lib\site-packages\sklearn\metrics\_scorer.py", line 76, in _cached_call
    return cache[method]
           ~~~~~^^^^^^^^
KeyError: 'predict_proba'

During handling of the above exception, another exception occurred:

Traceback (most recent call last):
  File "c:\Users\DELL\anaconda3\envs\p11_env\Lib\site-packages\pycaret\internal\metrics.py", line 182, in _score
    return super()._score(
           ^^^^^^^^^^^^^^^
  File "c:\Users\DELL\anaconda3\envs\p11_env\Lib\site-packages\sklearn\metrics\_scorer.py", line 316, in _score
    y_pred = method_caller(clf, "predict_proba", X)
             ^^^^^^^^^^^^^^^^^^^^^^^^^^^^^^^^^^^^^^
  File "c:\Users\DELL\anaconda3\envs\p11_env\Lib\site-packages\sklearn\metrics\_scorer.py", line 78, in _cached_call
    result = getattr(estimator, method)(*args, **kwargs)
             ^^^^^^^^^^^^^^^^^^^^^^^^^^
  File "c:\Users\DELL\anaconda3\envs\p11_env\Lib\site-packages\pycaret\internal\pipeline.py", line 127, in __getattr__
    return getattr(self._final_estimator, name)
           ^^^^^^^^^^^^^^^^^^^^^^^^^^^^^^^^^^^^
  File "c:\Users\DELL\anaconda3\envs\p11_env\Lib\site-packages\sklearn\utils\_available_if.py", line 32, in __get__
    if not self.check(obj):
           ^^^^^^^^^^^^^^^
  File "c:\Users\DELL\anaconda3\envs\p11_env\Lib\site-packages\sklearn\linear_model\_stochastic_gradient.py", line 1235, in _check_proba
    raise AttributeError(
AttributeError: probability estimates are not available for loss='hinge'

  warnings.warn(

2026-06-09 12:36:53,224:WARNING:c:\Users\DELL\anaconda3\envs\p11_env\Lib\site-packages\pycaret\internal\metrics.py:190: FitFailedWarning: Metric 'make_scorer(roc_auc_score, needs_proba=True, error_score=0.0, average=weighted, multi_class=ovr)' failed and error score 0.0 has been returned instead. If this is a custom metric, this usually means that the error is in the metric code. Full exception below:
Traceback (most recent call last):
  File "c:\Users\DELL\anaconda3\envs\p11_env\Lib\site-packages\sklearn\metrics\_scorer.py", line 76, in _cached_call
    return cache[method]
           ~~~~~^^^^^^^^
KeyError: 'predict_proba'

During handling of the above exception, another exception occurred:

Traceback (most recent call last):
  File "c:\Users\DELL\anaconda3\envs\p11_env\Lib\site-packages\pycaret\internal\metrics.py", line 182, in _score
    return super()._score(
           ^^^^^^^^^^^^^^^
  File "c:\Users\DELL\anaconda3\envs\p11_env\Lib\site-packages\sklearn\metrics\_scorer.py", line 316, in _score
    y_pred = method_caller(clf, "predict_proba", X)
             ^^^^^^^^^^^^^^^^^^^^^^^^^^^^^^^^^^^^^^
  File "c:\Users\DELL\anaconda3\envs\p11_env\Lib\site-packages\sklearn\metrics\_scorer.py", line 78, in _cached_call
    result = getattr(estimator, method)(*args, **kwargs)
             ^^^^^^^^^^^^^^^^^^^^^^^^^^
  File "c:\Users\DELL\anaconda3\envs\p11_env\Lib\site-packages\pycaret\internal\pipeline.py", line 127, in __getattr__
    return getattr(self._final_estimator, name)
           ^^^^^^^^^^^^^^^^^^^^^^^^^^^^^^^^^^^^
  File "c:\Users\DELL\anaconda3\envs\p11_env\Lib\site-packages\sklearn\utils\_available_if.py", line 32, in __get__
    if not self.check(obj):
           ^^^^^^^^^^^^^^^
  File "c:\Users\DELL\anaconda3\envs\p11_env\Lib\site-packages\sklearn\linear_model\_stochastic_gradient.py", line 1235, in _check_proba
    raise AttributeError(
AttributeError: probability estimates are not available for loss='hinge'

  warnings.warn(

2026-06-09 12:36:54,938:WARNING:c:\Users\DELL\anaconda3\envs\p11_env\Lib\site-packages\pycaret\internal\metrics.py:190: FitFailedWarning: Metric 'make_scorer(roc_auc_score, needs_proba=True, error_score=0.0, average=weighted, multi_class=ovr)' failed and error score 0.0 has been returned instead. If this is a custom metric, this usually means that the error is in the metric code. Full exception below:
Traceback (most recent call last):
  File "c:\Users\DELL\anaconda3\envs\p11_env\Lib\site-packages\sklearn\metrics\_scorer.py", line 76, in _cached_call
    return cache[method]
           ~~~~~^^^^^^^^
KeyError: 'predict_proba'

During handling of the above exception, another exception occurred:

Traceback (most recent call last):
  File "c:\Users\DELL\anaconda3\envs\p11_env\Lib\site-packages\pycaret\internal\metrics.py", line 182, in _score
    return super()._score(
           ^^^^^^^^^^^^^^^
  File "c:\Users\DELL\anaconda3\envs\p11_env\Lib\site-packages\sklearn\metrics\_scorer.py", line 316, in _score
    y_pred = method_caller(clf, "predict_proba", X)
             ^^^^^^^^^^^^^^^^^^^^^^^^^^^^^^^^^^^^^^
  File "c:\Users\DELL\anaconda3\envs\p11_env\Lib\site-packages\sklearn\metrics\_scorer.py", line 78, in _cached_call
    result = getattr(estimator, method)(*args, **kwargs)
             ^^^^^^^^^^^^^^^^^^^^^^^^^^
  File "c:\Users\DELL\anaconda3\envs\p11_env\Lib\site-packages\pycaret\internal\pipeline.py", line 127, in __getattr__
    return getattr(self._final_estimator, name)
           ^^^^^^^^^^^^^^^^^^^^^^^^^^^^^^^^^^^^
  File "c:\Users\DELL\anaconda3\envs\p11_env\Lib\site-packages\sklearn\utils\_available_if.py", line 32, in __get__
    if not self.check(obj):
           ^^^^^^^^^^^^^^^
  File "c:\Users\DELL\anaconda3\envs\p11_env\Lib\site-packages\sklearn\linear_model\_stochastic_gradient.py", line 1235, in _check_proba
    raise AttributeError(
AttributeError: probability estimates are not available for loss='hinge'

  warnings.warn(

2026-06-09 12:37:11,601:WARNING:c:\Users\DELL\anaconda3\envs\p11_env\Lib\site-packages\pycaret\internal\metrics.py:190: FitFailedWarning: Metric 'make_scorer(roc_auc_score, needs_proba=True, error_score=0.0, average=weighted, multi_class=ovr)' failed and error score 0.0 has been returned instead. If this is a custom metric, this usually means that the error is in the metric code. Full exception below:
Traceback (most recent call last):
  File "c:\Users\DELL\anaconda3\envs\p11_env\Lib\site-packages\sklearn\metrics\_scorer.py", line 76, in _cached_call
    return cache[method]
           ~~~~~^^^^^^^^
KeyError: 'predict_proba'

During handling of the above exception, another exception occurred:

Traceback (most recent call last):
  File "c:\Users\DELL\anaconda3\envs\p11_env\Lib\site-packages\pycaret\internal\metrics.py", line 182, in _score
    return super()._score(
           ^^^^^^^^^^^^^^^
  File "c:\Users\DELL\anaconda3\envs\p11_env\Lib\site-packages\sklearn\metrics\_scorer.py", line 316, in _score
    y_pred = method_caller(clf, "predict_proba", X)
             ^^^^^^^^^^^^^^^^^^^^^^^^^^^^^^^^^^^^^^
  File "c:\Users\DELL\anaconda3\envs\p11_env\Lib\site-packages\sklearn\metrics\_scorer.py", line 78, in _cached_call
    result = getattr(estimator, method)(*args, **kwargs)
             ^^^^^^^^^^^^^^^^^^^^^^^^^^
  File "c:\Users\DELL\anaconda3\envs\p11_env\Lib\site-packages\pycaret\internal\pipeline.py", line 127, in __getattr__
    return getattr(self._final_estimator, name)
           ^^^^^^^^^^^^^^^^^^^^^^^^^^^^^^^^^^^^
  File "c:\Users\DELL\anaconda3\envs\p11_env\Lib\site-packages\sklearn\utils\_available_if.py", line 32, in __get__
    if not self.check(obj):
           ^^^^^^^^^^^^^^^
  File "c:\Users\DELL\anaconda3\envs\p11_env\Lib\site-packages\sklearn\linear_model\_stochastic_gradient.py", line 1235, in _check_proba
    raise AttributeError(
AttributeError: probability estimates are not available for loss='hinge'

  warnings.warn(

2026-06-09 12:37:12,314:WARNING:c:\Users\DELL\anaconda3\envs\p11_env\Lib\site-packages\pycaret\internal\metrics.py:190: FitFailedWarning: Metric 'make_scorer(roc_auc_score, needs_proba=True, error_score=0.0, average=weighted, multi_class=ovr)' failed and error score 0.0 has been returned instead. If this is a custom metric, this usually means that the error is in the metric code. Full exception below:
Traceback (most recent call last):
  File "c:\Users\DELL\anaconda3\envs\p11_env\Lib\site-packages\sklearn\metrics\_scorer.py", line 76, in _cached_call
    return cache[method]
           ~~~~~^^^^^^^^
KeyError: 'predict_proba'

During handling of the above exception, another exception occurred:

Traceback (most recent call last):
  File "c:\Users\DELL\anaconda3\envs\p11_env\Lib\site-packages\pycaret\internal\metrics.py", line 182, in _score
    return super()._score(
           ^^^^^^^^^^^^^^^
  File "c:\Users\DELL\anaconda3\envs\p11_env\Lib\site-packages\sklearn\metrics\_scorer.py", line 316, in _score
    y_pred = method_caller(clf, "predict_proba", X)
             ^^^^^^^^^^^^^^^^^^^^^^^^^^^^^^^^^^^^^^
  File "c:\Users\DELL\anaconda3\envs\p11_env\Lib\site-packages\sklearn\metrics\_scorer.py", line 78, in _cached_call
    result = getattr(estimator, method)(*args, **kwargs)
             ^^^^^^^^^^^^^^^^^^^^^^^^^^
  File "c:\Users\DELL\anaconda3\envs\p11_env\Lib\site-packages\pycaret\internal\pipeline.py", line 127, in __getattr__
    return getattr(self._final_estimator, name)
           ^^^^^^^^^^^^^^^^^^^^^^^^^^^^^^^^^^^^
  File "c:\Users\DELL\anaconda3\envs\p11_env\Lib\site-packages\sklearn\utils\_available_if.py", line 32, in __get__
    if not self.check(obj):
           ^^^^^^^^^^^^^^^
  File "c:\Users\DELL\anaconda3\envs\p11_env\Lib\site-packages\sklearn\linear_model\_stochastic_gradient.py", line 1235, in _check_proba
    raise AttributeError(
AttributeError: probability estimates are not available for loss='hinge'

  warnings.warn(

2026-06-09 12:37:12,656:INFO:Calculating mean and std
2026-06-09 12:37:12,656:INFO:Creating metrics dataframe
2026-06-09 12:37:12,665:INFO:Uploading results into container
2026-06-09 12:37:12,666:INFO:Uploading model into container now
2026-06-09 12:37:12,667:INFO:_master_model_container: 5
2026-06-09 12:37:12,667:INFO:_display_container: 2
2026-06-09 12:37:12,667:INFO:SGDClassifier(alpha=0.0001, average=False, class_weight=None,
              early_stopping=False, epsilon=0.1, eta0=0.001, fit_intercept=True,
              l1_ratio=0.15, learning_rate='optimal', loss='hinge',
              max_iter=1000, n_iter_no_change=5, n_jobs=-1, penalty='l2',
              power_t=0.5, random_state=40, shuffle=True, tol=0.001,
              validation_fraction=0.1, verbose=0, warm_start=False)
2026-06-09 12:37:12,667:INFO:create_model() successfully completed......................................
2026-06-09 12:37:12,889:INFO:SubProcess create_model() end ==================================
2026-06-09 12:37:12,889:INFO:Creating metrics dataframe
2026-06-09 12:37:12,904:INFO:Initializing Ridge Classifier
2026-06-09 12:37:12,904:INFO:Total runtime is 17.176601040363312 minutes
2026-06-09 12:37:12,911:INFO:SubProcess create_model() called ==================================
2026-06-09 12:37:12,912:INFO:Initializing create_model()
2026-06-09 12:37:12,912:INFO:create_model(self=<pycaret.classification.oop.ClassificationExperiment object at 0x0000020686B51E90>, estimator=ridge, fold=StratifiedKFold(n_splits=10, random_state=None, shuffle=False), round=4, cross_validation=True, predict=True, fit_kwargs={}, groups=None, refit=False, probability_threshold=None, experiment_custom_tags=None, verbose=False, system=False, add_to_model_list=True, metrics=None, display=<pycaret.internal.display.display.CommonDisplay object at 0x00000206828C15D0>, model_only=True, return_train_score=False, error_score=0.0, kwargs={})
2026-06-09 12:37:12,913:INFO:Checking exceptions
2026-06-09 12:37:12,913:INFO:Importing libraries
2026-06-09 12:37:12,913:INFO:Copying training dataset
2026-06-09 12:37:13,153:INFO:Defining folds
2026-06-09 12:37:13,154:INFO:Declaring metric variables
2026-06-09 12:37:13,159:INFO:Importing untrained model
2026-06-09 12:37:13,161:INFO:Ridge Classifier Imported successfully
2026-06-09 12:37:13,170:INFO:Starting cross validation
2026-06-09 12:37:13,177:INFO:Cross validating with StratifiedKFold(n_splits=10, random_state=None, shuffle=False), n_jobs=-1
2026-06-09 12:37:49,738:WARNING:c:\Users\DELL\anaconda3\envs\p11_env\Lib\site-packages\pycaret\internal\metrics.py:190: FitFailedWarning: Metric 'make_scorer(roc_auc_score, needs_proba=True, error_score=0.0, average=weighted, multi_class=ovr)' failed and error score 0.0 has been returned instead. If this is a custom metric, this usually means that the error is in the metric code. Full exception below:
Traceback (most recent call last):
  File "c:\Users\DELL\anaconda3\envs\p11_env\Lib\site-packages\sklearn\metrics\_scorer.py", line 76, in _cached_call
    return cache[method]
           ~~~~~^^^^^^^^
KeyError: 'predict_proba'

During handling of the above exception, another exception occurred:

Traceback (most recent call last):
  File "c:\Users\DELL\anaconda3\envs\p11_env\Lib\site-packages\pycaret\internal\metrics.py", line 182, in _score
    return super()._score(
           ^^^^^^^^^^^^^^^
  File "c:\Users\DELL\anaconda3\envs\p11_env\Lib\site-packages\sklearn\metrics\_scorer.py", line 316, in _score
    y_pred = method_caller(clf, "predict_proba", X)
             ^^^^^^^^^^^^^^^^^^^^^^^^^^^^^^^^^^^^^^
  File "c:\Users\DELL\anaconda3\envs\p11_env\Lib\site-packages\sklearn\metrics\_scorer.py", line 78, in _cached_call
    result = getattr(estimator, method)(*args, **kwargs)
             ^^^^^^^^^^^^^^^^^^^^^^^^^^
  File "c:\Users\DELL\anaconda3\envs\p11_env\Lib\site-packages\pycaret\internal\pipeline.py", line 127, in __getattr__
    return getattr(self._final_estimator, name)
           ^^^^^^^^^^^^^^^^^^^^^^^^^^^^^^^^^^^^
AttributeError: 'RidgeClassifier' object has no attribute 'predict_proba'

  warnings.warn(

2026-06-09 12:37:51,649:WARNING:c:\Users\DELL\anaconda3\envs\p11_env\Lib\site-packages\pycaret\internal\metrics.py:190: FitFailedWarning: Metric 'make_scorer(roc_auc_score, needs_proba=True, error_score=0.0, average=weighted, multi_class=ovr)' failed and error score 0.0 has been returned instead. If this is a custom metric, this usually means that the error is in the metric code. Full exception below:
Traceback (most recent call last):
  File "c:\Users\DELL\anaconda3\envs\p11_env\Lib\site-packages\sklearn\metrics\_scorer.py", line 76, in _cached_call
    return cache[method]
           ~~~~~^^^^^^^^
KeyError: 'predict_proba'

During handling of the above exception, another exception occurred:

Traceback (most recent call last):
  File "c:\Users\DELL\anaconda3\envs\p11_env\Lib\site-packages\pycaret\internal\metrics.py", line 182, in _score
    return super()._score(
           ^^^^^^^^^^^^^^^
  File "c:\Users\DELL\anaconda3\envs\p11_env\Lib\site-packages\sklearn\metrics\_scorer.py", line 316, in _score
    y_pred = method_caller(clf, "predict_proba", X)
             ^^^^^^^^^^^^^^^^^^^^^^^^^^^^^^^^^^^^^^
  File "c:\Users\DELL\anaconda3\envs\p11_env\Lib\site-packages\sklearn\metrics\_scorer.py", line 78, in _cached_call
    result = getattr(estimator, method)(*args, **kwargs)
             ^^^^^^^^^^^^^^^^^^^^^^^^^^
  File "c:\Users\DELL\anaconda3\envs\p11_env\Lib\site-packages\pycaret\internal\pipeline.py", line 127, in __getattr__
    return getattr(self._final_estimator, name)
           ^^^^^^^^^^^^^^^^^^^^^^^^^^^^^^^^^^^^
AttributeError: 'RidgeClassifier' object has no attribute 'predict_proba'

  warnings.warn(

2026-06-09 12:37:52,440:WARNING:c:\Users\DELL\anaconda3\envs\p11_env\Lib\site-packages\pycaret\internal\metrics.py:190: FitFailedWarning: Metric 'make_scorer(roc_auc_score, needs_proba=True, error_score=0.0, average=weighted, multi_class=ovr)' failed and error score 0.0 has been returned instead. If this is a custom metric, this usually means that the error is in the metric code. Full exception below:
Traceback (most recent call last):
  File "c:\Users\DELL\anaconda3\envs\p11_env\Lib\site-packages\sklearn\metrics\_scorer.py", line 76, in _cached_call
    return cache[method]
           ~~~~~^^^^^^^^
KeyError: 'predict_proba'

During handling of the above exception, another exception occurred:

Traceback (most recent call last):
  File "c:\Users\DELL\anaconda3\envs\p11_env\Lib\site-packages\pycaret\internal\metrics.py", line 182, in _score
    return super()._score(
           ^^^^^^^^^^^^^^^
  File "c:\Users\DELL\anaconda3\envs\p11_env\Lib\site-packages\sklearn\metrics\_scorer.py", line 316, in _score
    y_pred = method_caller(clf, "predict_proba", X)
             ^^^^^^^^^^^^^^^^^^^^^^^^^^^^^^^^^^^^^^
  File "c:\Users\DELL\anaconda3\envs\p11_env\Lib\site-packages\sklearn\metrics\_scorer.py", line 78, in _cached_call
    result = getattr(estimator, method)(*args, **kwargs)
             ^^^^^^^^^^^^^^^^^^^^^^^^^^
  File "c:\Users\DELL\anaconda3\envs\p11_env\Lib\site-packages\pycaret\internal\pipeline.py", line 127, in __getattr__
    return getattr(self._final_estimator, name)
           ^^^^^^^^^^^^^^^^^^^^^^^^^^^^^^^^^^^^
AttributeError: 'RidgeClassifier' object has no attribute 'predict_proba'

  warnings.warn(

2026-06-09 12:37:52,739:WARNING:c:\Users\DELL\anaconda3\envs\p11_env\Lib\site-packages\pycaret\internal\metrics.py:190: FitFailedWarning: Metric 'make_scorer(roc_auc_score, needs_proba=True, error_score=0.0, average=weighted, multi_class=ovr)' failed and error score 0.0 has been returned instead. If this is a custom metric, this usually means that the error is in the metric code. Full exception below:
Traceback (most recent call last):
  File "c:\Users\DELL\anaconda3\envs\p11_env\Lib\site-packages\sklearn\metrics\_scorer.py", line 76, in _cached_call
    return cache[method]
           ~~~~~^^^^^^^^
KeyError: 'predict_proba'

During handling of the above exception, another exception occurred:

Traceback (most recent call last):
  File "c:\Users\DELL\anaconda3\envs\p11_env\Lib\site-packages\pycaret\internal\metrics.py", line 182, in _score
    return super()._score(
           ^^^^^^^^^^^^^^^
  File "c:\Users\DELL\anaconda3\envs\p11_env\Lib\site-packages\sklearn\metrics\_scorer.py", line 316, in _score
    y_pred = method_caller(clf, "predict_proba", X)
             ^^^^^^^^^^^^^^^^^^^^^^^^^^^^^^^^^^^^^^
  File "c:\Users\DELL\anaconda3\envs\p11_env\Lib\site-packages\sklearn\metrics\_scorer.py", line 78, in _cached_call
    result = getattr(estimator, method)(*args, **kwargs)
             ^^^^^^^^^^^^^^^^^^^^^^^^^^
  File "c:\Users\DELL\anaconda3\envs\p11_env\Lib\site-packages\pycaret\internal\pipeline.py", line 127, in __getattr__
    return getattr(self._final_estimator, name)
           ^^^^^^^^^^^^^^^^^^^^^^^^^^^^^^^^^^^^
AttributeError: 'RidgeClassifier' object has no attribute 'predict_proba'

  warnings.warn(

2026-06-09 12:37:53,259:WARNING:c:\Users\DELL\anaconda3\envs\p11_env\Lib\site-packages\pycaret\internal\metrics.py:190: FitFailedWarning: Metric 'make_scorer(roc_auc_score, needs_proba=True, error_score=0.0, average=weighted, multi_class=ovr)' failed and error score 0.0 has been returned instead. If this is a custom metric, this usually means that the error is in the metric code. Full exception below:
Traceback (most recent call last):
  File "c:\Users\DELL\anaconda3\envs\p11_env\Lib\site-packages\sklearn\metrics\_scorer.py", line 76, in _cached_call
    return cache[method]
           ~~~~~^^^^^^^^
KeyError: 'predict_proba'

During handling of the above exception, another exception occurred:

Traceback (most recent call last):
  File "c:\Users\DELL\anaconda3\envs\p11_env\Lib\site-packages\pycaret\internal\metrics.py", line 182, in _score
    return super()._score(
           ^^^^^^^^^^^^^^^
  File "c:\Users\DELL\anaconda3\envs\p11_env\Lib\site-packages\sklearn\metrics\_scorer.py", line 316, in _score
    y_pred = method_caller(clf, "predict_proba", X)
             ^^^^^^^^^^^^^^^^^^^^^^^^^^^^^^^^^^^^^^
  File "c:\Users\DELL\anaconda3\envs\p11_env\Lib\site-packages\sklearn\metrics\_scorer.py", line 78, in _cached_call
    result = getattr(estimator, method)(*args, **kwargs)
             ^^^^^^^^^^^^^^^^^^^^^^^^^^
  File "c:\Users\DELL\anaconda3\envs\p11_env\Lib\site-packages\pycaret\internal\pipeline.py", line 127, in __getattr__
    return getattr(self._final_estimator, name)
           ^^^^^^^^^^^^^^^^^^^^^^^^^^^^^^^^^^^^
AttributeError: 'RidgeClassifier' object has no attribute 'predict_proba'

  warnings.warn(

2026-06-09 12:37:54,382:WARNING:c:\Users\DELL\anaconda3\envs\p11_env\Lib\site-packages\pycaret\internal\metrics.py:190: FitFailedWarning: Metric 'make_scorer(roc_auc_score, needs_proba=True, error_score=0.0, average=weighted, multi_class=ovr)' failed and error score 0.0 has been returned instead. If this is a custom metric, this usually means that the error is in the metric code. Full exception below:
Traceback (most recent call last):
  File "c:\Users\DELL\anaconda3\envs\p11_env\Lib\site-packages\sklearn\metrics\_scorer.py", line 76, in _cached_call
    return cache[method]
           ~~~~~^^^^^^^^
KeyError: 'predict_proba'

During handling of the above exception, another exception occurred:

Traceback (most recent call last):
  File "c:\Users\DELL\anaconda3\envs\p11_env\Lib\site-packages\pycaret\internal\metrics.py", line 182, in _score
    return super()._score(
           ^^^^^^^^^^^^^^^
  File "c:\Users\DELL\anaconda3\envs\p11_env\Lib\site-packages\sklearn\metrics\_scorer.py", line 316, in _score
    y_pred = method_caller(clf, "predict_proba", X)
             ^^^^^^^^^^^^^^^^^^^^^^^^^^^^^^^^^^^^^^
  File "c:\Users\DELL\anaconda3\envs\p11_env\Lib\site-packages\sklearn\metrics\_scorer.py", line 78, in _cached_call
    result = getattr(estimator, method)(*args, **kwargs)
             ^^^^^^^^^^^^^^^^^^^^^^^^^^
  File "c:\Users\DELL\anaconda3\envs\p11_env\Lib\site-packages\pycaret\internal\pipeline.py", line 127, in __getattr__
    return getattr(self._final_estimator, name)
           ^^^^^^^^^^^^^^^^^^^^^^^^^^^^^^^^^^^^
AttributeError: 'RidgeClassifier' object has no attribute 'predict_proba'

  warnings.warn(

2026-06-09 12:37:55,240:WARNING:c:\Users\DELL\anaconda3\envs\p11_env\Lib\site-packages\pycaret\internal\metrics.py:190: FitFailedWarning: Metric 'make_scorer(roc_auc_score, needs_proba=True, error_score=0.0, average=weighted, multi_class=ovr)' failed and error score 0.0 has been returned instead. If this is a custom metric, this usually means that the error is in the metric code. Full exception below:
Traceback (most recent call last):
  File "c:\Users\DELL\anaconda3\envs\p11_env\Lib\site-packages\sklearn\metrics\_scorer.py", line 76, in _cached_call
    return cache[method]
           ~~~~~^^^^^^^^
KeyError: 'predict_proba'

During handling of the above exception, another exception occurred:

Traceback (most recent call last):
  File "c:\Users\DELL\anaconda3\envs\p11_env\Lib\site-packages\pycaret\internal\metrics.py", line 182, in _score
    return super()._score(
           ^^^^^^^^^^^^^^^
  File "c:\Users\DELL\anaconda3\envs\p11_env\Lib\site-packages\sklearn\metrics\_scorer.py", line 316, in _score
    y_pred = method_caller(clf, "predict_proba", X)
             ^^^^^^^^^^^^^^^^^^^^^^^^^^^^^^^^^^^^^^
  File "c:\Users\DELL\anaconda3\envs\p11_env\Lib\site-packages\sklearn\metrics\_scorer.py", line 78, in _cached_call
    result = getattr(estimator, method)(*args, **kwargs)
             ^^^^^^^^^^^^^^^^^^^^^^^^^^
  File "c:\Users\DELL\anaconda3\envs\p11_env\Lib\site-packages\pycaret\internal\pipeline.py", line 127, in __getattr__
    return getattr(self._final_estimator, name)
           ^^^^^^^^^^^^^^^^^^^^^^^^^^^^^^^^^^^^
AttributeError: 'RidgeClassifier' object has no attribute 'predict_proba'

  warnings.warn(

2026-06-09 12:37:55,488:WARNING:c:\Users\DELL\anaconda3\envs\p11_env\Lib\site-packages\pycaret\internal\metrics.py:190: FitFailedWarning: Metric 'make_scorer(roc_auc_score, needs_proba=True, error_score=0.0, average=weighted, multi_class=ovr)' failed and error score 0.0 has been returned instead. If this is a custom metric, this usually means that the error is in the metric code. Full exception below:
Traceback (most recent call last):
  File "c:\Users\DELL\anaconda3\envs\p11_env\Lib\site-packages\sklearn\metrics\_scorer.py", line 76, in _cached_call
    return cache[method]
           ~~~~~^^^^^^^^
KeyError: 'predict_proba'

During handling of the above exception, another exception occurred:

Traceback (most recent call last):
  File "c:\Users\DELL\anaconda3\envs\p11_env\Lib\site-packages\pycaret\internal\metrics.py", line 182, in _score
    return super()._score(
           ^^^^^^^^^^^^^^^
  File "c:\Users\DELL\anaconda3\envs\p11_env\Lib\site-packages\sklearn\metrics\_scorer.py", line 316, in _score
    y_pred = method_caller(clf, "predict_proba", X)
             ^^^^^^^^^^^^^^^^^^^^^^^^^^^^^^^^^^^^^^
  File "c:\Users\DELL\anaconda3\envs\p11_env\Lib\site-packages\sklearn\metrics\_scorer.py", line 78, in _cached_call
    result = getattr(estimator, method)(*args, **kwargs)
             ^^^^^^^^^^^^^^^^^^^^^^^^^^
  File "c:\Users\DELL\anaconda3\envs\p11_env\Lib\site-packages\pycaret\internal\pipeline.py", line 127, in __getattr__
    return getattr(self._final_estimator, name)
           ^^^^^^^^^^^^^^^^^^^^^^^^^^^^^^^^^^^^
AttributeError: 'RidgeClassifier' object has no attribute 'predict_proba'

  warnings.warn(

2026-06-09 12:38:05,184:WARNING:c:\Users\DELL\anaconda3\envs\p11_env\Lib\site-packages\pycaret\internal\metrics.py:190: FitFailedWarning: Metric 'make_scorer(roc_auc_score, needs_proba=True, error_score=0.0, average=weighted, multi_class=ovr)' failed and error score 0.0 has been returned instead. If this is a custom metric, this usually means that the error is in the metric code. Full exception below:
Traceback (most recent call last):
  File "c:\Users\DELL\anaconda3\envs\p11_env\Lib\site-packages\sklearn\metrics\_scorer.py", line 76, in _cached_call
    return cache[method]
           ~~~~~^^^^^^^^
KeyError: 'predict_proba'

During handling of the above exception, another exception occurred:

Traceback (most recent call last):
  File "c:\Users\DELL\anaconda3\envs\p11_env\Lib\site-packages\pycaret\internal\metrics.py", line 182, in _score
    return super()._score(
           ^^^^^^^^^^^^^^^
  File "c:\Users\DELL\anaconda3\envs\p11_env\Lib\site-packages\sklearn\metrics\_scorer.py", line 316, in _score
    y_pred = method_caller(clf, "predict_proba", X)
             ^^^^^^^^^^^^^^^^^^^^^^^^^^^^^^^^^^^^^^
  File "c:\Users\DELL\anaconda3\envs\p11_env\Lib\site-packages\sklearn\metrics\_scorer.py", line 78, in _cached_call
    result = getattr(estimator, method)(*args, **kwargs)
             ^^^^^^^^^^^^^^^^^^^^^^^^^^
  File "c:\Users\DELL\anaconda3\envs\p11_env\Lib\site-packages\pycaret\internal\pipeline.py", line 127, in __getattr__
    return getattr(self._final_estimator, name)
           ^^^^^^^^^^^^^^^^^^^^^^^^^^^^^^^^^^^^
AttributeError: 'RidgeClassifier' object has no attribute 'predict_proba'

  warnings.warn(

2026-06-09 12:38:05,712:WARNING:c:\Users\DELL\anaconda3\envs\p11_env\Lib\site-packages\pycaret\internal\metrics.py:190: FitFailedWarning: Metric 'make_scorer(roc_auc_score, needs_proba=True, error_score=0.0, average=weighted, multi_class=ovr)' failed and error score 0.0 has been returned instead. If this is a custom metric, this usually means that the error is in the metric code. Full exception below:
Traceback (most recent call last):
  File "c:\Users\DELL\anaconda3\envs\p11_env\Lib\site-packages\sklearn\metrics\_scorer.py", line 76, in _cached_call
    return cache[method]
           ~~~~~^^^^^^^^
KeyError: 'predict_proba'

During handling of the above exception, another exception occurred:

Traceback (most recent call last):
  File "c:\Users\DELL\anaconda3\envs\p11_env\Lib\site-packages\pycaret\internal\metrics.py", line 182, in _score
    return super()._score(
           ^^^^^^^^^^^^^^^
  File "c:\Users\DELL\anaconda3\envs\p11_env\Lib\site-packages\sklearn\metrics\_scorer.py", line 316, in _score
    y_pred = method_caller(clf, "predict_proba", X)
             ^^^^^^^^^^^^^^^^^^^^^^^^^^^^^^^^^^^^^^
  File "c:\Users\DELL\anaconda3\envs\p11_env\Lib\site-packages\sklearn\metrics\_scorer.py", line 78, in _cached_call
    result = getattr(estimator, method)(*args, **kwargs)
             ^^^^^^^^^^^^^^^^^^^^^^^^^^
  File "c:\Users\DELL\anaconda3\envs\p11_env\Lib\site-packages\pycaret\internal\pipeline.py", line 127, in __getattr__
    return getattr(self._final_estimator, name)
           ^^^^^^^^^^^^^^^^^^^^^^^^^^^^^^^^^^^^
AttributeError: 'RidgeClassifier' object has no attribute 'predict_proba'

  warnings.warn(

2026-06-09 12:38:06,087:INFO:Calculating mean and std
2026-06-09 12:38:06,090:INFO:Creating metrics dataframe
2026-06-09 12:38:06,102:INFO:Uploading results into container
2026-06-09 12:38:06,102:INFO:Uploading model into container now
2026-06-09 12:38:06,102:INFO:_master_model_container: 6
2026-06-09 12:38:06,102:INFO:_display_container: 2
2026-06-09 12:38:06,104:INFO:RidgeClassifier(alpha=1.0, class_weight=None, copy_X=True, fit_intercept=True,
                max_iter=None, positive=False, random_state=40, solver='auto',
                tol=0.0001)
2026-06-09 12:38:06,104:INFO:create_model() successfully completed......................................
2026-06-09 12:38:06,312:INFO:SubProcess create_model() end ==================================
2026-06-09 12:38:06,312:INFO:Creating metrics dataframe
2026-06-09 12:38:06,328:INFO:Initializing Random Forest Classifier
2026-06-09 12:38:06,328:INFO:Total runtime is 18.067011920611066 minutes
2026-06-09 12:38:06,335:INFO:SubProcess create_model() called ==================================
2026-06-09 12:38:06,335:INFO:Initializing create_model()
2026-06-09 12:38:06,335:INFO:create_model(self=<pycaret.classification.oop.ClassificationExperiment object at 0x0000020686B51E90>, estimator=rf, fold=StratifiedKFold(n_splits=10, random_state=None, shuffle=False), round=4, cross_validation=True, predict=True, fit_kwargs={}, groups=None, refit=False, probability_threshold=None, experiment_custom_tags=None, verbose=False, system=False, add_to_model_list=True, metrics=None, display=<pycaret.internal.display.display.CommonDisplay object at 0x00000206828C15D0>, model_only=True, return_train_score=False, error_score=0.0, kwargs={})
2026-06-09 12:38:06,335:INFO:Checking exceptions
2026-06-09 12:38:06,335:INFO:Importing libraries
2026-06-09 12:38:06,335:INFO:Copying training dataset
2026-06-09 12:38:06,541:INFO:Defining folds
2026-06-09 12:38:06,542:INFO:Declaring metric variables
2026-06-09 12:38:06,547:INFO:Importing untrained model
2026-06-09 12:38:06,551:INFO:Random Forest Classifier Imported successfully
2026-06-09 12:38:06,559:INFO:Starting cross validation
2026-06-09 12:38:06,564:INFO:Cross validating with StratifiedKFold(n_splits=10, random_state=None, shuffle=False), n_jobs=-1
2026-06-09 13:09:30,426:INFO:Calculating mean and std
2026-06-09 13:09:30,433:INFO:Creating metrics dataframe
2026-06-09 13:09:30,446:INFO:Uploading results into container
2026-06-09 13:09:30,446:INFO:Uploading model into container now
2026-06-09 13:09:30,446:INFO:_master_model_container: 7
2026-06-09 13:09:30,449:INFO:_display_container: 2
2026-06-09 13:09:30,449:INFO:RandomForestClassifier(bootstrap=True, ccp_alpha=0.0, class_weight=None,
                       criterion='gini', max_depth=None, max_features='sqrt',
                       max_leaf_nodes=None, max_samples=None,
                       min_impurity_decrease=0.0, min_samples_leaf=1,
                       min_samples_split=2, min_weight_fraction_leaf=0.0,
                       n_estimators=100, n_jobs=-1, oob_score=False,
                       random_state=40, verbose=0, warm_start=False)
2026-06-09 13:09:30,449:INFO:create_model() successfully completed......................................
2026-06-09 13:09:30,738:INFO:SubProcess create_model() end ==================================
2026-06-09 13:09:30,738:INFO:Creating metrics dataframe
2026-06-09 13:09:30,756:INFO:Initializing Quadratic Discriminant Analysis
2026-06-09 13:09:30,756:INFO:Total runtime is 49.47414649327597 minutes
2026-06-09 13:09:30,758:INFO:SubProcess create_model() called ==================================
2026-06-09 13:09:30,758:INFO:Initializing create_model()
2026-06-09 13:09:30,758:INFO:create_model(self=<pycaret.classification.oop.ClassificationExperiment object at 0x0000020686B51E90>, estimator=qda, fold=StratifiedKFold(n_splits=10, random_state=None, shuffle=False), round=4, cross_validation=True, predict=True, fit_kwargs={}, groups=None, refit=False, probability_threshold=None, experiment_custom_tags=None, verbose=False, system=False, add_to_model_list=True, metrics=None, display=<pycaret.internal.display.display.CommonDisplay object at 0x00000206828C15D0>, model_only=True, return_train_score=False, error_score=0.0, kwargs={})
2026-06-09 13:09:30,758:INFO:Checking exceptions
2026-06-09 13:09:30,758:INFO:Importing libraries
2026-06-09 13:09:30,758:INFO:Copying training dataset
2026-06-09 13:09:30,992:INFO:Defining folds
2026-06-09 13:09:30,992:INFO:Declaring metric variables
2026-06-09 13:09:30,998:INFO:Importing untrained model
2026-06-09 13:09:31,003:INFO:Quadratic Discriminant Analysis Imported successfully
2026-06-09 13:09:31,015:INFO:Starting cross validation
2026-06-09 13:09:31,027:INFO:Cross validating with StratifiedKFold(n_splits=10, random_state=None, shuffle=False), n_jobs=-1
2026-06-09 13:09:42,754:WARNING:c:\Users\DELL\anaconda3\envs\p11_env\Lib\site-packages\_distutils_hack\__init__.py:30: UserWarning: Setuptools is replacing distutils. Support for replacing an already imported distutils is deprecated. In the future, this condition will fail. Register concerns at https://github.com/pypa/setuptools/issues/new?template=distutils-deprecation.yml
  warnings.warn(

2026-06-09 13:09:42,754:WARNING:c:\Users\DELL\anaconda3\envs\p11_env\Lib\site-packages\_distutils_hack\__init__.py:30: UserWarning: Setuptools is replacing distutils. Support for replacing an already imported distutils is deprecated. In the future, this condition will fail. Register concerns at https://github.com/pypa/setuptools/issues/new?template=distutils-deprecation.yml
  warnings.warn(

2026-06-09 13:09:42,755:WARNING:c:\Users\DELL\anaconda3\envs\p11_env\Lib\site-packages\_distutils_hack\__init__.py:30: UserWarning: Setuptools is replacing distutils. Support for replacing an already imported distutils is deprecated. In the future, this condition will fail. Register concerns at https://github.com/pypa/setuptools/issues/new?template=distutils-deprecation.yml
  warnings.warn(

2026-06-09 13:09:42,755:WARNING:c:\Users\DELL\anaconda3\envs\p11_env\Lib\site-packages\_distutils_hack\__init__.py:30: UserWarning: Setuptools is replacing distutils. Support for replacing an already imported distutils is deprecated. In the future, this condition will fail. Register concerns at https://github.com/pypa/setuptools/issues/new?template=distutils-deprecation.yml
  warnings.warn(

2026-06-09 13:09:42,755:WARNING:c:\Users\DELL\anaconda3\envs\p11_env\Lib\site-packages\_distutils_hack\__init__.py:30: UserWarning: Setuptools is replacing distutils. Support for replacing an already imported distutils is deprecated. In the future, this condition will fail. Register concerns at https://github.com/pypa/setuptools/issues/new?template=distutils-deprecation.yml
  warnings.warn(

2026-06-09 13:09:42,755:WARNING:c:\Users\DELL\anaconda3\envs\p11_env\Lib\site-packages\_distutils_hack\__init__.py:30: UserWarning: Setuptools is replacing distutils. Support for replacing an already imported distutils is deprecated. In the future, this condition will fail. Register concerns at https://github.com/pypa/setuptools/issues/new?template=distutils-deprecation.yml
  warnings.warn(

2026-06-09 13:09:58,462:WARNING:c:\Users\DELL\anaconda3\envs\p11_env\Lib\site-packages\sklearn\discriminant_analysis.py:926: UserWarning: Variables are collinear
  warnings.warn("Variables are collinear")

2026-06-09 13:09:59,073:WARNING:c:\Users\DELL\anaconda3\envs\p11_env\Lib\site-packages\sklearn\discriminant_analysis.py:926: UserWarning: Variables are collinear
  warnings.warn("Variables are collinear")

2026-06-09 13:10:20,624:WARNING:c:\Users\DELL\anaconda3\envs\p11_env\Lib\site-packages\sklearn\discriminant_analysis.py:926: UserWarning: Variables are collinear
  warnings.warn("Variables are collinear")

2026-06-09 13:10:20,819:WARNING:c:\Users\DELL\anaconda3\envs\p11_env\Lib\site-packages\sklearn\discriminant_analysis.py:926: UserWarning: Variables are collinear
  warnings.warn("Variables are collinear")

2026-06-09 13:10:23,768:WARNING:c:\Users\DELL\anaconda3\envs\p11_env\Lib\site-packages\sklearn\discriminant_analysis.py:926: UserWarning: Variables are collinear
  warnings.warn("Variables are collinear")

2026-06-09 13:10:23,893:WARNING:c:\Users\DELL\anaconda3\envs\p11_env\Lib\site-packages\sklearn\discriminant_analysis.py:926: UserWarning: Variables are collinear
  warnings.warn("Variables are collinear")

2026-06-09 13:10:24,662:WARNING:c:\Users\DELL\anaconda3\envs\p11_env\Lib\site-packages\sklearn\discriminant_analysis.py:926: UserWarning: Variables are collinear
  warnings.warn("Variables are collinear")

2026-06-09 13:10:25,202:WARNING:c:\Users\DELL\anaconda3\envs\p11_env\Lib\site-packages\sklearn\discriminant_analysis.py:926: UserWarning: Variables are collinear
  warnings.warn("Variables are collinear")

2026-06-09 13:10:33,596:WARNING:c:\Users\DELL\anaconda3\envs\p11_env\Lib\site-packages\sklearn\discriminant_analysis.py:926: UserWarning: Variables are collinear
  warnings.warn("Variables are collinear")

2026-06-09 13:10:34,217:WARNING:c:\Users\DELL\anaconda3\envs\p11_env\Lib\site-packages\sklearn\discriminant_analysis.py:926: UserWarning: Variables are collinear
  warnings.warn("Variables are collinear")

2026-06-09 13:10:36,406:INFO:Calculating mean and std
2026-06-09 13:10:36,409:INFO:Creating metrics dataframe
2026-06-09 13:10:36,418:INFO:Uploading results into container
2026-06-09 13:10:36,419:INFO:Uploading model into container now
2026-06-09 13:10:36,420:INFO:_master_model_container: 8
2026-06-09 13:10:36,421:INFO:_display_container: 2
2026-06-09 13:10:36,422:INFO:QuadraticDiscriminantAnalysis(priors=None, reg_param=0.0,
                              store_covariance=False, tol=0.0001)
2026-06-09 13:10:36,422:INFO:create_model() successfully completed......................................
2026-06-09 13:10:36,626:INFO:SubProcess create_model() end ==================================
2026-06-09 13:10:36,626:INFO:Creating metrics dataframe
2026-06-09 13:10:36,652:INFO:Initializing Ada Boost Classifier
2026-06-09 13:10:36,652:INFO:Total runtime is 50.57241464455923 minutes
2026-06-09 13:10:36,661:INFO:SubProcess create_model() called ==================================
2026-06-09 13:10:36,662:INFO:Initializing create_model()
2026-06-09 13:10:36,662:INFO:create_model(self=<pycaret.classification.oop.ClassificationExperiment object at 0x0000020686B51E90>, estimator=ada, fold=StratifiedKFold(n_splits=10, random_state=None, shuffle=False), round=4, cross_validation=True, predict=True, fit_kwargs={}, groups=None, refit=False, probability_threshold=None, experiment_custom_tags=None, verbose=False, system=False, add_to_model_list=True, metrics=None, display=<pycaret.internal.display.display.CommonDisplay object at 0x00000206828C15D0>, model_only=True, return_train_score=False, error_score=0.0, kwargs={})
2026-06-09 13:10:36,662:INFO:Checking exceptions
2026-06-09 13:10:36,663:INFO:Importing libraries
2026-06-09 13:10:36,663:INFO:Copying training dataset
2026-06-09 13:10:36,848:INFO:Defining folds
2026-06-09 13:10:36,849:INFO:Declaring metric variables
2026-06-09 13:10:36,855:INFO:Importing untrained model
2026-06-09 13:10:36,863:INFO:Ada Boost Classifier Imported successfully
2026-06-09 13:10:36,871:INFO:Starting cross validation
2026-06-09 13:10:36,877:INFO:Cross validating with StratifiedKFold(n_splits=10, random_state=None, shuffle=False), n_jobs=-1
2026-06-09 13:21:29,677:WARNING:c:\Users\DELL\anaconda3\envs\p11_env\Lib\site-packages\sklearn\metrics\_classification.py:1344: UndefinedMetricWarning: Precision is ill-defined and being set to 0.0 due to no predicted samples. Use `zero_division` parameter to control this behavior.
  _warn_prf(average, modifier, msg_start, len(result))

2026-06-09 13:21:34,819:WARNING:c:\Users\DELL\anaconda3\envs\p11_env\Lib\site-packages\sklearn\metrics\_classification.py:1344: UndefinedMetricWarning: Precision is ill-defined and being set to 0.0 due to no predicted samples. Use `zero_division` parameter to control this behavior.
  _warn_prf(average, modifier, msg_start, len(result))

2026-06-09 13:21:35,580:WARNING:c:\Users\DELL\anaconda3\envs\p11_env\Lib\site-packages\sklearn\metrics\_classification.py:1344: UndefinedMetricWarning: Precision is ill-defined and being set to 0.0 due to no predicted samples. Use `zero_division` parameter to control this behavior.
  _warn_prf(average, modifier, msg_start, len(result))

2026-06-09 13:27:04,013:WARNING:c:\Users\DELL\anaconda3\envs\p11_env\Lib\site-packages\sklearn\metrics\_classification.py:1344: UndefinedMetricWarning: Precision is ill-defined and being set to 0.0 due to no predicted samples. Use `zero_division` parameter to control this behavior.
  _warn_prf(average, modifier, msg_start, len(result))

2026-06-09 13:27:04,329:INFO:Calculating mean and std
2026-06-09 13:27:04,333:INFO:Creating metrics dataframe
2026-06-09 13:27:04,341:INFO:Uploading results into container
2026-06-09 13:27:04,342:INFO:Uploading model into container now
2026-06-09 13:27:04,343:INFO:_master_model_container: 9
2026-06-09 13:27:04,343:INFO:_display_container: 2
2026-06-09 13:27:04,343:INFO:AdaBoostClassifier(algorithm='SAMME.R', base_estimator='deprecated',
                   estimator=None, learning_rate=1.0, n_estimators=50,
                   random_state=40)
2026-06-09 13:27:04,343:INFO:create_model() successfully completed......................................
2026-06-09 13:27:04,548:INFO:SubProcess create_model() end ==================================
2026-06-09 13:27:04,548:INFO:Creating metrics dataframe
2026-06-09 13:27:04,564:INFO:Initializing Gradient Boosting Classifier
2026-06-09 13:27:04,564:INFO:Total runtime is 67.03760661681494 minutes
2026-06-09 13:27:04,564:INFO:SubProcess create_model() called ==================================
2026-06-09 13:27:04,572:INFO:Initializing create_model()
2026-06-09 13:27:04,573:INFO:create_model(self=<pycaret.classification.oop.ClassificationExperiment object at 0x0000020686B51E90>, estimator=gbc, fold=StratifiedKFold(n_splits=10, random_state=None, shuffle=False), round=4, cross_validation=True, predict=True, fit_kwargs={}, groups=None, refit=False, probability_threshold=None, experiment_custom_tags=None, verbose=False, system=False, add_to_model_list=True, metrics=None, display=<pycaret.internal.display.display.CommonDisplay object at 0x00000206828C15D0>, model_only=True, return_train_score=False, error_score=0.0, kwargs={})
2026-06-09 13:27:04,573:INFO:Checking exceptions
2026-06-09 13:27:04,573:INFO:Importing libraries
2026-06-09 13:27:04,573:INFO:Copying training dataset
2026-06-09 13:27:04,792:INFO:Defining folds
2026-06-09 13:27:04,795:INFO:Declaring metric variables
2026-06-09 13:27:04,797:INFO:Importing untrained model
2026-06-09 13:27:04,804:INFO:Gradient Boosting Classifier Imported successfully
2026-06-09 13:27:04,813:INFO:Starting cross validation
2026-06-09 13:27:04,822:INFO:Cross validating with StratifiedKFold(n_splits=10, random_state=None, shuffle=False), n_jobs=-1
2026-06-09 13:27:14,657:WARNING:c:\Users\DELL\anaconda3\envs\p11_env\Lib\site-packages\_distutils_hack\__init__.py:30: UserWarning: Setuptools is replacing distutils. Support for replacing an already imported distutils is deprecated. In the future, this condition will fail. Register concerns at https://github.com/pypa/setuptools/issues/new?template=distutils-deprecation.yml
  warnings.warn(

2026-06-09 13:27:15,042:WARNING:c:\Users\DELL\anaconda3\envs\p11_env\Lib\site-packages\_distutils_hack\__init__.py:30: UserWarning: Setuptools is replacing distutils. Support for replacing an already imported distutils is deprecated. In the future, this condition will fail. Register concerns at https://github.com/pypa/setuptools/issues/new?template=distutils-deprecation.yml
  warnings.warn(

2026-06-09 13:27:15,210:WARNING:c:\Users\DELL\anaconda3\envs\p11_env\Lib\site-packages\_distutils_hack\__init__.py:30: UserWarning: Setuptools is replacing distutils. Support for replacing an already imported distutils is deprecated. In the future, this condition will fail. Register concerns at https://github.com/pypa/setuptools/issues/new?template=distutils-deprecation.yml
  warnings.warn(

2026-06-09 13:27:15,229:WARNING:c:\Users\DELL\anaconda3\envs\p11_env\Lib\site-packages\_distutils_hack\__init__.py:30: UserWarning: Setuptools is replacing distutils. Support for replacing an already imported distutils is deprecated. In the future, this condition will fail. Register concerns at https://github.com/pypa/setuptools/issues/new?template=distutils-deprecation.yml
  warnings.warn(

2026-06-09 13:27:15,381:WARNING:c:\Users\DELL\anaconda3\envs\p11_env\Lib\site-packages\_distutils_hack\__init__.py:30: UserWarning: Setuptools is replacing distutils. Support for replacing an already imported distutils is deprecated. In the future, this condition will fail. Register concerns at https://github.com/pypa/setuptools/issues/new?template=distutils-deprecation.yml
  warnings.warn(

2026-06-09 13:27:15,391:WARNING:c:\Users\DELL\anaconda3\envs\p11_env\Lib\site-packages\_distutils_hack\__init__.py:30: UserWarning: Setuptools is replacing distutils. Support for replacing an already imported distutils is deprecated. In the future, this condition will fail. Register concerns at https://github.com/pypa/setuptools/issues/new?template=distutils-deprecation.yml
  warnings.warn(

2026-06-09 14:52:04,242:INFO:Calculating mean and std
2026-06-09 14:52:04,244:INFO:Creating metrics dataframe
2026-06-09 14:52:04,252:INFO:Uploading results into container
2026-06-09 14:52:04,252:INFO:Uploading model into container now
2026-06-09 14:52:04,252:INFO:_master_model_container: 10
2026-06-09 14:52:04,252:INFO:_display_container: 2
2026-06-09 14:52:04,252:INFO:GradientBoostingClassifier(ccp_alpha=0.0, criterion='friedman_mse', init=None,
                           learning_rate=0.1, loss='log_loss', max_depth=3,
                           max_features=None, max_leaf_nodes=None,
                           min_impurity_decrease=0.0, min_samples_leaf=1,
                           min_samples_split=2, min_weight_fraction_leaf=0.0,
                           n_estimators=100, n_iter_no_change=None,
                           random_state=40, subsample=1.0, tol=0.0001,
                           validation_fraction=0.1, verbose=0,
                           warm_start=False)
2026-06-09 14:52:04,252:INFO:create_model() successfully completed......................................
2026-06-09 14:52:04,501:INFO:SubProcess create_model() end ==================================
2026-06-09 14:52:04,501:INFO:Creating metrics dataframe
2026-06-09 14:52:04,513:INFO:Initializing Linear Discriminant Analysis
2026-06-09 14:52:04,513:INFO:Total runtime is 152.0367517034213 minutes
2026-06-09 14:52:04,516:INFO:SubProcess create_model() called ==================================
2026-06-09 14:52:04,516:INFO:Initializing create_model()
2026-06-09 14:52:04,516:INFO:create_model(self=<pycaret.classification.oop.ClassificationExperiment object at 0x0000020686B51E90>, estimator=lda, fold=StratifiedKFold(n_splits=10, random_state=None, shuffle=False), round=4, cross_validation=True, predict=True, fit_kwargs={}, groups=None, refit=False, probability_threshold=None, experiment_custom_tags=None, verbose=False, system=False, add_to_model_list=True, metrics=None, display=<pycaret.internal.display.display.CommonDisplay object at 0x00000206828C15D0>, model_only=True, return_train_score=False, error_score=0.0, kwargs={})
2026-06-09 14:52:04,516:INFO:Checking exceptions
2026-06-09 14:52:04,516:INFO:Importing libraries
2026-06-09 14:52:04,516:INFO:Copying training dataset
2026-06-09 14:52:04,756:INFO:Defining folds
2026-06-09 14:52:04,756:INFO:Declaring metric variables
2026-06-09 14:52:04,761:INFO:Importing untrained model
2026-06-09 14:52:04,768:INFO:Linear Discriminant Analysis Imported successfully
2026-06-09 14:52:04,775:INFO:Starting cross validation
2026-06-09 14:52:04,789:INFO:Cross validating with StratifiedKFold(n_splits=10, random_state=None, shuffle=False), n_jobs=-1
2026-06-09 14:52:16,427:WARNING:c:\Users\DELL\anaconda3\envs\p11_env\Lib\site-packages\_distutils_hack\__init__.py:30: UserWarning: Setuptools is replacing distutils. Support for replacing an already imported distutils is deprecated. In the future, this condition will fail. Register concerns at https://github.com/pypa/setuptools/issues/new?template=distutils-deprecation.yml
  warnings.warn(

2026-06-09 14:52:16,444:WARNING:c:\Users\DELL\anaconda3\envs\p11_env\Lib\site-packages\_distutils_hack\__init__.py:30: UserWarning: Setuptools is replacing distutils. Support for replacing an already imported distutils is deprecated. In the future, this condition will fail. Register concerns at https://github.com/pypa/setuptools/issues/new?template=distutils-deprecation.yml
  warnings.warn(

2026-06-09 14:52:16,457:WARNING:c:\Users\DELL\anaconda3\envs\p11_env\Lib\site-packages\_distutils_hack\__init__.py:30: UserWarning: Setuptools is replacing distutils. Support for replacing an already imported distutils is deprecated. In the future, this condition will fail. Register concerns at https://github.com/pypa/setuptools/issues/new?template=distutils-deprecation.yml
  warnings.warn(

2026-06-09 14:52:16,476:WARNING:c:\Users\DELL\anaconda3\envs\p11_env\Lib\site-packages\_distutils_hack\__init__.py:30: UserWarning: Setuptools is replacing distutils. Support for replacing an already imported distutils is deprecated. In the future, this condition will fail. Register concerns at https://github.com/pypa/setuptools/issues/new?template=distutils-deprecation.yml
  warnings.warn(

2026-06-09 14:52:16,482:WARNING:c:\Users\DELL\anaconda3\envs\p11_env\Lib\site-packages\_distutils_hack\__init__.py:30: UserWarning: Setuptools is replacing distutils. Support for replacing an already imported distutils is deprecated. In the future, this condition will fail. Register concerns at https://github.com/pypa/setuptools/issues/new?template=distutils-deprecation.yml
  warnings.warn(

2026-06-09 14:52:16,740:WARNING:c:\Users\DELL\anaconda3\envs\p11_env\Lib\site-packages\_distutils_hack\__init__.py:30: UserWarning: Setuptools is replacing distutils. Support for replacing an already imported distutils is deprecated. In the future, this condition will fail. Register concerns at https://github.com/pypa/setuptools/issues/new?template=distutils-deprecation.yml
  warnings.warn(

2026-06-09 14:53:09,049:INFO:Calculating mean and std
2026-06-09 14:53:09,052:INFO:Creating metrics dataframe
2026-06-09 14:53:09,068:INFO:Uploading results into container
2026-06-09 14:53:09,069:INFO:Uploading model into container now
2026-06-09 14:53:09,070:INFO:_master_model_container: 11
2026-06-09 14:53:09,070:INFO:_display_container: 2
2026-06-09 14:53:09,070:INFO:LinearDiscriminantAnalysis(covariance_estimator=None, n_components=None,
                           priors=None, shrinkage=None, solver='svd',
                           store_covariance=False, tol=0.0001)
2026-06-09 14:53:09,070:INFO:create_model() successfully completed......................................
2026-06-09 14:53:09,236:INFO:SubProcess create_model() end ==================================
2026-06-09 14:53:09,237:INFO:Creating metrics dataframe
2026-06-09 14:53:09,259:INFO:Initializing Extra Trees Classifier
2026-06-09 14:53:09,260:INFO:Total runtime is 153.11588162978492 minutes
2026-06-09 14:53:09,264:INFO:SubProcess create_model() called ==================================
2026-06-09 14:53:09,265:INFO:Initializing create_model()
2026-06-09 14:53:09,265:INFO:create_model(self=<pycaret.classification.oop.ClassificationExperiment object at 0x0000020686B51E90>, estimator=et, fold=StratifiedKFold(n_splits=10, random_state=None, shuffle=False), round=4, cross_validation=True, predict=True, fit_kwargs={}, groups=None, refit=False, probability_threshold=None, experiment_custom_tags=None, verbose=False, system=False, add_to_model_list=True, metrics=None, display=<pycaret.internal.display.display.CommonDisplay object at 0x00000206828C15D0>, model_only=True, return_train_score=False, error_score=0.0, kwargs={})
2026-06-09 14:53:09,265:INFO:Checking exceptions
2026-06-09 14:53:09,265:INFO:Importing libraries
2026-06-09 14:53:09,265:INFO:Copying training dataset
2026-06-09 14:53:09,434:INFO:Defining folds
2026-06-09 14:53:09,434:INFO:Declaring metric variables
2026-06-09 14:53:09,434:INFO:Importing untrained model
2026-06-09 14:53:09,446:INFO:Extra Trees Classifier Imported successfully
2026-06-09 14:53:09,455:INFO:Starting cross validation
2026-06-09 14:53:09,459:INFO:Cross validating with StratifiedKFold(n_splits=10, random_state=None, shuffle=False), n_jobs=-1
2026-06-09 14:58:28,746:INFO:Calculating mean and std
2026-06-09 14:58:28,748:INFO:Creating metrics dataframe
2026-06-09 14:58:28,756:INFO:Uploading results into container
2026-06-09 14:58:28,756:INFO:Uploading model into container now
2026-06-09 14:58:28,756:INFO:_master_model_container: 12
2026-06-09 14:58:28,756:INFO:_display_container: 2
2026-06-09 14:58:28,760:INFO:ExtraTreesClassifier(bootstrap=False, ccp_alpha=0.0, class_weight=None,
                     criterion='gini', max_depth=None, max_features='sqrt',
                     max_leaf_nodes=None, max_samples=None,
                     min_impurity_decrease=0.0, min_samples_leaf=1,
                     min_samples_split=2, min_weight_fraction_leaf=0.0,
                     n_estimators=100, n_jobs=-1, oob_score=False,
                     random_state=40, verbose=0, warm_start=False)
2026-06-09 14:58:28,760:INFO:create_model() successfully completed......................................
2026-06-09 14:58:28,993:INFO:SubProcess create_model() end ==================================
2026-06-09 14:58:28,994:INFO:Creating metrics dataframe
2026-06-09 14:58:29,017:INFO:Initializing Extreme Gradient Boosting
2026-06-09 14:58:29,017:INFO:Total runtime is 158.44514961242677 minutes
2026-06-09 14:58:29,023:INFO:SubProcess create_model() called ==================================
2026-06-09 14:58:29,023:INFO:Initializing create_model()
2026-06-09 14:58:29,023:INFO:create_model(self=<pycaret.classification.oop.ClassificationExperiment object at 0x0000020686B51E90>, estimator=xgboost, fold=StratifiedKFold(n_splits=10, random_state=None, shuffle=False), round=4, cross_validation=True, predict=True, fit_kwargs={}, groups=None, refit=False, probability_threshold=None, experiment_custom_tags=None, verbose=False, system=False, add_to_model_list=True, metrics=None, display=<pycaret.internal.display.display.CommonDisplay object at 0x00000206828C15D0>, model_only=True, return_train_score=False, error_score=0.0, kwargs={})
2026-06-09 14:58:29,024:INFO:Checking exceptions
2026-06-09 14:58:29,024:INFO:Importing libraries
2026-06-09 14:58:29,024:INFO:Copying training dataset
2026-06-09 14:58:29,281:INFO:Defining folds
2026-06-09 14:58:29,281:INFO:Declaring metric variables
2026-06-09 14:58:29,287:INFO:Importing untrained model
2026-06-09 14:58:29,287:INFO:Extreme Gradient Boosting Imported successfully
2026-06-09 14:58:29,306:INFO:Starting cross validation
2026-06-09 14:58:29,312:INFO:Cross validating with StratifiedKFold(n_splits=10, random_state=None, shuffle=False), n_jobs=-1
2026-06-09 15:00:08,741:INFO:Calculating mean and std
2026-06-09 15:00:08,753:INFO:Creating metrics dataframe
2026-06-09 15:00:08,760:INFO:Uploading results into container
2026-06-09 15:00:08,761:INFO:Uploading model into container now
2026-06-09 15:00:08,761:INFO:_master_model_container: 13
2026-06-09 15:00:08,761:INFO:_display_container: 2
2026-06-09 15:00:08,763:INFO:XGBClassifier(base_score=None, booster='gbtree', callbacks=None,
              colsample_bylevel=None, colsample_bynode=None,
              colsample_bytree=None, device='cpu', early_stopping_rounds=None,
              enable_categorical=False, eval_metric=None, feature_types=None,
              feature_weights=None, gamma=None, grow_policy=None,
              importance_type=None, interaction_constraints=None,
              learning_rate=None, max_bin=None, max_cat_threshold=None,
              max_cat_to_onehot=None, max_delta_step=None, max_depth=None,
              max_leaves=None, min_child_weight=None, missing=nan,
              monotone_constraints=None, multi_strategy=None, n_estimators=None,
              n_jobs=-1, num_parallel_tree=None, ...)
2026-06-09 15:00:08,763:INFO:create_model() successfully completed......................................
2026-06-09 15:00:08,938:INFO:SubProcess create_model() end ==================================
2026-06-09 15:00:08,938:INFO:Creating metrics dataframe
2026-06-09 15:00:08,953:INFO:Initializing Light Gradient Boosting Machine
2026-06-09 15:00:08,953:INFO:Total runtime is 160.11075651645663 minutes
2026-06-09 15:00:08,953:INFO:SubProcess create_model() called ==================================
2026-06-09 15:00:08,953:INFO:Initializing create_model()
2026-06-09 15:00:08,953:INFO:create_model(self=<pycaret.classification.oop.ClassificationExperiment object at 0x0000020686B51E90>, estimator=lightgbm, fold=StratifiedKFold(n_splits=10, random_state=None, shuffle=False), round=4, cross_validation=True, predict=True, fit_kwargs={}, groups=None, refit=False, probability_threshold=None, experiment_custom_tags=None, verbose=False, system=False, add_to_model_list=True, metrics=None, display=<pycaret.internal.display.display.CommonDisplay object at 0x00000206828C15D0>, model_only=True, return_train_score=False, error_score=0.0, kwargs={})
2026-06-09 15:00:08,953:INFO:Checking exceptions
2026-06-09 15:00:08,953:INFO:Importing libraries
2026-06-09 15:00:08,953:INFO:Copying training dataset
2026-06-09 15:00:09,143:INFO:Defining folds
2026-06-09 15:00:09,144:INFO:Declaring metric variables
2026-06-09 15:00:09,147:INFO:Importing untrained model
2026-06-09 15:00:09,151:INFO:Light Gradient Boosting Machine Imported successfully
2026-06-09 15:00:09,155:INFO:Starting cross validation
2026-06-09 15:00:09,155:INFO:Cross validating with StratifiedKFold(n_splits=10, random_state=None, shuffle=False), n_jobs=-1
2026-06-09 15:01:44,697:INFO:Calculating mean and std
2026-06-09 15:01:44,699:INFO:Creating metrics dataframe
2026-06-09 15:01:44,704:INFO:Uploading results into container
2026-06-09 15:01:44,705:INFO:Uploading model into container now
2026-06-09 15:01:44,705:INFO:_master_model_container: 14
2026-06-09 15:01:44,706:INFO:_display_container: 2
2026-06-09 15:01:44,707:INFO:LGBMClassifier(boosting_type='gbdt', class_weight=None, colsample_bytree=1.0,
               importance_type='split', learning_rate=0.1, max_depth=-1,
               min_child_samples=20, min_child_weight=0.001, min_split_gain=0.0,
               n_estimators=100, n_jobs=-1, num_leaves=31, objective=None,
               random_state=40, reg_alpha=0.0, reg_lambda=0.0, subsample=1.0,
               subsample_for_bin=200000, subsample_freq=0)
2026-06-09 15:01:44,707:INFO:create_model() successfully completed......................................
2026-06-09 15:01:44,895:INFO:SubProcess create_model() end ==================================
2026-06-09 15:01:44,896:INFO:Creating metrics dataframe
2026-06-09 15:01:44,920:INFO:Initializing CatBoost Classifier
2026-06-09 15:01:44,920:INFO:Total runtime is 161.71021273136142 minutes
2026-06-09 15:01:44,923:INFO:SubProcess create_model() called ==================================
2026-06-09 15:01:44,924:INFO:Initializing create_model()
2026-06-09 15:01:44,924:INFO:create_model(self=<pycaret.classification.oop.ClassificationExperiment object at 0x0000020686B51E90>, estimator=catboost, fold=StratifiedKFold(n_splits=10, random_state=None, shuffle=False), round=4, cross_validation=True, predict=True, fit_kwargs={}, groups=None, refit=False, probability_threshold=None, experiment_custom_tags=None, verbose=False, system=False, add_to_model_list=True, metrics=None, display=<pycaret.internal.display.display.CommonDisplay object at 0x00000206828C15D0>, model_only=True, return_train_score=False, error_score=0.0, kwargs={})
2026-06-09 15:01:44,924:INFO:Checking exceptions
2026-06-09 15:01:44,924:INFO:Importing libraries
2026-06-09 15:01:44,924:INFO:Copying training dataset
2026-06-09 15:01:45,148:INFO:Defining folds
2026-06-09 15:01:45,148:INFO:Declaring metric variables
2026-06-09 15:01:45,151:INFO:Importing untrained model
2026-06-09 15:01:45,156:INFO:CatBoost Classifier Imported successfully
2026-06-09 15:01:45,156:INFO:Starting cross validation
2026-06-09 15:01:45,156:INFO:Cross validating with StratifiedKFold(n_splits=10, random_state=None, shuffle=False), n_jobs=-1
2026-06-09 15:13:55,133:INFO:Calculating mean and std
2026-06-09 15:13:55,135:INFO:Creating metrics dataframe
2026-06-09 15:13:55,149:INFO:Uploading results into container
2026-06-09 15:13:55,151:INFO:Uploading model into container now
2026-06-09 15:13:55,151:INFO:_master_model_container: 15
2026-06-09 15:13:55,151:INFO:_display_container: 2
2026-06-09 15:13:55,153:INFO:CatBoostClassifier(border_count=254, random_state=40, task_type='CPU', verbose=False)
2026-06-09 15:13:55,153:INFO:create_model() successfully completed......................................
2026-06-09 15:13:55,481:INFO:SubProcess create_model() end ==================================
2026-06-09 15:13:55,482:INFO:Creating metrics dataframe
2026-06-09 15:13:55,510:INFO:Initializing Dummy Classifier
2026-06-09 15:13:55,510:INFO:Total runtime is 173.88670264085138 minutes
2026-06-09 15:13:55,516:INFO:SubProcess create_model() called ==================================
2026-06-09 15:13:55,516:INFO:Initializing create_model()
2026-06-09 15:13:55,520:INFO:create_model(self=<pycaret.classification.oop.ClassificationExperiment object at 0x0000020686B51E90>, estimator=dummy, fold=StratifiedKFold(n_splits=10, random_state=None, shuffle=False), round=4, cross_validation=True, predict=True, fit_kwargs={}, groups=None, refit=False, probability_threshold=None, experiment_custom_tags=None, verbose=False, system=False, add_to_model_list=True, metrics=None, display=<pycaret.internal.display.display.CommonDisplay object at 0x00000206828C15D0>, model_only=True, return_train_score=False, error_score=0.0, kwargs={})
2026-06-09 15:13:55,520:INFO:Checking exceptions
2026-06-09 15:13:55,520:INFO:Importing libraries
2026-06-09 15:13:55,520:INFO:Copying training dataset
2026-06-09 15:13:55,909:INFO:Defining folds
2026-06-09 15:13:55,909:INFO:Declaring metric variables
2026-06-09 15:13:55,919:INFO:Importing untrained model
2026-06-09 15:13:55,926:INFO:Dummy Classifier Imported successfully
2026-06-09 15:13:55,946:INFO:Starting cross validation
2026-06-09 15:13:55,955:INFO:Cross validating with StratifiedKFold(n_splits=10, random_state=None, shuffle=False), n_jobs=-1
2026-06-09 15:14:20,323:WARNING:c:\Users\DELL\anaconda3\envs\p11_env\Lib\site-packages\sklearn\metrics\_classification.py:1344: UndefinedMetricWarning: Precision is ill-defined and being set to 0.0 due to no predicted samples. Use `zero_division` parameter to control this behavior.
  _warn_prf(average, modifier, msg_start, len(result))

2026-06-09 15:14:20,333:WARNING:c:\Users\DELL\anaconda3\envs\p11_env\Lib\site-packages\sklearn\metrics\_classification.py:1344: UndefinedMetricWarning: Precision is ill-defined and being set to 0.0 due to no predicted samples. Use `zero_division` parameter to control this behavior.
  _warn_prf(average, modifier, msg_start, len(result))

2026-06-09 15:14:20,356:WARNING:c:\Users\DELL\anaconda3\envs\p11_env\Lib\site-packages\sklearn\metrics\_classification.py:1344: UndefinedMetricWarning: Precision is ill-defined and being set to 0.0 due to no predicted samples. Use `zero_division` parameter to control this behavior.
  _warn_prf(average, modifier, msg_start, len(result))

2026-06-09 15:14:20,925:WARNING:c:\Users\DELL\anaconda3\envs\p11_env\Lib\site-packages\sklearn\metrics\_classification.py:1344: UndefinedMetricWarning: Precision is ill-defined and being set to 0.0 due to no predicted samples. Use `zero_division` parameter to control this behavior.
  _warn_prf(average, modifier, msg_start, len(result))

2026-06-09 15:14:22,805:WARNING:c:\Users\DELL\anaconda3\envs\p11_env\Lib\site-packages\sklearn\metrics\_classification.py:1344: UndefinedMetricWarning: Precision is ill-defined and being set to 0.0 due to no predicted samples. Use `zero_division` parameter to control this behavior.
  _warn_prf(average, modifier, msg_start, len(result))

2026-06-09 15:14:22,984:WARNING:c:\Users\DELL\anaconda3\envs\p11_env\Lib\site-packages\sklearn\metrics\_classification.py:1344: UndefinedMetricWarning: Precision is ill-defined and being set to 0.0 due to no predicted samples. Use `zero_division` parameter to control this behavior.
  _warn_prf(average, modifier, msg_start, len(result))

2026-06-09 15:14:23,011:WARNING:c:\Users\DELL\anaconda3\envs\p11_env\Lib\site-packages\sklearn\metrics\_classification.py:1344: UndefinedMetricWarning: Precision is ill-defined and being set to 0.0 due to no predicted samples. Use `zero_division` parameter to control this behavior.
  _warn_prf(average, modifier, msg_start, len(result))

2026-06-09 15:14:23,086:WARNING:c:\Users\DELL\anaconda3\envs\p11_env\Lib\site-packages\sklearn\metrics\_classification.py:1344: UndefinedMetricWarning: Precision is ill-defined and being set to 0.0 due to no predicted samples. Use `zero_division` parameter to control this behavior.
  _warn_prf(average, modifier, msg_start, len(result))

2026-06-09 15:14:32,295:WARNING:c:\Users\DELL\anaconda3\envs\p11_env\Lib\site-packages\sklearn\metrics\_classification.py:1344: UndefinedMetricWarning: Precision is ill-defined and being set to 0.0 due to no predicted samples. Use `zero_division` parameter to control this behavior.
  _warn_prf(average, modifier, msg_start, len(result))

2026-06-09 15:14:32,344:WARNING:c:\Users\DELL\anaconda3\envs\p11_env\Lib\site-packages\sklearn\metrics\_classification.py:1344: UndefinedMetricWarning: Precision is ill-defined and being set to 0.0 due to no predicted samples. Use `zero_division` parameter to control this behavior.
  _warn_prf(average, modifier, msg_start, len(result))

2026-06-09 15:14:32,666:INFO:Calculating mean and std
2026-06-09 15:14:32,666:INFO:Creating metrics dataframe
2026-06-09 15:14:32,666:INFO:Uploading results into container
2026-06-09 15:14:32,666:INFO:Uploading model into container now
2026-06-09 15:14:32,666:INFO:_master_model_container: 16
2026-06-09 15:14:32,666:INFO:_display_container: 2
2026-06-09 15:14:32,666:INFO:DummyClassifier(constant=None, random_state=40, strategy='prior')
2026-06-09 15:14:32,666:INFO:create_model() successfully completed......................................
2026-06-09 15:14:32,854:INFO:SubProcess create_model() end ==================================
2026-06-09 15:14:32,854:INFO:Creating metrics dataframe
2026-06-09 15:14:32,884:INFO:Initializing create_model()
2026-06-09 15:14:32,884:INFO:create_model(self=<pycaret.classification.oop.ClassificationExperiment object at 0x0000020686B51E90>, estimator=CatBoostClassifier(border_count=254, random_state=40, task_type='CPU', verbose=False), fold=StratifiedKFold(n_splits=10, random_state=None, shuffle=False), round=4, cross_validation=False, predict=False, fit_kwargs={}, groups=None, refit=True, probability_threshold=None, experiment_custom_tags=None, verbose=False, system=False, add_to_model_list=True, metrics=None, display=None, model_only=True, return_train_score=False, error_score=0.0, kwargs={})
2026-06-09 15:14:32,884:INFO:Checking exceptions
2026-06-09 15:14:32,890:INFO:Importing libraries
2026-06-09 15:14:32,890:INFO:Copying training dataset
2026-06-09 15:14:33,096:INFO:Defining folds
2026-06-09 15:14:33,096:INFO:Declaring metric variables
2026-06-09 15:14:33,096:INFO:Importing untrained model
2026-06-09 15:14:33,096:INFO:Declaring custom model
2026-06-09 15:14:33,096:INFO:CatBoost Classifier Imported successfully
2026-06-09 15:14:33,096:INFO:Cross validation set to False
2026-06-09 15:14:33,096:INFO:Fitting Model
2026-06-09 15:16:24,738:INFO:CatBoostClassifier(border_count=254, random_state=40, task_type='CPU', verbose=False)
2026-06-09 15:16:24,738:INFO:create_model() successfully completed......................................
2026-06-09 15:16:25,149:INFO:_master_model_container: 16
2026-06-09 15:16:25,149:INFO:_display_container: 2
2026-06-09 15:16:25,149:INFO:CatBoostClassifier(border_count=254, random_state=40, task_type='CPU', verbose=False)
2026-06-09 15:16:25,149:INFO:compare_models() successfully completed......................................
2026-06-09 19:46:48,953:WARNING:
'cuml' is a soft dependency and not included in the pycaret installation. Please run: `pip install cuml` to install.
2026-06-09 19:46:48,953:WARNING:
'cuml' is a soft dependency and not included in the pycaret installation. Please run: `pip install cuml` to install.
2026-06-09 19:46:48,953:WARNING:
'cuml' is a soft dependency and not included in the pycaret installation. Please run: `pip install cuml` to install.
2026-06-09 19:46:48,953:WARNING:
'cuml' is a soft dependency and not included in the pycaret installation. Please run: `pip install cuml` to install.
2026-06-09 19:49:50,209:WARNING:c:\Users\DELL\anaconda3\envs\p11_env\Lib\site-packages\yfinance\scrapers\history.py:396: FutureWarning: The default dtype for empty Series will be 'object' instead of 'float64' in a future version. Specify a dtype explicitly to silence this warning.
  self._capital_gains = pd.Series()

2026-06-09 19:49:50,612:WARNING:c:\Users\DELL\anaconda3\envs\p11_env\Lib\site-packages\yfinance\scrapers\history.py:396: FutureWarning: The default dtype for empty Series will be 'object' instead of 'float64' in a future version. Specify a dtype explicitly to silence this warning.
  self._capital_gains = pd.Series()

2026-06-09 19:49:50,825:WARNING:c:\Users\DELL\anaconda3\envs\p11_env\Lib\site-packages\yfinance\scrapers\history.py:396: FutureWarning: The default dtype for empty Series will be 'object' instead of 'float64' in a future version. Specify a dtype explicitly to silence this warning.
  self._capital_gains = pd.Series()

2026-06-09 19:49:50,975:WARNING:c:\Users\DELL\anaconda3\envs\p11_env\Lib\site-packages\yfinance\scrapers\history.py:396: FutureWarning: The default dtype for empty Series will be 'object' instead of 'float64' in a future version. Specify a dtype explicitly to silence this warning.
  self._capital_gains = pd.Series()

2026-06-09 19:49:51,015:WARNING:c:\Users\DELL\anaconda3\envs\p11_env\Lib\site-packages\yfinance\scrapers\history.py:396: FutureWarning: The default dtype for empty Series will be 'object' instead of 'float64' in a future version. Specify a dtype explicitly to silence this warning.
  self._capital_gains = pd.Series()

2026-06-09 19:49:51,120:WARNING:c:\Users\DELL\anaconda3\envs\p11_env\Lib\site-packages\yfinance\scrapers\history.py:396: FutureWarning: The default dtype for empty Series will be 'object' instead of 'float64' in a future version. Specify a dtype explicitly to silence this warning.
  self._capital_gains = pd.Series()

2026-06-09 19:49:51,288:WARNING:c:\Users\DELL\anaconda3\envs\p11_env\Lib\site-packages\yfinance\scrapers\history.py:396: FutureWarning: The default dtype for empty Series will be 'object' instead of 'float64' in a future version. Specify a dtype explicitly to silence this warning.
  self._capital_gains = pd.Series()

2026-06-09 19:49:51,322:WARNING:c:\Users\DELL\anaconda3\envs\p11_env\Lib\site-packages\yfinance\scrapers\history.py:396: FutureWarning: The default dtype for empty Series will be 'object' instead of 'float64' in a future version. Specify a dtype explicitly to silence this warning.
  self._capital_gains = pd.Series()

2026-06-09 19:49:51,514:WARNING:c:\Users\DELL\anaconda3\envs\p11_env\Lib\site-packages\yfinance\scrapers\history.py:396: FutureWarning: The default dtype for empty Series will be 'object' instead of 'float64' in a future version. Specify a dtype explicitly to silence this warning.
  self._capital_gains = pd.Series()

2026-06-09 19:49:51,652:WARNING:c:\Users\DELL\anaconda3\envs\p11_env\Lib\site-packages\yfinance\scrapers\history.py:396: FutureWarning: The default dtype for empty Series will be 'object' instead of 'float64' in a future version. Specify a dtype explicitly to silence this warning.
  self._capital_gains = pd.Series()

2026-06-09 19:49:51,790:WARNING:c:\Users\DELL\anaconda3\envs\p11_env\Lib\site-packages\yfinance\scrapers\history.py:396: FutureWarning: The default dtype for empty Series will be 'object' instead of 'float64' in a future version. Specify a dtype explicitly to silence this warning.
  self._capital_gains = pd.Series()

2026-06-09 19:49:51,929:WARNING:c:\Users\DELL\anaconda3\envs\p11_env\Lib\site-packages\yfinance\scrapers\history.py:396: FutureWarning: The default dtype for empty Series will be 'object' instead of 'float64' in a future version. Specify a dtype explicitly to silence this warning.
  self._capital_gains = pd.Series()

2026-06-09 19:49:52,041:WARNING:c:\Users\DELL\anaconda3\envs\p11_env\Lib\site-packages\yfinance\scrapers\history.py:396: FutureWarning: The default dtype for empty Series will be 'object' instead of 'float64' in a future version. Specify a dtype explicitly to silence this warning.
  self._capital_gains = pd.Series()

2026-06-09 19:49:52,245:WARNING:c:\Users\DELL\anaconda3\envs\p11_env\Lib\site-packages\yfinance\scrapers\history.py:396: FutureWarning: The default dtype for empty Series will be 'object' instead of 'float64' in a future version. Specify a dtype explicitly to silence this warning.
  self._capital_gains = pd.Series()

2026-06-09 19:49:52,414:WARNING:c:\Users\DELL\anaconda3\envs\p11_env\Lib\site-packages\yfinance\scrapers\history.py:396: FutureWarning: The default dtype for empty Series will be 'object' instead of 'float64' in a future version. Specify a dtype explicitly to silence this warning.
  self._capital_gains = pd.Series()

2026-06-09 19:49:52,553:WARNING:c:\Users\DELL\anaconda3\envs\p11_env\Lib\site-packages\yfinance\scrapers\history.py:396: FutureWarning: The default dtype for empty Series will be 'object' instead of 'float64' in a future version. Specify a dtype explicitly to silence this warning.
  self._capital_gains = pd.Series()

2026-06-09 19:49:52,598:WARNING:c:\Users\DELL\anaconda3\envs\p11_env\Lib\site-packages\yfinance\scrapers\history.py:396: FutureWarning: The default dtype for empty Series will be 'object' instead of 'float64' in a future version. Specify a dtype explicitly to silence this warning.
  self._capital_gains = pd.Series()

2026-06-09 19:49:52,786:WARNING:c:\Users\DELL\anaconda3\envs\p11_env\Lib\site-packages\yfinance\scrapers\history.py:396: FutureWarning: The default dtype for empty Series will be 'object' instead of 'float64' in a future version. Specify a dtype explicitly to silence this warning.
  self._capital_gains = pd.Series()

2026-06-09 19:49:52,898:WARNING:c:\Users\DELL\anaconda3\envs\p11_env\Lib\site-packages\yfinance\scrapers\history.py:396: FutureWarning: The default dtype for empty Series will be 'object' instead of 'float64' in a future version. Specify a dtype explicitly to silence this warning.
  self._capital_gains = pd.Series()

2026-06-09 19:49:52,969:WARNING:c:\Users\DELL\anaconda3\envs\p11_env\Lib\site-packages\yfinance\scrapers\history.py:396: FutureWarning: The default dtype for empty Series will be 'object' instead of 'float64' in a future version. Specify a dtype explicitly to silence this warning.
  self._capital_gains = pd.Series()

2026-06-09 19:49:53,191:WARNING:c:\Users\DELL\anaconda3\envs\p11_env\Lib\site-packages\yfinance\scrapers\history.py:396: FutureWarning: The default dtype for empty Series will be 'object' instead of 'float64' in a future version. Specify a dtype explicitly to silence this warning.
  self._capital_gains = pd.Series()

2026-06-09 19:49:53,280:WARNING:c:\Users\DELL\anaconda3\envs\p11_env\Lib\site-packages\yfinance\scrapers\history.py:396: FutureWarning: The default dtype for empty Series will be 'object' instead of 'float64' in a future version. Specify a dtype explicitly to silence this warning.
  self._capital_gains = pd.Series()

2026-06-09 19:49:53,430:WARNING:c:\Users\DELL\anaconda3\envs\p11_env\Lib\site-packages\yfinance\scrapers\history.py:396: FutureWarning: The default dtype for empty Series will be 'object' instead of 'float64' in a future version. Specify a dtype explicitly to silence this warning.
  self._capital_gains = pd.Series()

2026-06-09 19:49:53,577:WARNING:c:\Users\DELL\anaconda3\envs\p11_env\Lib\site-packages\yfinance\scrapers\history.py:396: FutureWarning: The default dtype for empty Series will be 'object' instead of 'float64' in a future version. Specify a dtype explicitly to silence this warning.
  self._capital_gains = pd.Series()

2026-06-09 19:49:53,621:WARNING:c:\Users\DELL\anaconda3\envs\p11_env\Lib\site-packages\yfinance\scrapers\history.py:396: FutureWarning: The default dtype for empty Series will be 'object' instead of 'float64' in a future version. Specify a dtype explicitly to silence this warning.
  self._capital_gains = pd.Series()

2026-06-09 19:49:53,790:WARNING:c:\Users\DELL\anaconda3\envs\p11_env\Lib\site-packages\yfinance\scrapers\history.py:396: FutureWarning: The default dtype for empty Series will be 'object' instead of 'float64' in a future version. Specify a dtype explicitly to silence this warning.
  self._capital_gains = pd.Series()

2026-06-09 19:49:53,919:WARNING:c:\Users\DELL\anaconda3\envs\p11_env\Lib\site-packages\yfinance\scrapers\history.py:396: FutureWarning: The default dtype for empty Series will be 'object' instead of 'float64' in a future version. Specify a dtype explicitly to silence this warning.
  self._capital_gains = pd.Series()

2026-06-09 19:49:54,028:WARNING:c:\Users\DELL\anaconda3\envs\p11_env\Lib\site-packages\yfinance\scrapers\history.py:396: FutureWarning: The default dtype for empty Series will be 'object' instead of 'float64' in a future version. Specify a dtype explicitly to silence this warning.
  self._capital_gains = pd.Series()

2026-06-09 19:49:54,226:WARNING:c:\Users\DELL\anaconda3\envs\p11_env\Lib\site-packages\yfinance\scrapers\history.py:396: FutureWarning: The default dtype for empty Series will be 'object' instead of 'float64' in a future version. Specify a dtype explicitly to silence this warning.
  self._capital_gains = pd.Series()

2026-06-09 19:49:54,370:WARNING:c:\Users\DELL\anaconda3\envs\p11_env\Lib\site-packages\yfinance\scrapers\history.py:396: FutureWarning: The default dtype for empty Series will be 'object' instead of 'float64' in a future version. Specify a dtype explicitly to silence this warning.
  self._capital_gains = pd.Series()

2026-06-09 19:49:54,497:WARNING:c:\Users\DELL\anaconda3\envs\p11_env\Lib\site-packages\yfinance\scrapers\history.py:396: FutureWarning: The default dtype for empty Series will be 'object' instead of 'float64' in a future version. Specify a dtype explicitly to silence this warning.
  self._capital_gains = pd.Series()

2026-06-09 19:58:53,720:WARNING:
'cuml' is a soft dependency and not included in the pycaret installation. Please run: `pip install cuml` to install.
2026-06-09 19:58:53,720:WARNING:
'cuml' is a soft dependency and not included in the pycaret installation. Please run: `pip install cuml` to install.
2026-06-09 19:58:53,720:WARNING:
'cuml' is a soft dependency and not included in the pycaret installation. Please run: `pip install cuml` to install.
2026-06-09 19:58:53,720:WARNING:
'cuml' is a soft dependency and not included in the pycaret installation. Please run: `pip install cuml` to install.
2026-06-09 19:58:58,020:WARNING:c:\Users\DELL\anaconda3\envs\p11_env\Lib\site-packages\yfinance\scrapers\history.py:396: FutureWarning: The default dtype for empty Series will be 'object' instead of 'float64' in a future version. Specify a dtype explicitly to silence this warning.
  self._capital_gains = pd.Series()

2026-06-09 19:58:58,689:WARNING:c:\Users\DELL\anaconda3\envs\p11_env\Lib\site-packages\yfinance\scrapers\history.py:396: FutureWarning: The default dtype for empty Series will be 'object' instead of 'float64' in a future version. Specify a dtype explicitly to silence this warning.
  self._capital_gains = pd.Series()

2026-06-09 19:58:59,486:WARNING:c:\Users\DELL\anaconda3\envs\p11_env\Lib\site-packages\yfinance\scrapers\history.py:396: FutureWarning: The default dtype for empty Series will be 'object' instead of 'float64' in a future version. Specify a dtype explicitly to silence this warning.
  self._capital_gains = pd.Series()

2026-06-09 19:58:59,551:WARNING:c:\Users\DELL\anaconda3\envs\p11_env\Lib\site-packages\yfinance\scrapers\history.py:396: FutureWarning: The default dtype for empty Series will be 'object' instead of 'float64' in a future version. Specify a dtype explicitly to silence this warning.
  self._capital_gains = pd.Series()

2026-06-09 19:58:59,678:WARNING:c:\Users\DELL\anaconda3\envs\p11_env\Lib\site-packages\yfinance\scrapers\history.py:396: FutureWarning: The default dtype for empty Series will be 'object' instead of 'float64' in a future version. Specify a dtype explicitly to silence this warning.
  self._capital_gains = pd.Series()

2026-06-09 19:58:59,835:WARNING:c:\Users\DELL\anaconda3\envs\p11_env\Lib\site-packages\yfinance\scrapers\history.py:396: FutureWarning: The default dtype for empty Series will be 'object' instead of 'float64' in a future version. Specify a dtype explicitly to silence this warning.
  self._capital_gains = pd.Series()

2026-06-09 19:58:59,895:WARNING:c:\Users\DELL\anaconda3\envs\p11_env\Lib\site-packages\yfinance\scrapers\history.py:396: FutureWarning: The default dtype for empty Series will be 'object' instead of 'float64' in a future version. Specify a dtype explicitly to silence this warning.
  self._capital_gains = pd.Series()

2026-06-09 19:59:00,037:WARNING:c:\Users\DELL\anaconda3\envs\p11_env\Lib\site-packages\yfinance\scrapers\history.py:396: FutureWarning: The default dtype for empty Series will be 'object' instead of 'float64' in a future version. Specify a dtype explicitly to silence this warning.
  self._capital_gains = pd.Series()

2026-06-09 19:59:00,151:WARNING:c:\Users\DELL\anaconda3\envs\p11_env\Lib\site-packages\yfinance\scrapers\history.py:396: FutureWarning: The default dtype for empty Series will be 'object' instead of 'float64' in a future version. Specify a dtype explicitly to silence this warning.
  self._capital_gains = pd.Series()

2026-06-09 19:59:00,291:WARNING:c:\Users\DELL\anaconda3\envs\p11_env\Lib\site-packages\yfinance\scrapers\history.py:396: FutureWarning: The default dtype for empty Series will be 'object' instead of 'float64' in a future version. Specify a dtype explicitly to silence this warning.
  self._capital_gains = pd.Series()

2026-06-09 19:59:00,418:WARNING:c:\Users\DELL\anaconda3\envs\p11_env\Lib\site-packages\yfinance\scrapers\history.py:396: FutureWarning: The default dtype for empty Series will be 'object' instead of 'float64' in a future version. Specify a dtype explicitly to silence this warning.
  self._capital_gains = pd.Series()

2026-06-09 19:59:00,539:WARNING:c:\Users\DELL\anaconda3\envs\p11_env\Lib\site-packages\yfinance\scrapers\history.py:396: FutureWarning: The default dtype for empty Series will be 'object' instead of 'float64' in a future version. Specify a dtype explicitly to silence this warning.
  self._capital_gains = pd.Series()

2026-06-09 19:59:00,669:WARNING:c:\Users\DELL\anaconda3\envs\p11_env\Lib\site-packages\yfinance\scrapers\history.py:396: FutureWarning: The default dtype for empty Series will be 'object' instead of 'float64' in a future version. Specify a dtype explicitly to silence this warning.
  self._capital_gains = pd.Series()

2026-06-09 19:59:00,905:WARNING:c:\Users\DELL\anaconda3\envs\p11_env\Lib\site-packages\yfinance\scrapers\history.py:396: FutureWarning: The default dtype for empty Series will be 'object' instead of 'float64' in a future version. Specify a dtype explicitly to silence this warning.
  self._capital_gains = pd.Series()

2026-06-09 19:59:01,021:WARNING:c:\Users\DELL\anaconda3\envs\p11_env\Lib\site-packages\yfinance\scrapers\history.py:396: FutureWarning: The default dtype for empty Series will be 'object' instead of 'float64' in a future version. Specify a dtype explicitly to silence this warning.
  self._capital_gains = pd.Series()

2026-06-09 19:59:01,178:WARNING:c:\Users\DELL\anaconda3\envs\p11_env\Lib\site-packages\yfinance\scrapers\history.py:396: FutureWarning: The default dtype for empty Series will be 'object' instead of 'float64' in a future version. Specify a dtype explicitly to silence this warning.
  self._capital_gains = pd.Series()

2026-06-09 19:59:01,337:WARNING:c:\Users\DELL\anaconda3\envs\p11_env\Lib\site-packages\yfinance\scrapers\history.py:396: FutureWarning: The default dtype for empty Series will be 'object' instead of 'float64' in a future version. Specify a dtype explicitly to silence this warning.
  self._capital_gains = pd.Series()

2026-06-09 19:59:01,499:WARNING:c:\Users\DELL\anaconda3\envs\p11_env\Lib\site-packages\yfinance\scrapers\history.py:396: FutureWarning: The default dtype for empty Series will be 'object' instead of 'float64' in a future version. Specify a dtype explicitly to silence this warning.
  self._capital_gains = pd.Series()

2026-06-09 19:59:01,634:WARNING:c:\Users\DELL\anaconda3\envs\p11_env\Lib\site-packages\yfinance\scrapers\history.py:396: FutureWarning: The default dtype for empty Series will be 'object' instead of 'float64' in a future version. Specify a dtype explicitly to silence this warning.
  self._capital_gains = pd.Series()

2026-06-09 19:59:01,717:WARNING:c:\Users\DELL\anaconda3\envs\p11_env\Lib\site-packages\yfinance\scrapers\history.py:396: FutureWarning: The default dtype for empty Series will be 'object' instead of 'float64' in a future version. Specify a dtype explicitly to silence this warning.
  self._capital_gains = pd.Series()

2026-06-09 19:59:01,843:WARNING:c:\Users\DELL\anaconda3\envs\p11_env\Lib\site-packages\yfinance\scrapers\history.py:396: FutureWarning: The default dtype for empty Series will be 'object' instead of 'float64' in a future version. Specify a dtype explicitly to silence this warning.
  self._capital_gains = pd.Series()

2026-06-09 19:59:01,950:WARNING:c:\Users\DELL\anaconda3\envs\p11_env\Lib\site-packages\yfinance\scrapers\history.py:396: FutureWarning: The default dtype for empty Series will be 'object' instead of 'float64' in a future version. Specify a dtype explicitly to silence this warning.
  self._capital_gains = pd.Series()

2026-06-09 19:59:02,122:WARNING:c:\Users\DELL\anaconda3\envs\p11_env\Lib\site-packages\yfinance\scrapers\history.py:396: FutureWarning: The default dtype for empty Series will be 'object' instead of 'float64' in a future version. Specify a dtype explicitly to silence this warning.
  self._capital_gains = pd.Series()

2026-06-09 19:59:02,223:WARNING:c:\Users\DELL\anaconda3\envs\p11_env\Lib\site-packages\yfinance\scrapers\history.py:396: FutureWarning: The default dtype for empty Series will be 'object' instead of 'float64' in a future version. Specify a dtype explicitly to silence this warning.
  self._capital_gains = pd.Series()

2026-06-09 19:59:02,284:WARNING:c:\Users\DELL\anaconda3\envs\p11_env\Lib\site-packages\yfinance\scrapers\history.py:396: FutureWarning: The default dtype for empty Series will be 'object' instead of 'float64' in a future version. Specify a dtype explicitly to silence this warning.
  self._capital_gains = pd.Series()

2026-06-09 19:59:02,400:WARNING:c:\Users\DELL\anaconda3\envs\p11_env\Lib\site-packages\yfinance\scrapers\history.py:396: FutureWarning: The default dtype for empty Series will be 'object' instead of 'float64' in a future version. Specify a dtype explicitly to silence this warning.
  self._capital_gains = pd.Series()

2026-06-09 19:59:02,502:WARNING:c:\Users\DELL\anaconda3\envs\p11_env\Lib\site-packages\yfinance\scrapers\history.py:396: FutureWarning: The default dtype for empty Series will be 'object' instead of 'float64' in a future version. Specify a dtype explicitly to silence this warning.
  self._capital_gains = pd.Series()

2026-06-09 19:59:02,550:WARNING:c:\Users\DELL\anaconda3\envs\p11_env\Lib\site-packages\yfinance\scrapers\history.py:396: FutureWarning: The default dtype for empty Series will be 'object' instead of 'float64' in a future version. Specify a dtype explicitly to silence this warning.
  self._capital_gains = pd.Series()

2026-06-09 19:59:02,684:WARNING:c:\Users\DELL\anaconda3\envs\p11_env\Lib\site-packages\yfinance\scrapers\history.py:396: FutureWarning: The default dtype for empty Series will be 'object' instead of 'float64' in a future version. Specify a dtype explicitly to silence this warning.
  self._capital_gains = pd.Series()

2026-06-09 19:59:02,817:WARNING:c:\Users\DELL\anaconda3\envs\p11_env\Lib\site-packages\yfinance\scrapers\history.py:396: FutureWarning: The default dtype for empty Series will be 'object' instead of 'float64' in a future version. Specify a dtype explicitly to silence this warning.
  self._capital_gains = pd.Series()

2026-06-09 19:59:02,938:WARNING:c:\Users\DELL\anaconda3\envs\p11_env\Lib\site-packages\yfinance\scrapers\history.py:396: FutureWarning: The default dtype for empty Series will be 'object' instead of 'float64' in a future version. Specify a dtype explicitly to silence this warning.
  self._capital_gains = pd.Series()

2026-06-09 21:18:43,531:WARNING:c:\Users\DELL\anaconda3\envs\p11_env\Lib\site-packages\yfinance\scrapers\history.py:396: FutureWarning: The default dtype for empty Series will be 'object' instead of 'float64' in a future version. Specify a dtype explicitly to silence this warning.
  self._capital_gains = pd.Series()

2026-06-09 21:18:43,690:WARNING:c:\Users\DELL\anaconda3\envs\p11_env\Lib\site-packages\yfinance\scrapers\history.py:396: FutureWarning: The default dtype for empty Series will be 'object' instead of 'float64' in a future version. Specify a dtype explicitly to silence this warning.
  self._capital_gains = pd.Series()

2026-06-09 21:18:43,768:WARNING:c:\Users\DELL\anaconda3\envs\p11_env\Lib\site-packages\yfinance\scrapers\history.py:396: FutureWarning: The default dtype for empty Series will be 'object' instead of 'float64' in a future version. Specify a dtype explicitly to silence this warning.
  self._capital_gains = pd.Series()

2026-06-09 21:18:43,888:WARNING:c:\Users\DELL\anaconda3\envs\p11_env\Lib\site-packages\yfinance\scrapers\history.py:396: FutureWarning: The default dtype for empty Series will be 'object' instead of 'float64' in a future version. Specify a dtype explicitly to silence this warning.
  self._capital_gains = pd.Series()

2026-06-09 21:18:44,326:WARNING:c:\Users\DELL\anaconda3\envs\p11_env\Lib\site-packages\yfinance\scrapers\history.py:396: FutureWarning: The default dtype for empty Series will be 'object' instead of 'float64' in a future version. Specify a dtype explicitly to silence this warning.
  self._capital_gains = pd.Series()

2026-06-09 21:18:44,373:WARNING:c:\Users\DELL\anaconda3\envs\p11_env\Lib\site-packages\yfinance\scrapers\history.py:396: FutureWarning: The default dtype for empty Series will be 'object' instead of 'float64' in a future version. Specify a dtype explicitly to silence this warning.
  self._capital_gains = pd.Series()

2026-06-09 21:18:44,432:WARNING:c:\Users\DELL\anaconda3\envs\p11_env\Lib\site-packages\yfinance\scrapers\history.py:396: FutureWarning: The default dtype for empty Series will be 'object' instead of 'float64' in a future version. Specify a dtype explicitly to silence this warning.
  self._capital_gains = pd.Series()

2026-06-09 21:18:44,524:WARNING:c:\Users\DELL\anaconda3\envs\p11_env\Lib\site-packages\yfinance\scrapers\history.py:396: FutureWarning: The default dtype for empty Series will be 'object' instead of 'float64' in a future version. Specify a dtype explicitly to silence this warning.
  self._capital_gains = pd.Series()

2026-06-09 21:18:45,239:WARNING:c:\Users\DELL\anaconda3\envs\p11_env\Lib\site-packages\yfinance\scrapers\history.py:396: FutureWarning: The default dtype for empty Series will be 'object' instead of 'float64' in a future version. Specify a dtype explicitly to silence this warning.
  self._capital_gains = pd.Series()

2026-06-09 21:18:45,457:WARNING:c:\Users\DELL\anaconda3\envs\p11_env\Lib\site-packages\yfinance\scrapers\history.py:396: FutureWarning: The default dtype for empty Series will be 'object' instead of 'float64' in a future version. Specify a dtype explicitly to silence this warning.
  self._capital_gains = pd.Series()

2026-06-09 21:18:45,855:WARNING:c:\Users\DELL\anaconda3\envs\p11_env\Lib\site-packages\yfinance\scrapers\history.py:396: FutureWarning: The default dtype for empty Series will be 'object' instead of 'float64' in a future version. Specify a dtype explicitly to silence this warning.
  self._capital_gains = pd.Series()

2026-06-09 21:18:45,989:WARNING:c:\Users\DELL\anaconda3\envs\p11_env\Lib\site-packages\yfinance\scrapers\history.py:396: FutureWarning: The default dtype for empty Series will be 'object' instead of 'float64' in a future version. Specify a dtype explicitly to silence this warning.
  self._capital_gains = pd.Series()

2026-06-09 21:18:45,997:WARNING:c:\Users\DELL\anaconda3\envs\p11_env\Lib\site-packages\yfinance\scrapers\history.py:396: FutureWarning: The default dtype for empty Series will be 'object' instead of 'float64' in a future version. Specify a dtype explicitly to silence this warning.
  self._capital_gains = pd.Series()

2026-06-09 21:18:46,871:WARNING:c:\Users\DELL\anaconda3\envs\p11_env\Lib\site-packages\yfinance\scrapers\history.py:396: FutureWarning: The default dtype for empty Series will be 'object' instead of 'float64' in a future version. Specify a dtype explicitly to silence this warning.
  self._capital_gains = pd.Series()

2026-06-09 21:18:47,115:WARNING:c:\Users\DELL\anaconda3\envs\p11_env\Lib\site-packages\yfinance\scrapers\history.py:396: FutureWarning: The default dtype for empty Series will be 'object' instead of 'float64' in a future version. Specify a dtype explicitly to silence this warning.
  self._capital_gains = pd.Series()

2026-06-09 21:18:47,291:WARNING:c:\Users\DELL\anaconda3\envs\p11_env\Lib\site-packages\yfinance\scrapers\history.py:396: FutureWarning: The default dtype for empty Series will be 'object' instead of 'float64' in a future version. Specify a dtype explicitly to silence this warning.
  self._capital_gains = pd.Series()

2026-06-09 21:18:47,432:WARNING:c:\Users\DELL\anaconda3\envs\p11_env\Lib\site-packages\yfinance\scrapers\history.py:396: FutureWarning: The default dtype for empty Series will be 'object' instead of 'float64' in a future version. Specify a dtype explicitly to silence this warning.
  self._capital_gains = pd.Series()

2026-06-09 21:18:47,932:WARNING:c:\Users\DELL\anaconda3\envs\p11_env\Lib\site-packages\yfinance\scrapers\history.py:396: FutureWarning: The default dtype for empty Series will be 'object' instead of 'float64' in a future version. Specify a dtype explicitly to silence this warning.
  self._capital_gains = pd.Series()

2026-06-09 21:18:48,057:WARNING:c:\Users\DELL\anaconda3\envs\p11_env\Lib\site-packages\yfinance\scrapers\history.py:396: FutureWarning: The default dtype for empty Series will be 'object' instead of 'float64' in a future version. Specify a dtype explicitly to silence this warning.
  self._capital_gains = pd.Series()

2026-06-09 21:18:48,416:WARNING:c:\Users\DELL\anaconda3\envs\p11_env\Lib\site-packages\yfinance\scrapers\history.py:396: FutureWarning: The default dtype for empty Series will be 'object' instead of 'float64' in a future version. Specify a dtype explicitly to silence this warning.
  self._capital_gains = pd.Series()

2026-06-09 21:18:48,597:WARNING:c:\Users\DELL\anaconda3\envs\p11_env\Lib\site-packages\yfinance\scrapers\history.py:396: FutureWarning: The default dtype for empty Series will be 'object' instead of 'float64' in a future version. Specify a dtype explicitly to silence this warning.
  self._capital_gains = pd.Series()

2026-06-09 21:18:48,597:WARNING:c:\Users\DELL\anaconda3\envs\p11_env\Lib\site-packages\yfinance\scrapers\history.py:396: FutureWarning: The default dtype for empty Series will be 'object' instead of 'float64' in a future version. Specify a dtype explicitly to silence this warning.
  self._capital_gains = pd.Series()

2026-06-09 21:18:48,885:WARNING:c:\Users\DELL\anaconda3\envs\p11_env\Lib\site-packages\yfinance\scrapers\history.py:396: FutureWarning: The default dtype for empty Series will be 'object' instead of 'float64' in a future version. Specify a dtype explicitly to silence this warning.
  self._capital_gains = pd.Series()

2026-06-09 21:18:49,239:WARNING:c:\Users\DELL\anaconda3\envs\p11_env\Lib\site-packages\yfinance\scrapers\history.py:396: FutureWarning: The default dtype for empty Series will be 'object' instead of 'float64' in a future version. Specify a dtype explicitly to silence this warning.
  self._capital_gains = pd.Series()

2026-06-09 21:18:49,289:WARNING:c:\Users\DELL\anaconda3\envs\p11_env\Lib\site-packages\yfinance\scrapers\history.py:396: FutureWarning: The default dtype for empty Series will be 'object' instead of 'float64' in a future version. Specify a dtype explicitly to silence this warning.
  self._capital_gains = pd.Series()

2026-06-09 21:18:49,536:WARNING:c:\Users\DELL\anaconda3\envs\p11_env\Lib\site-packages\yfinance\scrapers\history.py:396: FutureWarning: The default dtype for empty Series will be 'object' instead of 'float64' in a future version. Specify a dtype explicitly to silence this warning.
  self._capital_gains = pd.Series()

2026-06-09 21:18:49,888:WARNING:c:\Users\DELL\anaconda3\envs\p11_env\Lib\site-packages\yfinance\scrapers\history.py:396: FutureWarning: The default dtype for empty Series will be 'object' instead of 'float64' in a future version. Specify a dtype explicitly to silence this warning.
  self._capital_gains = pd.Series()

2026-06-09 21:18:50,100:WARNING:c:\Users\DELL\anaconda3\envs\p11_env\Lib\site-packages\yfinance\scrapers\history.py:396: FutureWarning: The default dtype for empty Series will be 'object' instead of 'float64' in a future version. Specify a dtype explicitly to silence this warning.
  self._capital_gains = pd.Series()

2026-06-09 21:18:50,544:WARNING:c:\Users\DELL\anaconda3\envs\p11_env\Lib\site-packages\yfinance\scrapers\history.py:396: FutureWarning: The default dtype for empty Series will be 'object' instead of 'float64' in a future version. Specify a dtype explicitly to silence this warning.
  self._capital_gains = pd.Series()

2026-06-09 21:18:50,596:WARNING:c:\Users\DELL\anaconda3\envs\p11_env\Lib\site-packages\yfinance\scrapers\history.py:396: FutureWarning: The default dtype for empty Series will be 'object' instead of 'float64' in a future version. Specify a dtype explicitly to silence this warning.
  self._capital_gains = pd.Series()

2026-06-09 21:18:50,696:WARNING:c:\Users\DELL\anaconda3\envs\p11_env\Lib\site-packages\yfinance\scrapers\history.py:396: FutureWarning: The default dtype for empty Series will be 'object' instead of 'float64' in a future version. Specify a dtype explicitly to silence this warning.
  self._capital_gains = pd.Series()

2026-06-09 21:22:50,142:INFO:PyCaret ClassificationExperiment
2026-06-09 21:22:50,142:INFO:Logging name: clf-default-name
2026-06-09 21:22:50,142:INFO:ML Usecase: MLUsecase.CLASSIFICATION
2026-06-09 21:22:50,144:INFO:version 3.2.0
2026-06-09 21:22:50,144:INFO:Initializing setup()
2026-06-09 21:22:50,144:INFO:self.USI: a86f
2026-06-09 21:22:50,144:INFO:self._variable_keys: {'X', 'n_jobs_param', 'fold_shuffle_param', 'X_test', 'X_train', 'exp_id', 'memory', 'target_param', 'USI', 'pipeline', '_ml_usecase', 'fold_groups_param', 'exp_name_log', 'log_plots_param', 'y', 'y_train', 'is_multiclass', 'seed', 'fix_imbalance', 'idx', 'html_param', 'gpu_n_jobs_param', 'fold_generator', 'logging_param', 'gpu_param', '_available_plots', 'data', 'y_test'}
2026-06-09 21:22:50,144:INFO:Checking environment
2026-06-09 21:22:50,144:INFO:python_version: 3.11.15
2026-06-09 21:22:50,144:INFO:python_build: ('main', 'Mar 11 2026 17:12:15')
2026-06-09 21:22:50,144:INFO:machine: AMD64
2026-06-09 21:22:50,144:INFO:platform: Windows-10-10.0.26200-SP0
2026-06-09 21:22:50,144:INFO:Memory: svmem(total=16889192448, available=2796003328, percent=83.4, used=14093189120, free=2796003328)
2026-06-09 21:22:50,144:INFO:Physical Core: 4
2026-06-09 21:22:50,144:INFO:Logical Core: 8
2026-06-09 21:22:50,144:INFO:Checking libraries
2026-06-09 21:22:50,144:INFO:System:
2026-06-09 21:22:50,144:INFO:    python: 3.11.15 | packaged by Anaconda, Inc. | (main, Mar 11 2026, 17:12:15) [MSC v.1942 64 bit (AMD64)]
2026-06-09 21:22:50,144:INFO:executable: c:\Users\DELL\anaconda3\envs\p11_env\python.exe
2026-06-09 21:22:50,146:INFO:   machine: Windows-10-10.0.26200-SP0
2026-06-09 21:22:50,146:INFO:PyCaret required dependencies:
2026-06-09 21:22:50,148:WARNING:c:\Users\DELL\anaconda3\envs\p11_env\Lib\site-packages\_distutils_hack\__init__.py:30: UserWarning: Setuptools is replacing distutils. Support for replacing an already imported distutils is deprecated. In the future, this condition will fail. Register concerns at https://github.com/pypa/setuptools/issues/new?template=distutils-deprecation.yml
  warnings.warn(

2026-06-09 21:22:50,165:INFO:                 pip: 26.1.1
2026-06-09 21:22:50,165:INFO:          setuptools: 82.0.1
2026-06-09 21:22:50,165:INFO:             pycaret: 3.2.0
2026-06-09 21:22:50,165:INFO:             IPython: 9.14.1
2026-06-09 21:22:50,165:INFO:          ipywidgets: 8.1.8
2026-06-09 21:22:50,165:INFO:                tqdm: 4.68.1
2026-06-09 21:22:50,165:INFO:               numpy: 1.25.2
2026-06-09 21:22:50,165:INFO:              pandas: 1.5.3
2026-06-09 21:22:50,165:INFO:              jinja2: 3.1.6
2026-06-09 21:22:50,165:INFO:               scipy: 1.10.1
2026-06-09 21:22:50,165:INFO:              joblib: 1.2.0
2026-06-09 21:22:50,165:INFO:             sklearn: 1.2.2
2026-06-09 21:22:50,165:INFO:                pyod: 3.6.0
2026-06-09 21:22:50,165:INFO:            imblearn: 0.12.4
2026-06-09 21:22:50,165:INFO:   category_encoders: 2.7.0
2026-06-09 21:22:50,165:INFO:            lightgbm: 4.6.0
2026-06-09 21:22:50,165:INFO:               numba: 0.65.1
2026-06-09 21:22:50,165:INFO:            requests: 2.34.2
2026-06-09 21:22:50,172:INFO:          matplotlib: 3.7.5
2026-06-09 21:22:50,172:INFO:          scikitplot: 0.3.7
2026-06-09 21:22:50,172:INFO:         yellowbrick: 1.5
2026-06-09 21:22:50,172:INFO:              plotly: 6.8.0
2026-06-09 21:22:50,172:INFO:    plotly-resampler: Not installed
2026-06-09 21:22:50,172:INFO:             kaleido: 1.3.0
2026-06-09 21:22:50,172:INFO:           schemdraw: 0.15
2026-06-09 21:22:50,172:INFO:         statsmodels: 0.14.6
2026-06-09 21:22:50,172:INFO:              sktime: 0.21.1
2026-06-09 21:22:50,172:INFO:               tbats: 1.1.3
2026-06-09 21:22:50,172:INFO:            pmdarima: 2.0.4
2026-06-09 21:22:50,172:INFO:              psutil: 7.2.2
2026-06-09 21:22:50,172:INFO:          markupsafe: 3.0.3
2026-06-09 21:22:50,172:INFO:             pickle5: Not installed
2026-06-09 21:22:50,172:INFO:         cloudpickle: 3.1.2
2026-06-09 21:22:50,172:INFO:         deprecation: 2.1.0
2026-06-09 21:22:50,172:INFO:              xxhash: 3.7.0
2026-06-09 21:22:50,172:INFO:           wurlitzer: Not installed
2026-06-09 21:22:50,172:INFO:PyCaret optional dependencies:
2026-06-09 21:22:50,343:INFO:                shap: 0.51.0
2026-06-09 21:22:50,343:INFO:           interpret: Not installed
2026-06-09 21:22:50,343:INFO:                umap: 0.5.12
2026-06-09 21:22:50,343:INFO:     ydata_profiling: Not installed
2026-06-09 21:22:50,345:INFO:  explainerdashboard: Not installed
2026-06-09 21:22:50,345:INFO:             autoviz: Not installed
2026-06-09 21:22:50,345:INFO:           fairlearn: Not installed
2026-06-09 21:22:50,345:INFO:          deepchecks: Not installed
2026-06-09 21:22:50,345:INFO:             xgboost: 3.2.0
2026-06-09 21:22:50,345:INFO:            catboost: 1.2.10
2026-06-09 21:22:50,345:INFO:              kmodes: 0.12.2
2026-06-09 21:22:50,347:INFO:             mlxtend: 0.24.0
2026-06-09 21:22:50,347:INFO:       statsforecast: Not installed
2026-06-09 21:22:50,347:INFO:        tune_sklearn: Not installed
2026-06-09 21:22:50,347:INFO:                 ray: Not installed
2026-06-09 21:22:50,347:INFO:            hyperopt: Not installed
2026-06-09 21:22:50,347:INFO:              optuna: 4.9.0
2026-06-09 21:22:50,347:INFO:               skopt: Not installed
2026-06-09 21:22:50,349:INFO:              mlflow: 3.13.0
2026-06-09 21:22:50,349:INFO:              gradio: Not installed
2026-06-09 21:22:50,349:INFO:             fastapi: 0.136.3
2026-06-09 21:22:50,349:INFO:             uvicorn: 0.49.0
2026-06-09 21:22:50,349:INFO:              m2cgen: Not installed
2026-06-09 21:22:50,349:INFO:           evidently: Not installed
2026-06-09 21:22:50,349:INFO:               fugue: Not installed
2026-06-09 21:22:50,349:INFO:           streamlit: 1.58.0
2026-06-09 21:22:50,349:INFO:             prophet: Not installed
2026-06-09 21:22:50,349:INFO:None
2026-06-09 21:22:50,349:INFO:Set up data.
2026-06-09 21:22:50,974:INFO:Set up folding strategy.
2026-06-09 21:22:50,974:INFO:Set up train/test split.
2026-06-09 21:22:51,627:INFO:Set up index.
2026-06-09 21:22:51,657:INFO:Assigning column types.
2026-06-09 21:22:52,055:INFO:Engine successfully changes for model 'lr' to 'sklearn'.
2026-06-09 21:22:52,197:INFO:Engine for model 'knn' has not been set explicitly, hence returning None.
2026-06-09 21:22:52,204:INFO:Engine for model 'rbfsvm' has not been set explicitly, hence returning None.
2026-06-09 21:22:52,326:INFO:Soft dependency imported: xgboost: 3.2.0
2026-06-09 21:22:52,342:INFO:Soft dependency imported: catboost: 1.2.10
2026-06-09 21:22:52,497:INFO:Engine for model 'knn' has not been set explicitly, hence returning None.
2026-06-09 21:22:52,500:INFO:Engine for model 'rbfsvm' has not been set explicitly, hence returning None.
2026-06-09 21:22:52,607:INFO:Soft dependency imported: xgboost: 3.2.0
2026-06-09 21:22:52,616:INFO:Soft dependency imported: catboost: 1.2.10
2026-06-09 21:22:52,618:INFO:Engine successfully changes for model 'knn' to 'sklearn'.
2026-06-09 21:22:52,738:INFO:Engine for model 'rbfsvm' has not been set explicitly, hence returning None.
2026-06-09 21:22:52,849:INFO:Soft dependency imported: xgboost: 3.2.0
2026-06-09 21:22:52,854:INFO:Soft dependency imported: catboost: 1.2.10
2026-06-09 21:22:53,009:INFO:Engine for model 'rbfsvm' has not been set explicitly, hence returning None.
2026-06-09 21:22:53,104:INFO:Soft dependency imported: xgboost: 3.2.0
2026-06-09 21:22:53,104:INFO:Soft dependency imported: catboost: 1.2.10
2026-06-09 21:22:53,110:INFO:Engine successfully changes for model 'rbfsvm' to 'sklearn'.
2026-06-09 21:22:53,327:INFO:Soft dependency imported: xgboost: 3.2.0
2026-06-09 21:22:53,327:INFO:Soft dependency imported: catboost: 1.2.10
2026-06-09 21:22:53,492:INFO:Soft dependency imported: xgboost: 3.2.0
2026-06-09 21:22:53,503:INFO:Soft dependency imported: catboost: 1.2.10
2026-06-09 21:22:53,503:INFO:Preparing preprocessing pipeline...
2026-06-09 21:22:53,554:INFO:Set up simple imputation.
2026-06-09 21:22:53,554:INFO:Set up imbalanced handling.
2026-06-09 21:22:53,554:INFO:Set up feature normalization.
2026-06-09 21:23:01,902:INFO:Finished creating preprocessing pipeline.
2026-06-09 21:23:01,933:INFO:Pipeline: Pipeline(memory=FastMemory(location=C:\Users\DELL\AppData\Local\Temp\joblib),
         steps=[('numerical_imputer',
                 TransformerWrapper(exclude=None,
                                    include=['return_1d', 'return_3d',
                                             'return_5d', 'return_10d',
                                             'return_20d', 'overnight_gap',
                                             'body_size', 'upper_shadow',
                                             'lower_shadow', 'hl_range',
                                             'close_position', 'dist_sma_5',
                                             'dist_ema_5', 'dist_sma_10',
                                             'dist_ema_10', 'd...
                                                              strategy='most_frequent',
                                                              verbose='deprecated'))),
                ('balance',
                 TransformerWrapper(exclude=None, include=None,
                                    transformer=FixImbalancer(estimator=SMOTE(k_neighbors=5,
                                                                              n_jobs=None,
                                                                              random_state=40,
                                                                              sampling_strategy='auto')))),
                ('normalize',
                 TransformerWrapper(exclude=None, include=None,
                                    transformer=StandardScaler(copy=True,
                                                               with_mean=True,
                                                               with_std=True)))],
         verbose=False)
2026-06-09 21:23:01,933:INFO:Creating final display dataframe.
2026-06-09 21:23:11,832:INFO:Setup _display_container:                     Description             Value
0                    Session id                40
1                        Target            target
2                   Target type            Binary
3           Original data shape      (203456, 66)
4        Transformed data shape      (289057, 66)
5   Transformed train set shape      (228020, 66)
6    Transformed test set shape       (61037, 66)
7              Numeric features                65
8                    Preprocess              True
9               Imputation type            simple
10           Numeric imputation              mean
11       Categorical imputation              mode
12                Fix imbalance              True
13         Fix imbalance method             SMOTE
14                    Normalize              True
15             Normalize method            zscore
16               Fold Generator   StratifiedKFold
17                  Fold Number                10
18                     CPU Jobs                -1
19                      Use GPU             False
20               Log Experiment             False
21              Experiment Name  clf-default-name
22                          USI              a86f
2026-06-09 21:23:12,115:INFO:Soft dependency imported: xgboost: 3.2.0
2026-06-09 21:23:12,127:INFO:Soft dependency imported: catboost: 1.2.10
2026-06-09 21:23:12,410:INFO:Soft dependency imported: xgboost: 3.2.0
2026-06-09 21:23:12,419:INFO:Soft dependency imported: catboost: 1.2.10
2026-06-09 21:23:12,423:INFO:setup() successfully completed in 22.37s...............
2026-06-09 21:23:12,425:INFO:Initializing compare_models()
2026-06-09 21:23:12,425:INFO:compare_models(self=<pycaret.classification.oop.ClassificationExperiment object at 0x000001784778E210>, include=None, exclude=None, fold=None, round=4, cross_validation=True, sort=Accuracy, n_select=1, budget_time=None, turbo=True, errors=ignore, fit_kwargs=None, groups=None, experiment_custom_tags=None, probability_threshold=None, verbose=True, parallel=None, caller_params={'self': <pycaret.classification.oop.ClassificationExperiment object at 0x000001784778E210>, 'include': None, 'exclude': None, 'fold': None, 'round': 4, 'cross_validation': True, 'sort': 'Accuracy', 'n_select': 1, 'budget_time': None, 'turbo': True, 'errors': 'ignore', 'fit_kwargs': None, 'groups': None, 'experiment_custom_tags': None, 'probability_threshold': None, 'engine': None, 'verbose': True, 'parallel': None, '__class__': <class 'pycaret.classification.oop.ClassificationExperiment'>})
2026-06-09 21:23:12,425:INFO:Checking exceptions
2026-06-09 21:23:12,631:INFO:Preparing display monitor
2026-06-09 21:23:12,680:INFO:Initializing Logistic Regression
2026-06-09 21:23:12,681:INFO:Total runtime is 1.6895929972330728e-05 minutes
2026-06-09 21:23:12,688:INFO:SubProcess create_model() called ==================================
2026-06-09 21:23:12,688:INFO:Initializing create_model()
2026-06-09 21:23:12,688:INFO:create_model(self=<pycaret.classification.oop.ClassificationExperiment object at 0x000001784778E210>, estimator=lr, fold=StratifiedKFold(n_splits=10, random_state=None, shuffle=False), round=4, cross_validation=True, predict=True, fit_kwargs={}, groups=None, refit=False, probability_threshold=None, experiment_custom_tags=None, verbose=False, system=False, add_to_model_list=True, metrics=None, display=<pycaret.internal.display.display.CommonDisplay object at 0x00000179749868D0>, model_only=True, return_train_score=False, error_score=0.0, kwargs={})
2026-06-09 21:23:12,688:INFO:Checking exceptions
2026-06-09 21:23:12,688:INFO:Importing libraries
2026-06-09 21:23:12,688:INFO:Copying training dataset
2026-06-09 21:23:13,048:INFO:Defining folds
2026-06-09 21:23:13,048:INFO:Declaring metric variables
2026-06-09 21:23:13,048:INFO:Importing untrained model
2026-06-09 21:23:13,064:INFO:Logistic Regression Imported successfully
2026-06-09 21:23:13,079:INFO:Starting cross validation
2026-06-09 21:23:13,083:INFO:Cross validating with StratifiedKFold(n_splits=10, random_state=None, shuffle=False), n_jobs=-1
2026-06-09 21:23:39,097:WARNING:c:\Users\DELL\anaconda3\envs\p11_env\Lib\site-packages\_distutils_hack\__init__.py:30: UserWarning: Setuptools is replacing distutils. Support for replacing an already imported distutils is deprecated. In the future, this condition will fail. Register concerns at https://github.com/pypa/setuptools/issues/new?template=distutils-deprecation.yml
  warnings.warn(

2026-06-09 21:23:39,097:WARNING:c:\Users\DELL\anaconda3\envs\p11_env\Lib\site-packages\_distutils_hack\__init__.py:30: UserWarning: Setuptools is replacing distutils. Support for replacing an already imported distutils is deprecated. In the future, this condition will fail. Register concerns at https://github.com/pypa/setuptools/issues/new?template=distutils-deprecation.yml
  warnings.warn(

2026-06-09 21:23:39,099:WARNING:c:\Users\DELL\anaconda3\envs\p11_env\Lib\site-packages\_distutils_hack\__init__.py:30: UserWarning: Setuptools is replacing distutils. Support for replacing an already imported distutils is deprecated. In the future, this condition will fail. Register concerns at https://github.com/pypa/setuptools/issues/new?template=distutils-deprecation.yml
  warnings.warn(

2026-06-09 21:23:39,101:WARNING:c:\Users\DELL\anaconda3\envs\p11_env\Lib\site-packages\_distutils_hack\__init__.py:30: UserWarning: Setuptools is replacing distutils. Support for replacing an already imported distutils is deprecated. In the future, this condition will fail. Register concerns at https://github.com/pypa/setuptools/issues/new?template=distutils-deprecation.yml
  warnings.warn(

2026-06-09 21:23:39,104:WARNING:c:\Users\DELL\anaconda3\envs\p11_env\Lib\site-packages\_distutils_hack\__init__.py:30: UserWarning: Setuptools is replacing distutils. Support for replacing an already imported distutils is deprecated. In the future, this condition will fail. Register concerns at https://github.com/pypa/setuptools/issues/new?template=distutils-deprecation.yml
  warnings.warn(

2026-06-09 21:23:39,109:WARNING:c:\Users\DELL\anaconda3\envs\p11_env\Lib\site-packages\_distutils_hack\__init__.py:30: UserWarning: Setuptools is replacing distutils. Support for replacing an already imported distutils is deprecated. In the future, this condition will fail. Register concerns at https://github.com/pypa/setuptools/issues/new?template=distutils-deprecation.yml
  warnings.warn(

2026-06-09 21:23:39,113:WARNING:c:\Users\DELL\anaconda3\envs\p11_env\Lib\site-packages\_distutils_hack\__init__.py:30: UserWarning: Setuptools is replacing distutils. Support for replacing an already imported distutils is deprecated. In the future, this condition will fail. Register concerns at https://github.com/pypa/setuptools/issues/new?template=distutils-deprecation.yml
  warnings.warn(

2026-06-09 21:23:39,122:WARNING:c:\Users\DELL\anaconda3\envs\p11_env\Lib\site-packages\_distutils_hack\__init__.py:30: UserWarning: Setuptools is replacing distutils. Support for replacing an already imported distutils is deprecated. In the future, this condition will fail. Register concerns at https://github.com/pypa/setuptools/issues/new?template=distutils-deprecation.yml
  warnings.warn(

2026-06-09 21:26:56,040:INFO:Calculating mean and std
2026-06-09 21:26:56,045:INFO:Creating metrics dataframe
2026-06-09 21:26:56,060:INFO:Uploading results into container
2026-06-09 21:26:56,060:INFO:Uploading model into container now
2026-06-09 21:26:56,074:INFO:_master_model_container: 1
2026-06-09 21:26:56,074:INFO:_display_container: 2
2026-06-09 21:26:56,080:INFO:LogisticRegression(C=1.0, class_weight=None, dual=False, fit_intercept=True,
                   intercept_scaling=1, l1_ratio=None, max_iter=1000,
                   multi_class='auto', n_jobs=None, penalty='l2',
                   random_state=40, solver='lbfgs', tol=0.0001, verbose=0,
                   warm_start=False)
2026-06-09 21:26:56,080:INFO:create_model() successfully completed......................................
2026-06-09 21:26:58,746:INFO:SubProcess create_model() end ==================================
2026-06-09 21:26:58,747:INFO:Creating metrics dataframe
2026-06-09 21:26:58,788:INFO:Initializing K Neighbors Classifier
2026-06-09 21:26:58,788:INFO:Total runtime is 3.7684688488642375 minutes
2026-06-09 21:26:58,790:INFO:SubProcess create_model() called ==================================
2026-06-09 21:26:58,790:INFO:Initializing create_model()
2026-06-09 21:26:58,790:INFO:create_model(self=<pycaret.classification.oop.ClassificationExperiment object at 0x000001784778E210>, estimator=knn, fold=StratifiedKFold(n_splits=10, random_state=None, shuffle=False), round=4, cross_validation=True, predict=True, fit_kwargs={}, groups=None, refit=False, probability_threshold=None, experiment_custom_tags=None, verbose=False, system=False, add_to_model_list=True, metrics=None, display=<pycaret.internal.display.display.CommonDisplay object at 0x00000179749868D0>, model_only=True, return_train_score=False, error_score=0.0, kwargs={})
2026-06-09 21:26:58,790:INFO:Checking exceptions
2026-06-09 21:26:58,790:INFO:Importing libraries
2026-06-09 21:26:58,790:INFO:Copying training dataset
2026-06-09 21:26:59,338:INFO:Defining folds
2026-06-09 21:26:59,338:INFO:Declaring metric variables
2026-06-09 21:26:59,354:INFO:Importing untrained model
2026-06-09 21:26:59,369:INFO:K Neighbors Classifier Imported successfully
2026-06-09 21:26:59,389:INFO:Starting cross validation
2026-06-09 21:26:59,404:INFO:Cross validating with StratifiedKFold(n_splits=10, random_state=None, shuffle=False), n_jobs=-1
2026-06-09 21:35:40,037:INFO:Calculating mean and std
2026-06-09 21:35:40,044:INFO:Creating metrics dataframe
2026-06-09 21:35:40,053:INFO:Uploading results into container
2026-06-09 21:35:40,060:INFO:Uploading model into container now
2026-06-09 21:35:40,061:INFO:_master_model_container: 2
2026-06-09 21:35:40,062:INFO:_display_container: 2
2026-06-09 21:35:40,063:INFO:KNeighborsClassifier(algorithm='auto', leaf_size=30, metric='minkowski',
                     metric_params=None, n_jobs=-1, n_neighbors=5, p=2,
                     weights='uniform')
2026-06-09 21:35:40,065:INFO:create_model() successfully completed......................................
2026-06-09 21:35:41,618:INFO:SubProcess create_model() end ==================================
2026-06-09 21:35:41,618:INFO:Creating metrics dataframe
2026-06-09 21:35:41,661:INFO:Initializing Naive Bayes
2026-06-09 21:35:41,661:INFO:Total runtime is 12.483017492294312 minutes
2026-06-09 21:35:41,678:INFO:SubProcess create_model() called ==================================
2026-06-09 21:35:41,679:INFO:Initializing create_model()
2026-06-09 21:35:41,680:INFO:create_model(self=<pycaret.classification.oop.ClassificationExperiment object at 0x000001784778E210>, estimator=nb, fold=StratifiedKFold(n_splits=10, random_state=None, shuffle=False), round=4, cross_validation=True, predict=True, fit_kwargs={}, groups=None, refit=False, probability_threshold=None, experiment_custom_tags=None, verbose=False, system=False, add_to_model_list=True, metrics=None, display=<pycaret.internal.display.display.CommonDisplay object at 0x00000179749868D0>, model_only=True, return_train_score=False, error_score=0.0, kwargs={})
2026-06-09 21:35:41,680:INFO:Checking exceptions
2026-06-09 21:35:41,680:INFO:Importing libraries
2026-06-09 21:35:41,680:INFO:Copying training dataset
2026-06-09 21:35:42,097:INFO:Defining folds
2026-06-09 21:35:42,097:INFO:Declaring metric variables
2026-06-09 21:35:42,105:INFO:Importing untrained model
2026-06-09 21:35:42,116:INFO:Naive Bayes Imported successfully
2026-06-09 21:35:42,133:INFO:Starting cross validation
2026-06-09 21:35:42,144:INFO:Cross validating with StratifiedKFold(n_splits=10, random_state=None, shuffle=False), n_jobs=-1
2026-06-09 21:36:37,672:INFO:Calculating mean and std
2026-06-09 21:36:37,672:INFO:Creating metrics dataframe
2026-06-09 21:36:37,679:INFO:Uploading results into container
2026-06-09 21:36:37,679:INFO:Uploading model into container now
2026-06-09 21:36:37,680:INFO:_master_model_container: 3
2026-06-09 21:36:37,680:INFO:_display_container: 2
2026-06-09 21:36:37,681:INFO:GaussianNB(priors=None, var_smoothing=1e-09)
2026-06-09 21:36:37,682:INFO:create_model() successfully completed......................................
2026-06-09 21:36:38,842:INFO:SubProcess create_model() end ==================================
2026-06-09 21:36:38,842:INFO:Creating metrics dataframe
2026-06-09 21:36:38,861:INFO:Initializing Decision Tree Classifier
2026-06-09 21:36:38,874:INFO:Total runtime is 13.43655659755071 minutes
2026-06-09 21:36:38,875:INFO:SubProcess create_model() called ==================================
2026-06-09 21:36:38,875:INFO:Initializing create_model()
2026-06-09 21:36:38,875:INFO:create_model(self=<pycaret.classification.oop.ClassificationExperiment object at 0x000001784778E210>, estimator=dt, fold=StratifiedKFold(n_splits=10, random_state=None, shuffle=False), round=4, cross_validation=True, predict=True, fit_kwargs={}, groups=None, refit=False, probability_threshold=None, experiment_custom_tags=None, verbose=False, system=False, add_to_model_list=True, metrics=None, display=<pycaret.internal.display.display.CommonDisplay object at 0x00000179749868D0>, model_only=True, return_train_score=False, error_score=0.0, kwargs={})
2026-06-09 21:36:38,875:INFO:Checking exceptions
2026-06-09 21:36:38,875:INFO:Importing libraries
2026-06-09 21:36:38,875:INFO:Copying training dataset
2026-06-09 21:36:39,127:INFO:Defining folds
2026-06-09 21:36:39,127:INFO:Declaring metric variables
2026-06-09 21:36:39,144:INFO:Importing untrained model
2026-06-09 21:36:39,147:INFO:Decision Tree Classifier Imported successfully
2026-06-09 21:36:39,157:INFO:Starting cross validation
2026-06-09 21:36:39,158:INFO:Cross validating with StratifiedKFold(n_splits=10, random_state=None, shuffle=False), n_jobs=-1
2026-06-09 21:41:24,257:INFO:Calculating mean and std
2026-06-09 21:41:24,262:INFO:Creating metrics dataframe
2026-06-09 21:41:24,262:INFO:Uploading results into container
2026-06-09 21:41:24,278:INFO:Uploading model into container now
2026-06-09 21:41:24,279:INFO:_master_model_container: 4
2026-06-09 21:41:24,279:INFO:_display_container: 2
2026-06-09 21:41:24,281:INFO:DecisionTreeClassifier(ccp_alpha=0.0, class_weight=None, criterion='gini',
                       max_depth=None, max_features=None, max_leaf_nodes=None,
                       min_impurity_decrease=0.0, min_samples_leaf=1,
                       min_samples_split=2, min_weight_fraction_leaf=0.0,
                       random_state=40, splitter='best')
2026-06-09 21:41:24,281:INFO:create_model() successfully completed......................................
2026-06-09 21:41:25,594:INFO:SubProcess create_model() end ==================================
2026-06-09 21:41:25,594:INFO:Creating metrics dataframe
2026-06-09 21:41:25,612:INFO:Initializing SVM - Linear Kernel
2026-06-09 21:41:25,612:INFO:Total runtime is 18.215530359745024 minutes
2026-06-09 21:41:25,628:INFO:SubProcess create_model() called ==================================
2026-06-09 21:41:25,628:INFO:Initializing create_model()
2026-06-09 21:41:25,628:INFO:create_model(self=<pycaret.classification.oop.ClassificationExperiment object at 0x000001784778E210>, estimator=svm, fold=StratifiedKFold(n_splits=10, random_state=None, shuffle=False), round=4, cross_validation=True, predict=True, fit_kwargs={}, groups=None, refit=False, probability_threshold=None, experiment_custom_tags=None, verbose=False, system=False, add_to_model_list=True, metrics=None, display=<pycaret.internal.display.display.CommonDisplay object at 0x00000179749868D0>, model_only=True, return_train_score=False, error_score=0.0, kwargs={})
2026-06-09 21:41:25,628:INFO:Checking exceptions
2026-06-09 21:41:25,628:INFO:Importing libraries
2026-06-09 21:41:25,628:INFO:Copying training dataset
2026-06-09 21:41:26,046:INFO:Defining folds
2026-06-09 21:41:26,046:INFO:Declaring metric variables
2026-06-09 21:41:26,046:INFO:Importing untrained model
2026-06-09 21:41:26,056:INFO:SVM - Linear Kernel Imported successfully
2026-06-09 21:41:26,076:INFO:Starting cross validation
2026-06-09 21:41:26,084:INFO:Cross validating with StratifiedKFold(n_splits=10, random_state=None, shuffle=False), n_jobs=-1
2026-06-09 21:42:10,101:WARNING:c:\Users\DELL\anaconda3\envs\p11_env\Lib\site-packages\pycaret\internal\metrics.py:190: FitFailedWarning: Metric 'make_scorer(roc_auc_score, needs_proba=True, error_score=0.0, average=weighted, multi_class=ovr)' failed and error score 0.0 has been returned instead. If this is a custom metric, this usually means that the error is in the metric code. Full exception below:
Traceback (most recent call last):
  File "c:\Users\DELL\anaconda3\envs\p11_env\Lib\site-packages\sklearn\metrics\_scorer.py", line 76, in _cached_call
    return cache[method]
           ~~~~~^^^^^^^^
KeyError: 'predict_proba'

During handling of the above exception, another exception occurred:

Traceback (most recent call last):
  File "c:\Users\DELL\anaconda3\envs\p11_env\Lib\site-packages\pycaret\internal\metrics.py", line 182, in _score
    return super()._score(
           ^^^^^^^^^^^^^^^
  File "c:\Users\DELL\anaconda3\envs\p11_env\Lib\site-packages\sklearn\metrics\_scorer.py", line 316, in _score
    y_pred = method_caller(clf, "predict_proba", X)
             ^^^^^^^^^^^^^^^^^^^^^^^^^^^^^^^^^^^^^^
  File "c:\Users\DELL\anaconda3\envs\p11_env\Lib\site-packages\sklearn\metrics\_scorer.py", line 78, in _cached_call
    result = getattr(estimator, method)(*args, **kwargs)
             ^^^^^^^^^^^^^^^^^^^^^^^^^^
  File "c:\Users\DELL\anaconda3\envs\p11_env\Lib\site-packages\pycaret\internal\pipeline.py", line 127, in __getattr__
    return getattr(self._final_estimator, name)
           ^^^^^^^^^^^^^^^^^^^^^^^^^^^^^^^^^^^^
  File "c:\Users\DELL\anaconda3\envs\p11_env\Lib\site-packages\sklearn\utils\_available_if.py", line 32, in __get__
    if not self.check(obj):
           ^^^^^^^^^^^^^^^
  File "c:\Users\DELL\anaconda3\envs\p11_env\Lib\site-packages\sklearn\linear_model\_stochastic_gradient.py", line 1235, in _check_proba
    raise AttributeError(
AttributeError: probability estimates are not available for loss='hinge'

  warnings.warn(

2026-06-09 21:42:11,253:WARNING:c:\Users\DELL\anaconda3\envs\p11_env\Lib\site-packages\pycaret\internal\metrics.py:190: FitFailedWarning: Metric 'make_scorer(roc_auc_score, needs_proba=True, error_score=0.0, average=weighted, multi_class=ovr)' failed and error score 0.0 has been returned instead. If this is a custom metric, this usually means that the error is in the metric code. Full exception below:
Traceback (most recent call last):
  File "c:\Users\DELL\anaconda3\envs\p11_env\Lib\site-packages\sklearn\metrics\_scorer.py", line 76, in _cached_call
    return cache[method]
           ~~~~~^^^^^^^^
KeyError: 'predict_proba'

During handling of the above exception, another exception occurred:

Traceback (most recent call last):
  File "c:\Users\DELL\anaconda3\envs\p11_env\Lib\site-packages\pycaret\internal\metrics.py", line 182, in _score
    return super()._score(
           ^^^^^^^^^^^^^^^
  File "c:\Users\DELL\anaconda3\envs\p11_env\Lib\site-packages\sklearn\metrics\_scorer.py", line 316, in _score
    y_pred = method_caller(clf, "predict_proba", X)
             ^^^^^^^^^^^^^^^^^^^^^^^^^^^^^^^^^^^^^^
  File "c:\Users\DELL\anaconda3\envs\p11_env\Lib\site-packages\sklearn\metrics\_scorer.py", line 78, in _cached_call
    result = getattr(estimator, method)(*args, **kwargs)
             ^^^^^^^^^^^^^^^^^^^^^^^^^^
  File "c:\Users\DELL\anaconda3\envs\p11_env\Lib\site-packages\pycaret\internal\pipeline.py", line 127, in __getattr__
    return getattr(self._final_estimator, name)
           ^^^^^^^^^^^^^^^^^^^^^^^^^^^^^^^^^^^^
  File "c:\Users\DELL\anaconda3\envs\p11_env\Lib\site-packages\sklearn\utils\_available_if.py", line 32, in __get__
    if not self.check(obj):
           ^^^^^^^^^^^^^^^
  File "c:\Users\DELL\anaconda3\envs\p11_env\Lib\site-packages\sklearn\linear_model\_stochastic_gradient.py", line 1235, in _check_proba
    raise AttributeError(
AttributeError: probability estimates are not available for loss='hinge'

  warnings.warn(

2026-06-09 21:42:11,516:WARNING:c:\Users\DELL\anaconda3\envs\p11_env\Lib\site-packages\pycaret\internal\metrics.py:190: FitFailedWarning: Metric 'make_scorer(roc_auc_score, needs_proba=True, error_score=0.0, average=weighted, multi_class=ovr)' failed and error score 0.0 has been returned instead. If this is a custom metric, this usually means that the error is in the metric code. Full exception below:
Traceback (most recent call last):
  File "c:\Users\DELL\anaconda3\envs\p11_env\Lib\site-packages\sklearn\metrics\_scorer.py", line 76, in _cached_call
    return cache[method]
           ~~~~~^^^^^^^^
KeyError: 'predict_proba'

During handling of the above exception, another exception occurred:

Traceback (most recent call last):
  File "c:\Users\DELL\anaconda3\envs\p11_env\Lib\site-packages\pycaret\internal\metrics.py", line 182, in _score
    return super()._score(
           ^^^^^^^^^^^^^^^
  File "c:\Users\DELL\anaconda3\envs\p11_env\Lib\site-packages\sklearn\metrics\_scorer.py", line 316, in _score
    y_pred = method_caller(clf, "predict_proba", X)
             ^^^^^^^^^^^^^^^^^^^^^^^^^^^^^^^^^^^^^^
  File "c:\Users\DELL\anaconda3\envs\p11_env\Lib\site-packages\sklearn\metrics\_scorer.py", line 78, in _cached_call
    result = getattr(estimator, method)(*args, **kwargs)
             ^^^^^^^^^^^^^^^^^^^^^^^^^^
  File "c:\Users\DELL\anaconda3\envs\p11_env\Lib\site-packages\pycaret\internal\pipeline.py", line 127, in __getattr__
    return getattr(self._final_estimator, name)
           ^^^^^^^^^^^^^^^^^^^^^^^^^^^^^^^^^^^^
  File "c:\Users\DELL\anaconda3\envs\p11_env\Lib\site-packages\sklearn\utils\_available_if.py", line 32, in __get__
    if not self.check(obj):
           ^^^^^^^^^^^^^^^
  File "c:\Users\DELL\anaconda3\envs\p11_env\Lib\site-packages\sklearn\linear_model\_stochastic_gradient.py", line 1235, in _check_proba
    raise AttributeError(
AttributeError: probability estimates are not available for loss='hinge'

  warnings.warn(

2026-06-09 21:42:11,743:WARNING:c:\Users\DELL\anaconda3\envs\p11_env\Lib\site-packages\pycaret\internal\metrics.py:190: FitFailedWarning: Metric 'make_scorer(roc_auc_score, needs_proba=True, error_score=0.0, average=weighted, multi_class=ovr)' failed and error score 0.0 has been returned instead. If this is a custom metric, this usually means that the error is in the metric code. Full exception below:
Traceback (most recent call last):
  File "c:\Users\DELL\anaconda3\envs\p11_env\Lib\site-packages\sklearn\metrics\_scorer.py", line 76, in _cached_call
    return cache[method]
           ~~~~~^^^^^^^^
KeyError: 'predict_proba'

During handling of the above exception, another exception occurred:

Traceback (most recent call last):
  File "c:\Users\DELL\anaconda3\envs\p11_env\Lib\site-packages\pycaret\internal\metrics.py", line 182, in _score
    return super()._score(
           ^^^^^^^^^^^^^^^
  File "c:\Users\DELL\anaconda3\envs\p11_env\Lib\site-packages\sklearn\metrics\_scorer.py", line 316, in _score
    y_pred = method_caller(clf, "predict_proba", X)
             ^^^^^^^^^^^^^^^^^^^^^^^^^^^^^^^^^^^^^^
  File "c:\Users\DELL\anaconda3\envs\p11_env\Lib\site-packages\sklearn\metrics\_scorer.py", line 78, in _cached_call
    result = getattr(estimator, method)(*args, **kwargs)
             ^^^^^^^^^^^^^^^^^^^^^^^^^^
  File "c:\Users\DELL\anaconda3\envs\p11_env\Lib\site-packages\pycaret\internal\pipeline.py", line 127, in __getattr__
    return getattr(self._final_estimator, name)
           ^^^^^^^^^^^^^^^^^^^^^^^^^^^^^^^^^^^^
  File "c:\Users\DELL\anaconda3\envs\p11_env\Lib\site-packages\sklearn\utils\_available_if.py", line 32, in __get__
    if not self.check(obj):
           ^^^^^^^^^^^^^^^
  File "c:\Users\DELL\anaconda3\envs\p11_env\Lib\site-packages\sklearn\linear_model\_stochastic_gradient.py", line 1235, in _check_proba
    raise AttributeError(
AttributeError: probability estimates are not available for loss='hinge'

  warnings.warn(

2026-06-09 21:42:12,450:WARNING:c:\Users\DELL\anaconda3\envs\p11_env\Lib\site-packages\pycaret\internal\metrics.py:190: FitFailedWarning: Metric 'make_scorer(roc_auc_score, needs_proba=True, error_score=0.0, average=weighted, multi_class=ovr)' failed and error score 0.0 has been returned instead. If this is a custom metric, this usually means that the error is in the metric code. Full exception below:
Traceback (most recent call last):
  File "c:\Users\DELL\anaconda3\envs\p11_env\Lib\site-packages\sklearn\metrics\_scorer.py", line 76, in _cached_call
    return cache[method]
           ~~~~~^^^^^^^^
KeyError: 'predict_proba'

During handling of the above exception, another exception occurred:

Traceback (most recent call last):
  File "c:\Users\DELL\anaconda3\envs\p11_env\Lib\site-packages\pycaret\internal\metrics.py", line 182, in _score
    return super()._score(
           ^^^^^^^^^^^^^^^
  File "c:\Users\DELL\anaconda3\envs\p11_env\Lib\site-packages\sklearn\metrics\_scorer.py", line 316, in _score
    y_pred = method_caller(clf, "predict_proba", X)
             ^^^^^^^^^^^^^^^^^^^^^^^^^^^^^^^^^^^^^^
  File "c:\Users\DELL\anaconda3\envs\p11_env\Lib\site-packages\sklearn\metrics\_scorer.py", line 78, in _cached_call
    result = getattr(estimator, method)(*args, **kwargs)
             ^^^^^^^^^^^^^^^^^^^^^^^^^^
  File "c:\Users\DELL\anaconda3\envs\p11_env\Lib\site-packages\pycaret\internal\pipeline.py", line 127, in __getattr__
    return getattr(self._final_estimator, name)
           ^^^^^^^^^^^^^^^^^^^^^^^^^^^^^^^^^^^^
  File "c:\Users\DELL\anaconda3\envs\p11_env\Lib\site-packages\sklearn\utils\_available_if.py", line 32, in __get__
    if not self.check(obj):
           ^^^^^^^^^^^^^^^
  File "c:\Users\DELL\anaconda3\envs\p11_env\Lib\site-packages\sklearn\linear_model\_stochastic_gradient.py", line 1235, in _check_proba
    raise AttributeError(
AttributeError: probability estimates are not available for loss='hinge'

  warnings.warn(

2026-06-09 21:42:13,330:WARNING:c:\Users\DELL\anaconda3\envs\p11_env\Lib\site-packages\pycaret\internal\metrics.py:190: FitFailedWarning: Metric 'make_scorer(roc_auc_score, needs_proba=True, error_score=0.0, average=weighted, multi_class=ovr)' failed and error score 0.0 has been returned instead. If this is a custom metric, this usually means that the error is in the metric code. Full exception below:
Traceback (most recent call last):
  File "c:\Users\DELL\anaconda3\envs\p11_env\Lib\site-packages\sklearn\metrics\_scorer.py", line 76, in _cached_call
    return cache[method]
           ~~~~~^^^^^^^^
KeyError: 'predict_proba'

During handling of the above exception, another exception occurred:

Traceback (most recent call last):
  File "c:\Users\DELL\anaconda3\envs\p11_env\Lib\site-packages\pycaret\internal\metrics.py", line 182, in _score
    return super()._score(
           ^^^^^^^^^^^^^^^
  File "c:\Users\DELL\anaconda3\envs\p11_env\Lib\site-packages\sklearn\metrics\_scorer.py", line 316, in _score
    y_pred = method_caller(clf, "predict_proba", X)
             ^^^^^^^^^^^^^^^^^^^^^^^^^^^^^^^^^^^^^^
  File "c:\Users\DELL\anaconda3\envs\p11_env\Lib\site-packages\sklearn\metrics\_scorer.py", line 78, in _cached_call
    result = getattr(estimator, method)(*args, **kwargs)
             ^^^^^^^^^^^^^^^^^^^^^^^^^^
  File "c:\Users\DELL\anaconda3\envs\p11_env\Lib\site-packages\pycaret\internal\pipeline.py", line 127, in __getattr__
    return getattr(self._final_estimator, name)
           ^^^^^^^^^^^^^^^^^^^^^^^^^^^^^^^^^^^^
  File "c:\Users\DELL\anaconda3\envs\p11_env\Lib\site-packages\sklearn\utils\_available_if.py", line 32, in __get__
    if not self.check(obj):
           ^^^^^^^^^^^^^^^
  File "c:\Users\DELL\anaconda3\envs\p11_env\Lib\site-packages\sklearn\linear_model\_stochastic_gradient.py", line 1235, in _check_proba
    raise AttributeError(
AttributeError: probability estimates are not available for loss='hinge'

  warnings.warn(

2026-06-09 21:42:13,655:WARNING:c:\Users\DELL\anaconda3\envs\p11_env\Lib\site-packages\pycaret\internal\metrics.py:190: FitFailedWarning: Metric 'make_scorer(roc_auc_score, needs_proba=True, error_score=0.0, average=weighted, multi_class=ovr)' failed and error score 0.0 has been returned instead. If this is a custom metric, this usually means that the error is in the metric code. Full exception below:
Traceback (most recent call last):
  File "c:\Users\DELL\anaconda3\envs\p11_env\Lib\site-packages\sklearn\metrics\_scorer.py", line 76, in _cached_call
    return cache[method]
           ~~~~~^^^^^^^^
KeyError: 'predict_proba'

During handling of the above exception, another exception occurred:

Traceback (most recent call last):
  File "c:\Users\DELL\anaconda3\envs\p11_env\Lib\site-packages\pycaret\internal\metrics.py", line 182, in _score
    return super()._score(
           ^^^^^^^^^^^^^^^
  File "c:\Users\DELL\anaconda3\envs\p11_env\Lib\site-packages\sklearn\metrics\_scorer.py", line 316, in _score
    y_pred = method_caller(clf, "predict_proba", X)
             ^^^^^^^^^^^^^^^^^^^^^^^^^^^^^^^^^^^^^^
  File "c:\Users\DELL\anaconda3\envs\p11_env\Lib\site-packages\sklearn\metrics\_scorer.py", line 78, in _cached_call
    result = getattr(estimator, method)(*args, **kwargs)
             ^^^^^^^^^^^^^^^^^^^^^^^^^^
  File "c:\Users\DELL\anaconda3\envs\p11_env\Lib\site-packages\pycaret\internal\pipeline.py", line 127, in __getattr__
    return getattr(self._final_estimator, name)
           ^^^^^^^^^^^^^^^^^^^^^^^^^^^^^^^^^^^^
  File "c:\Users\DELL\anaconda3\envs\p11_env\Lib\site-packages\sklearn\utils\_available_if.py", line 32, in __get__
    if not self.check(obj):
           ^^^^^^^^^^^^^^^
  File "c:\Users\DELL\anaconda3\envs\p11_env\Lib\site-packages\sklearn\linear_model\_stochastic_gradient.py", line 1235, in _check_proba
    raise AttributeError(
AttributeError: probability estimates are not available for loss='hinge'

  warnings.warn(

2026-06-09 21:42:15,104:WARNING:c:\Users\DELL\anaconda3\envs\p11_env\Lib\site-packages\pycaret\internal\metrics.py:190: FitFailedWarning: Metric 'make_scorer(roc_auc_score, needs_proba=True, error_score=0.0, average=weighted, multi_class=ovr)' failed and error score 0.0 has been returned instead. If this is a custom metric, this usually means that the error is in the metric code. Full exception below:
Traceback (most recent call last):
  File "c:\Users\DELL\anaconda3\envs\p11_env\Lib\site-packages\sklearn\metrics\_scorer.py", line 76, in _cached_call
    return cache[method]
           ~~~~~^^^^^^^^
KeyError: 'predict_proba'

During handling of the above exception, another exception occurred:

Traceback (most recent call last):
  File "c:\Users\DELL\anaconda3\envs\p11_env\Lib\site-packages\pycaret\internal\metrics.py", line 182, in _score
    return super()._score(
           ^^^^^^^^^^^^^^^
  File "c:\Users\DELL\anaconda3\envs\p11_env\Lib\site-packages\sklearn\metrics\_scorer.py", line 316, in _score
    y_pred = method_caller(clf, "predict_proba", X)
             ^^^^^^^^^^^^^^^^^^^^^^^^^^^^^^^^^^^^^^
  File "c:\Users\DELL\anaconda3\envs\p11_env\Lib\site-packages\sklearn\metrics\_scorer.py", line 78, in _cached_call
    result = getattr(estimator, method)(*args, **kwargs)
             ^^^^^^^^^^^^^^^^^^^^^^^^^^
  File "c:\Users\DELL\anaconda3\envs\p11_env\Lib\site-packages\pycaret\internal\pipeline.py", line 127, in __getattr__
    return getattr(self._final_estimator, name)
           ^^^^^^^^^^^^^^^^^^^^^^^^^^^^^^^^^^^^
  File "c:\Users\DELL\anaconda3\envs\p11_env\Lib\site-packages\sklearn\utils\_available_if.py", line 32, in __get__
    if not self.check(obj):
           ^^^^^^^^^^^^^^^
  File "c:\Users\DELL\anaconda3\envs\p11_env\Lib\site-packages\sklearn\linear_model\_stochastic_gradient.py", line 1235, in _check_proba
    raise AttributeError(
AttributeError: probability estimates are not available for loss='hinge'

  warnings.warn(

2026-06-09 21:42:36,675:WARNING:c:\Users\DELL\anaconda3\envs\p11_env\Lib\site-packages\pycaret\internal\metrics.py:190: FitFailedWarning: Metric 'make_scorer(roc_auc_score, needs_proba=True, error_score=0.0, average=weighted, multi_class=ovr)' failed and error score 0.0 has been returned instead. If this is a custom metric, this usually means that the error is in the metric code. Full exception below:
Traceback (most recent call last):
  File "c:\Users\DELL\anaconda3\envs\p11_env\Lib\site-packages\sklearn\metrics\_scorer.py", line 76, in _cached_call
    return cache[method]
           ~~~~~^^^^^^^^
KeyError: 'predict_proba'

During handling of the above exception, another exception occurred:

Traceback (most recent call last):
  File "c:\Users\DELL\anaconda3\envs\p11_env\Lib\site-packages\pycaret\internal\metrics.py", line 182, in _score
    return super()._score(
           ^^^^^^^^^^^^^^^
  File "c:\Users\DELL\anaconda3\envs\p11_env\Lib\site-packages\sklearn\metrics\_scorer.py", line 316, in _score
    y_pred = method_caller(clf, "predict_proba", X)
             ^^^^^^^^^^^^^^^^^^^^^^^^^^^^^^^^^^^^^^
  File "c:\Users\DELL\anaconda3\envs\p11_env\Lib\site-packages\sklearn\metrics\_scorer.py", line 78, in _cached_call
    result = getattr(estimator, method)(*args, **kwargs)
             ^^^^^^^^^^^^^^^^^^^^^^^^^^
  File "c:\Users\DELL\anaconda3\envs\p11_env\Lib\site-packages\pycaret\internal\pipeline.py", line 127, in __getattr__
    return getattr(self._final_estimator, name)
           ^^^^^^^^^^^^^^^^^^^^^^^^^^^^^^^^^^^^
  File "c:\Users\DELL\anaconda3\envs\p11_env\Lib\site-packages\sklearn\utils\_available_if.py", line 32, in __get__
    if not self.check(obj):
           ^^^^^^^^^^^^^^^
  File "c:\Users\DELL\anaconda3\envs\p11_env\Lib\site-packages\sklearn\linear_model\_stochastic_gradient.py", line 1235, in _check_proba
    raise AttributeError(
AttributeError: probability estimates are not available for loss='hinge'

  warnings.warn(

2026-06-09 21:42:36,812:WARNING:c:\Users\DELL\anaconda3\envs\p11_env\Lib\site-packages\pycaret\internal\metrics.py:190: FitFailedWarning: Metric 'make_scorer(roc_auc_score, needs_proba=True, error_score=0.0, average=weighted, multi_class=ovr)' failed and error score 0.0 has been returned instead. If this is a custom metric, this usually means that the error is in the metric code. Full exception below:
Traceback (most recent call last):
  File "c:\Users\DELL\anaconda3\envs\p11_env\Lib\site-packages\sklearn\metrics\_scorer.py", line 76, in _cached_call
    return cache[method]
           ~~~~~^^^^^^^^
KeyError: 'predict_proba'

During handling of the above exception, another exception occurred:

Traceback (most recent call last):
  File "c:\Users\DELL\anaconda3\envs\p11_env\Lib\site-packages\pycaret\internal\metrics.py", line 182, in _score
    return super()._score(
           ^^^^^^^^^^^^^^^
  File "c:\Users\DELL\anaconda3\envs\p11_env\Lib\site-packages\sklearn\metrics\_scorer.py", line 316, in _score
    y_pred = method_caller(clf, "predict_proba", X)
             ^^^^^^^^^^^^^^^^^^^^^^^^^^^^^^^^^^^^^^
  File "c:\Users\DELL\anaconda3\envs\p11_env\Lib\site-packages\sklearn\metrics\_scorer.py", line 78, in _cached_call
    result = getattr(estimator, method)(*args, **kwargs)
             ^^^^^^^^^^^^^^^^^^^^^^^^^^
  File "c:\Users\DELL\anaconda3\envs\p11_env\Lib\site-packages\pycaret\internal\pipeline.py", line 127, in __getattr__
    return getattr(self._final_estimator, name)
           ^^^^^^^^^^^^^^^^^^^^^^^^^^^^^^^^^^^^
  File "c:\Users\DELL\anaconda3\envs\p11_env\Lib\site-packages\sklearn\utils\_available_if.py", line 32, in __get__
    if not self.check(obj):
           ^^^^^^^^^^^^^^^
  File "c:\Users\DELL\anaconda3\envs\p11_env\Lib\site-packages\sklearn\linear_model\_stochastic_gradient.py", line 1235, in _check_proba
    raise AttributeError(
AttributeError: probability estimates are not available for loss='hinge'

  warnings.warn(

2026-06-09 21:42:37,188:INFO:Calculating mean and std
2026-06-09 21:42:37,191:INFO:Creating metrics dataframe
2026-06-09 21:42:37,200:INFO:Uploading results into container
2026-06-09 21:42:37,203:INFO:Uploading model into container now
2026-06-09 21:42:37,204:INFO:_master_model_container: 5
2026-06-09 21:42:37,204:INFO:_display_container: 2
2026-06-09 21:42:37,207:INFO:SGDClassifier(alpha=0.0001, average=False, class_weight=None,
              early_stopping=False, epsilon=0.1, eta0=0.001, fit_intercept=True,
              l1_ratio=0.15, learning_rate='optimal', loss='hinge',
              max_iter=1000, n_iter_no_change=5, n_jobs=-1, penalty='l2',
              power_t=0.5, random_state=40, shuffle=True, tol=0.001,
              validation_fraction=0.1, verbose=0, warm_start=False)
2026-06-09 21:42:37,207:INFO:create_model() successfully completed......................................
2026-06-09 21:42:38,379:INFO:SubProcess create_model() end ==================================
2026-06-09 21:42:38,379:INFO:Creating metrics dataframe
2026-06-09 21:42:38,387:INFO:Initializing Ridge Classifier
2026-06-09 21:42:38,387:INFO:Total runtime is 19.428451685110726 minutes
2026-06-09 21:42:38,404:INFO:SubProcess create_model() called ==================================
2026-06-09 21:42:38,408:INFO:Initializing create_model()
2026-06-09 21:42:38,408:INFO:create_model(self=<pycaret.classification.oop.ClassificationExperiment object at 0x000001784778E210>, estimator=ridge, fold=StratifiedKFold(n_splits=10, random_state=None, shuffle=False), round=4, cross_validation=True, predict=True, fit_kwargs={}, groups=None, refit=False, probability_threshold=None, experiment_custom_tags=None, verbose=False, system=False, add_to_model_list=True, metrics=None, display=<pycaret.internal.display.display.CommonDisplay object at 0x00000179749868D0>, model_only=True, return_train_score=False, error_score=0.0, kwargs={})
2026-06-09 21:42:38,408:INFO:Checking exceptions
2026-06-09 21:42:38,408:INFO:Importing libraries
2026-06-09 21:42:38,408:INFO:Copying training dataset
2026-06-09 21:42:38,654:INFO:Defining folds
2026-06-09 21:42:38,654:INFO:Declaring metric variables
2026-06-09 21:42:38,654:INFO:Importing untrained model
2026-06-09 21:42:38,666:INFO:Ridge Classifier Imported successfully
2026-06-09 21:42:38,671:INFO:Starting cross validation
2026-06-09 21:42:38,671:INFO:Cross validating with StratifiedKFold(n_splits=10, random_state=None, shuffle=False), n_jobs=-1
2026-06-09 21:43:14,187:WARNING:c:\Users\DELL\anaconda3\envs\p11_env\Lib\site-packages\pycaret\internal\metrics.py:190: FitFailedWarning: Metric 'make_scorer(roc_auc_score, needs_proba=True, error_score=0.0, average=weighted, multi_class=ovr)' failed and error score 0.0 has been returned instead. If this is a custom metric, this usually means that the error is in the metric code. Full exception below:
Traceback (most recent call last):
  File "c:\Users\DELL\anaconda3\envs\p11_env\Lib\site-packages\sklearn\metrics\_scorer.py", line 76, in _cached_call
    return cache[method]
           ~~~~~^^^^^^^^
KeyError: 'predict_proba'

During handling of the above exception, another exception occurred:

Traceback (most recent call last):
  File "c:\Users\DELL\anaconda3\envs\p11_env\Lib\site-packages\pycaret\internal\metrics.py", line 182, in _score
    return super()._score(
           ^^^^^^^^^^^^^^^
  File "c:\Users\DELL\anaconda3\envs\p11_env\Lib\site-packages\sklearn\metrics\_scorer.py", line 316, in _score
    y_pred = method_caller(clf, "predict_proba", X)
             ^^^^^^^^^^^^^^^^^^^^^^^^^^^^^^^^^^^^^^
  File "c:\Users\DELL\anaconda3\envs\p11_env\Lib\site-packages\sklearn\metrics\_scorer.py", line 78, in _cached_call
    result = getattr(estimator, method)(*args, **kwargs)
             ^^^^^^^^^^^^^^^^^^^^^^^^^^
  File "c:\Users\DELL\anaconda3\envs\p11_env\Lib\site-packages\pycaret\internal\pipeline.py", line 127, in __getattr__
    return getattr(self._final_estimator, name)
           ^^^^^^^^^^^^^^^^^^^^^^^^^^^^^^^^^^^^
AttributeError: 'RidgeClassifier' object has no attribute 'predict_proba'

  warnings.warn(

2026-06-09 21:43:15,787:WARNING:c:\Users\DELL\anaconda3\envs\p11_env\Lib\site-packages\pycaret\internal\metrics.py:190: FitFailedWarning: Metric 'make_scorer(roc_auc_score, needs_proba=True, error_score=0.0, average=weighted, multi_class=ovr)' failed and error score 0.0 has been returned instead. If this is a custom metric, this usually means that the error is in the metric code. Full exception below:
Traceback (most recent call last):
  File "c:\Users\DELL\anaconda3\envs\p11_env\Lib\site-packages\sklearn\metrics\_scorer.py", line 76, in _cached_call
    return cache[method]
           ~~~~~^^^^^^^^
KeyError: 'predict_proba'

During handling of the above exception, another exception occurred:

Traceback (most recent call last):
  File "c:\Users\DELL\anaconda3\envs\p11_env\Lib\site-packages\pycaret\internal\metrics.py", line 182, in _score
    return super()._score(
           ^^^^^^^^^^^^^^^
  File "c:\Users\DELL\anaconda3\envs\p11_env\Lib\site-packages\sklearn\metrics\_scorer.py", line 316, in _score
    y_pred = method_caller(clf, "predict_proba", X)
             ^^^^^^^^^^^^^^^^^^^^^^^^^^^^^^^^^^^^^^
  File "c:\Users\DELL\anaconda3\envs\p11_env\Lib\site-packages\sklearn\metrics\_scorer.py", line 78, in _cached_call
    result = getattr(estimator, method)(*args, **kwargs)
             ^^^^^^^^^^^^^^^^^^^^^^^^^^
  File "c:\Users\DELL\anaconda3\envs\p11_env\Lib\site-packages\pycaret\internal\pipeline.py", line 127, in __getattr__
    return getattr(self._final_estimator, name)
           ^^^^^^^^^^^^^^^^^^^^^^^^^^^^^^^^^^^^
AttributeError: 'RidgeClassifier' object has no attribute 'predict_proba'

  warnings.warn(

2026-06-09 21:43:16,353:WARNING:c:\Users\DELL\anaconda3\envs\p11_env\Lib\site-packages\pycaret\internal\metrics.py:190: FitFailedWarning: Metric 'make_scorer(roc_auc_score, needs_proba=True, error_score=0.0, average=weighted, multi_class=ovr)' failed and error score 0.0 has been returned instead. If this is a custom metric, this usually means that the error is in the metric code. Full exception below:
Traceback (most recent call last):
  File "c:\Users\DELL\anaconda3\envs\p11_env\Lib\site-packages\sklearn\metrics\_scorer.py", line 76, in _cached_call
    return cache[method]
           ~~~~~^^^^^^^^
KeyError: 'predict_proba'

During handling of the above exception, another exception occurred:

Traceback (most recent call last):
  File "c:\Users\DELL\anaconda3\envs\p11_env\Lib\site-packages\pycaret\internal\metrics.py", line 182, in _score
    return super()._score(
           ^^^^^^^^^^^^^^^
  File "c:\Users\DELL\anaconda3\envs\p11_env\Lib\site-packages\sklearn\metrics\_scorer.py", line 316, in _score
    y_pred = method_caller(clf, "predict_proba", X)
             ^^^^^^^^^^^^^^^^^^^^^^^^^^^^^^^^^^^^^^
  File "c:\Users\DELL\anaconda3\envs\p11_env\Lib\site-packages\sklearn\metrics\_scorer.py", line 78, in _cached_call
    result = getattr(estimator, method)(*args, **kwargs)
             ^^^^^^^^^^^^^^^^^^^^^^^^^^
  File "c:\Users\DELL\anaconda3\envs\p11_env\Lib\site-packages\pycaret\internal\pipeline.py", line 127, in __getattr__
    return getattr(self._final_estimator, name)
           ^^^^^^^^^^^^^^^^^^^^^^^^^^^^^^^^^^^^
AttributeError: 'RidgeClassifier' object has no attribute 'predict_proba'

  warnings.warn(

2026-06-09 21:43:17,389:WARNING:c:\Users\DELL\anaconda3\envs\p11_env\Lib\site-packages\pycaret\internal\metrics.py:190: FitFailedWarning: Metric 'make_scorer(roc_auc_score, needs_proba=True, error_score=0.0, average=weighted, multi_class=ovr)' failed and error score 0.0 has been returned instead. If this is a custom metric, this usually means that the error is in the metric code. Full exception below:
Traceback (most recent call last):
  File "c:\Users\DELL\anaconda3\envs\p11_env\Lib\site-packages\sklearn\metrics\_scorer.py", line 76, in _cached_call
    return cache[method]
           ~~~~~^^^^^^^^
KeyError: 'predict_proba'

During handling of the above exception, another exception occurred:

Traceback (most recent call last):
  File "c:\Users\DELL\anaconda3\envs\p11_env\Lib\site-packages\pycaret\internal\metrics.py", line 182, in _score
    return super()._score(
           ^^^^^^^^^^^^^^^
  File "c:\Users\DELL\anaconda3\envs\p11_env\Lib\site-packages\sklearn\metrics\_scorer.py", line 316, in _score
    y_pred = method_caller(clf, "predict_proba", X)
             ^^^^^^^^^^^^^^^^^^^^^^^^^^^^^^^^^^^^^^
  File "c:\Users\DELL\anaconda3\envs\p11_env\Lib\site-packages\sklearn\metrics\_scorer.py", line 78, in _cached_call
    result = getattr(estimator, method)(*args, **kwargs)
             ^^^^^^^^^^^^^^^^^^^^^^^^^^
  File "c:\Users\DELL\anaconda3\envs\p11_env\Lib\site-packages\pycaret\internal\pipeline.py", line 127, in __getattr__
    return getattr(self._final_estimator, name)
           ^^^^^^^^^^^^^^^^^^^^^^^^^^^^^^^^^^^^
AttributeError: 'RidgeClassifier' object has no attribute 'predict_proba'

  warnings.warn(

2026-06-09 21:43:17,989:WARNING:c:\Users\DELL\anaconda3\envs\p11_env\Lib\site-packages\pycaret\internal\metrics.py:190: FitFailedWarning: Metric 'make_scorer(roc_auc_score, needs_proba=True, error_score=0.0, average=weighted, multi_class=ovr)' failed and error score 0.0 has been returned instead. If this is a custom metric, this usually means that the error is in the metric code. Full exception below:
Traceback (most recent call last):
  File "c:\Users\DELL\anaconda3\envs\p11_env\Lib\site-packages\sklearn\metrics\_scorer.py", line 76, in _cached_call
    return cache[method]
           ~~~~~^^^^^^^^
KeyError: 'predict_proba'

During handling of the above exception, another exception occurred:

Traceback (most recent call last):
  File "c:\Users\DELL\anaconda3\envs\p11_env\Lib\site-packages\pycaret\internal\metrics.py", line 182, in _score
    return super()._score(
           ^^^^^^^^^^^^^^^
  File "c:\Users\DELL\anaconda3\envs\p11_env\Lib\site-packages\sklearn\metrics\_scorer.py", line 316, in _score
    y_pred = method_caller(clf, "predict_proba", X)
             ^^^^^^^^^^^^^^^^^^^^^^^^^^^^^^^^^^^^^^
  File "c:\Users\DELL\anaconda3\envs\p11_env\Lib\site-packages\sklearn\metrics\_scorer.py", line 78, in _cached_call
    result = getattr(estimator, method)(*args, **kwargs)
             ^^^^^^^^^^^^^^^^^^^^^^^^^^
  File "c:\Users\DELL\anaconda3\envs\p11_env\Lib\site-packages\pycaret\internal\pipeline.py", line 127, in __getattr__
    return getattr(self._final_estimator, name)
           ^^^^^^^^^^^^^^^^^^^^^^^^^^^^^^^^^^^^
AttributeError: 'RidgeClassifier' object has no attribute 'predict_proba'

  warnings.warn(

2026-06-09 21:43:18,711:WARNING:c:\Users\DELL\anaconda3\envs\p11_env\Lib\site-packages\pycaret\internal\metrics.py:190: FitFailedWarning: Metric 'make_scorer(roc_auc_score, needs_proba=True, error_score=0.0, average=weighted, multi_class=ovr)' failed and error score 0.0 has been returned instead. If this is a custom metric, this usually means that the error is in the metric code. Full exception below:
Traceback (most recent call last):
  File "c:\Users\DELL\anaconda3\envs\p11_env\Lib\site-packages\sklearn\metrics\_scorer.py", line 76, in _cached_call
    return cache[method]
           ~~~~~^^^^^^^^
KeyError: 'predict_proba'

During handling of the above exception, another exception occurred:

Traceback (most recent call last):
  File "c:\Users\DELL\anaconda3\envs\p11_env\Lib\site-packages\pycaret\internal\metrics.py", line 182, in _score
    return super()._score(
           ^^^^^^^^^^^^^^^
  File "c:\Users\DELL\anaconda3\envs\p11_env\Lib\site-packages\sklearn\metrics\_scorer.py", line 316, in _score
    y_pred = method_caller(clf, "predict_proba", X)
             ^^^^^^^^^^^^^^^^^^^^^^^^^^^^^^^^^^^^^^
  File "c:\Users\DELL\anaconda3\envs\p11_env\Lib\site-packages\sklearn\metrics\_scorer.py", line 78, in _cached_call
    result = getattr(estimator, method)(*args, **kwargs)
             ^^^^^^^^^^^^^^^^^^^^^^^^^^
  File "c:\Users\DELL\anaconda3\envs\p11_env\Lib\site-packages\pycaret\internal\pipeline.py", line 127, in __getattr__
    return getattr(self._final_estimator, name)
           ^^^^^^^^^^^^^^^^^^^^^^^^^^^^^^^^^^^^
AttributeError: 'RidgeClassifier' object has no attribute 'predict_proba'

  warnings.warn(

2026-06-09 21:43:18,817:WARNING:c:\Users\DELL\anaconda3\envs\p11_env\Lib\site-packages\pycaret\internal\metrics.py:190: FitFailedWarning: Metric 'make_scorer(roc_auc_score, needs_proba=True, error_score=0.0, average=weighted, multi_class=ovr)' failed and error score 0.0 has been returned instead. If this is a custom metric, this usually means that the error is in the metric code. Full exception below:
Traceback (most recent call last):
  File "c:\Users\DELL\anaconda3\envs\p11_env\Lib\site-packages\sklearn\metrics\_scorer.py", line 76, in _cached_call
    return cache[method]
           ~~~~~^^^^^^^^
KeyError: 'predict_proba'

During handling of the above exception, another exception occurred:

Traceback (most recent call last):
  File "c:\Users\DELL\anaconda3\envs\p11_env\Lib\site-packages\pycaret\internal\metrics.py", line 182, in _score
    return super()._score(
           ^^^^^^^^^^^^^^^
  File "c:\Users\DELL\anaconda3\envs\p11_env\Lib\site-packages\sklearn\metrics\_scorer.py", line 316, in _score
    y_pred = method_caller(clf, "predict_proba", X)
             ^^^^^^^^^^^^^^^^^^^^^^^^^^^^^^^^^^^^^^
  File "c:\Users\DELL\anaconda3\envs\p11_env\Lib\site-packages\sklearn\metrics\_scorer.py", line 78, in _cached_call
    result = getattr(estimator, method)(*args, **kwargs)
             ^^^^^^^^^^^^^^^^^^^^^^^^^^
  File "c:\Users\DELL\anaconda3\envs\p11_env\Lib\site-packages\pycaret\internal\pipeline.py", line 127, in __getattr__
    return getattr(self._final_estimator, name)
           ^^^^^^^^^^^^^^^^^^^^^^^^^^^^^^^^^^^^
AttributeError: 'RidgeClassifier' object has no attribute 'predict_proba'

  warnings.warn(

2026-06-09 21:43:19,153:WARNING:c:\Users\DELL\anaconda3\envs\p11_env\Lib\site-packages\pycaret\internal\metrics.py:190: FitFailedWarning: Metric 'make_scorer(roc_auc_score, needs_proba=True, error_score=0.0, average=weighted, multi_class=ovr)' failed and error score 0.0 has been returned instead. If this is a custom metric, this usually means that the error is in the metric code. Full exception below:
Traceback (most recent call last):
  File "c:\Users\DELL\anaconda3\envs\p11_env\Lib\site-packages\sklearn\metrics\_scorer.py", line 76, in _cached_call
    return cache[method]
           ~~~~~^^^^^^^^
KeyError: 'predict_proba'

During handling of the above exception, another exception occurred:

Traceback (most recent call last):
  File "c:\Users\DELL\anaconda3\envs\p11_env\Lib\site-packages\pycaret\internal\metrics.py", line 182, in _score
    return super()._score(
           ^^^^^^^^^^^^^^^
  File "c:\Users\DELL\anaconda3\envs\p11_env\Lib\site-packages\sklearn\metrics\_scorer.py", line 316, in _score
    y_pred = method_caller(clf, "predict_proba", X)
             ^^^^^^^^^^^^^^^^^^^^^^^^^^^^^^^^^^^^^^
  File "c:\Users\DELL\anaconda3\envs\p11_env\Lib\site-packages\sklearn\metrics\_scorer.py", line 78, in _cached_call
    result = getattr(estimator, method)(*args, **kwargs)
             ^^^^^^^^^^^^^^^^^^^^^^^^^^
  File "c:\Users\DELL\anaconda3\envs\p11_env\Lib\site-packages\pycaret\internal\pipeline.py", line 127, in __getattr__
    return getattr(self._final_estimator, name)
           ^^^^^^^^^^^^^^^^^^^^^^^^^^^^^^^^^^^^
AttributeError: 'RidgeClassifier' object has no attribute 'predict_proba'

  warnings.warn(

2026-06-09 21:43:35,088:WARNING:c:\Users\DELL\anaconda3\envs\p11_env\Lib\site-packages\pycaret\internal\metrics.py:190: FitFailedWarning: Metric 'make_scorer(roc_auc_score, needs_proba=True, error_score=0.0, average=weighted, multi_class=ovr)' failed and error score 0.0 has been returned instead. If this is a custom metric, this usually means that the error is in the metric code. Full exception below:
Traceback (most recent call last):
  File "c:\Users\DELL\anaconda3\envs\p11_env\Lib\site-packages\sklearn\metrics\_scorer.py", line 76, in _cached_call
    return cache[method]
           ~~~~~^^^^^^^^
KeyError: 'predict_proba'

During handling of the above exception, another exception occurred:

Traceback (most recent call last):
  File "c:\Users\DELL\anaconda3\envs\p11_env\Lib\site-packages\pycaret\internal\metrics.py", line 182, in _score
    return super()._score(
           ^^^^^^^^^^^^^^^
  File "c:\Users\DELL\anaconda3\envs\p11_env\Lib\site-packages\sklearn\metrics\_scorer.py", line 316, in _score
    y_pred = method_caller(clf, "predict_proba", X)
             ^^^^^^^^^^^^^^^^^^^^^^^^^^^^^^^^^^^^^^
  File "c:\Users\DELL\anaconda3\envs\p11_env\Lib\site-packages\sklearn\metrics\_scorer.py", line 78, in _cached_call
    result = getattr(estimator, method)(*args, **kwargs)
             ^^^^^^^^^^^^^^^^^^^^^^^^^^
  File "c:\Users\DELL\anaconda3\envs\p11_env\Lib\site-packages\pycaret\internal\pipeline.py", line 127, in __getattr__
    return getattr(self._final_estimator, name)
           ^^^^^^^^^^^^^^^^^^^^^^^^^^^^^^^^^^^^
AttributeError: 'RidgeClassifier' object has no attribute 'predict_proba'

  warnings.warn(

2026-06-09 21:43:35,576:WARNING:c:\Users\DELL\anaconda3\envs\p11_env\Lib\site-packages\pycaret\internal\metrics.py:190: FitFailedWarning: Metric 'make_scorer(roc_auc_score, needs_proba=True, error_score=0.0, average=weighted, multi_class=ovr)' failed and error score 0.0 has been returned instead. If this is a custom metric, this usually means that the error is in the metric code. Full exception below:
Traceback (most recent call last):
  File "c:\Users\DELL\anaconda3\envs\p11_env\Lib\site-packages\sklearn\metrics\_scorer.py", line 76, in _cached_call
    return cache[method]
           ~~~~~^^^^^^^^
KeyError: 'predict_proba'

During handling of the above exception, another exception occurred:

Traceback (most recent call last):
  File "c:\Users\DELL\anaconda3\envs\p11_env\Lib\site-packages\pycaret\internal\metrics.py", line 182, in _score
    return super()._score(
           ^^^^^^^^^^^^^^^
  File "c:\Users\DELL\anaconda3\envs\p11_env\Lib\site-packages\sklearn\metrics\_scorer.py", line 316, in _score
    y_pred = method_caller(clf, "predict_proba", X)
             ^^^^^^^^^^^^^^^^^^^^^^^^^^^^^^^^^^^^^^
  File "c:\Users\DELL\anaconda3\envs\p11_env\Lib\site-packages\sklearn\metrics\_scorer.py", line 78, in _cached_call
    result = getattr(estimator, method)(*args, **kwargs)
             ^^^^^^^^^^^^^^^^^^^^^^^^^^
  File "c:\Users\DELL\anaconda3\envs\p11_env\Lib\site-packages\pycaret\internal\pipeline.py", line 127, in __getattr__
    return getattr(self._final_estimator, name)
           ^^^^^^^^^^^^^^^^^^^^^^^^^^^^^^^^^^^^
AttributeError: 'RidgeClassifier' object has no attribute 'predict_proba'

  warnings.warn(

2026-06-09 21:43:35,951:INFO:Calculating mean and std
2026-06-09 21:43:35,951:INFO:Creating metrics dataframe
2026-06-09 21:43:35,951:INFO:Uploading results into container
2026-06-09 21:43:35,967:INFO:Uploading model into container now
2026-06-09 21:43:35,967:INFO:_master_model_container: 6
2026-06-09 21:43:35,967:INFO:_display_container: 2
2026-06-09 21:43:35,967:INFO:RidgeClassifier(alpha=1.0, class_weight=None, copy_X=True, fit_intercept=True,
                max_iter=None, positive=False, random_state=40, solver='auto',
                tol=0.0001)
2026-06-09 21:43:35,970:INFO:create_model() successfully completed......................................
2026-06-09 21:43:37,372:INFO:SubProcess create_model() end ==================================
2026-06-09 21:43:37,372:INFO:Creating metrics dataframe
2026-06-09 21:43:37,401:INFO:Initializing Random Forest Classifier
2026-06-09 21:43:37,401:INFO:Total runtime is 20.41200796763102 minutes
2026-06-09 21:43:37,421:INFO:SubProcess create_model() called ==================================
2026-06-09 21:43:37,421:INFO:Initializing create_model()
2026-06-09 21:43:37,421:INFO:create_model(self=<pycaret.classification.oop.ClassificationExperiment object at 0x000001784778E210>, estimator=rf, fold=StratifiedKFold(n_splits=10, random_state=None, shuffle=False), round=4, cross_validation=True, predict=True, fit_kwargs={}, groups=None, refit=False, probability_threshold=None, experiment_custom_tags=None, verbose=False, system=False, add_to_model_list=True, metrics=None, display=<pycaret.internal.display.display.CommonDisplay object at 0x00000179749868D0>, model_only=True, return_train_score=False, error_score=0.0, kwargs={})
2026-06-09 21:43:37,421:INFO:Checking exceptions
2026-06-09 21:43:37,421:INFO:Importing libraries
2026-06-09 21:43:37,421:INFO:Copying training dataset
2026-06-09 21:43:37,821:INFO:Defining folds
2026-06-09 21:43:37,821:INFO:Declaring metric variables
2026-06-09 21:43:37,834:INFO:Importing untrained model
2026-06-09 21:43:37,847:INFO:Random Forest Classifier Imported successfully
2026-06-09 21:43:37,867:INFO:Starting cross validation
2026-06-09 21:43:37,876:INFO:Cross validating with StratifiedKFold(n_splits=10, random_state=None, shuffle=False), n_jobs=-1
2026-06-09 22:23:53,978:INFO:Calculating mean and std
2026-06-09 22:23:53,984:INFO:Creating metrics dataframe
2026-06-09 22:23:54,014:INFO:Uploading results into container
2026-06-09 22:23:54,018:INFO:Uploading model into container now
2026-06-09 22:23:54,021:INFO:_master_model_container: 7
2026-06-09 22:23:54,021:INFO:_display_container: 2
2026-06-09 22:23:54,023:INFO:RandomForestClassifier(bootstrap=True, ccp_alpha=0.0, class_weight=None,
                       criterion='gini', max_depth=None, max_features='sqrt',
                       max_leaf_nodes=None, max_samples=None,
                       min_impurity_decrease=0.0, min_samples_leaf=1,
                       min_samples_split=2, min_weight_fraction_leaf=0.0,
                       n_estimators=100, n_jobs=-1, oob_score=False,
                       random_state=40, verbose=0, warm_start=False)
2026-06-09 22:23:54,024:INFO:create_model() successfully completed......................................
2026-06-09 22:23:56,011:INFO:SubProcess create_model() end ==================================
2026-06-09 22:23:56,011:INFO:Creating metrics dataframe
2026-06-09 22:23:56,040:INFO:Initializing Quadratic Discriminant Analysis
2026-06-09 22:23:56,040:INFO:Total runtime is 60.72266441980997 minutes
2026-06-09 22:23:56,060:INFO:SubProcess create_model() called ==================================
2026-06-09 22:23:56,061:INFO:Initializing create_model()
2026-06-09 22:23:56,061:INFO:create_model(self=<pycaret.classification.oop.ClassificationExperiment object at 0x000001784778E210>, estimator=qda, fold=StratifiedKFold(n_splits=10, random_state=None, shuffle=False), round=4, cross_validation=True, predict=True, fit_kwargs={}, groups=None, refit=False, probability_threshold=None, experiment_custom_tags=None, verbose=False, system=False, add_to_model_list=True, metrics=None, display=<pycaret.internal.display.display.CommonDisplay object at 0x00000179749868D0>, model_only=True, return_train_score=False, error_score=0.0, kwargs={})
2026-06-09 22:23:56,061:INFO:Checking exceptions
2026-06-09 22:23:56,061:INFO:Importing libraries
2026-06-09 22:23:56,061:INFO:Copying training dataset
2026-06-09 22:23:56,442:INFO:Defining folds
2026-06-09 22:23:56,442:INFO:Declaring metric variables
2026-06-09 22:23:56,453:INFO:Importing untrained model
2026-06-09 22:23:56,463:INFO:Quadratic Discriminant Analysis Imported successfully
2026-06-09 22:23:56,481:INFO:Starting cross validation
2026-06-09 22:23:56,491:INFO:Cross validating with StratifiedKFold(n_splits=10, random_state=None, shuffle=False), n_jobs=-1
2026-06-09 22:24:16,912:WARNING:c:\Users\DELL\anaconda3\envs\p11_env\Lib\site-packages\_distutils_hack\__init__.py:30: UserWarning: Setuptools is replacing distutils. Support for replacing an already imported distutils is deprecated. In the future, this condition will fail. Register concerns at https://github.com/pypa/setuptools/issues/new?template=distutils-deprecation.yml
  warnings.warn(

2026-06-09 22:24:20,455:WARNING:c:\Users\DELL\anaconda3\envs\p11_env\Lib\site-packages\_distutils_hack\__init__.py:30: UserWarning: Setuptools is replacing distutils. Support for replacing an already imported distutils is deprecated. In the future, this condition will fail. Register concerns at https://github.com/pypa/setuptools/issues/new?template=distutils-deprecation.yml
  warnings.warn(

2026-06-09 22:24:20,530:WARNING:c:\Users\DELL\anaconda3\envs\p11_env\Lib\site-packages\_distutils_hack\__init__.py:30: UserWarning: Setuptools is replacing distutils. Support for replacing an already imported distutils is deprecated. In the future, this condition will fail. Register concerns at https://github.com/pypa/setuptools/issues/new?template=distutils-deprecation.yml
  warnings.warn(

2026-06-09 22:24:20,692:WARNING:c:\Users\DELL\anaconda3\envs\p11_env\Lib\site-packages\_distutils_hack\__init__.py:30: UserWarning: Setuptools is replacing distutils. Support for replacing an already imported distutils is deprecated. In the future, this condition will fail. Register concerns at https://github.com/pypa/setuptools/issues/new?template=distutils-deprecation.yml
  warnings.warn(

2026-06-09 22:24:20,953:WARNING:c:\Users\DELL\anaconda3\envs\p11_env\Lib\site-packages\_distutils_hack\__init__.py:30: UserWarning: Setuptools is replacing distutils. Support for replacing an already imported distutils is deprecated. In the future, this condition will fail. Register concerns at https://github.com/pypa/setuptools/issues/new?template=distutils-deprecation.yml
  warnings.warn(

2026-06-09 22:24:20,993:WARNING:c:\Users\DELL\anaconda3\envs\p11_env\Lib\site-packages\_distutils_hack\__init__.py:30: UserWarning: Setuptools is replacing distutils. Support for replacing an already imported distutils is deprecated. In the future, this condition will fail. Register concerns at https://github.com/pypa/setuptools/issues/new?template=distutils-deprecation.yml
  warnings.warn(

2026-06-09 22:24:23,477:WARNING:c:\Users\DELL\anaconda3\envs\p11_env\Lib\site-packages\sklearn\discriminant_analysis.py:926: UserWarning: Variables are collinear
  warnings.warn("Variables are collinear")

2026-06-09 22:24:23,500:WARNING:c:\Users\DELL\anaconda3\envs\p11_env\Lib\site-packages\sklearn\discriminant_analysis.py:926: UserWarning: Variables are collinear
  warnings.warn("Variables are collinear")

2026-06-09 22:25:06,517:WARNING:c:\Users\DELL\anaconda3\envs\p11_env\Lib\site-packages\sklearn\discriminant_analysis.py:926: UserWarning: Variables are collinear
  warnings.warn("Variables are collinear")

2026-06-09 22:25:08,339:WARNING:c:\Users\DELL\anaconda3\envs\p11_env\Lib\site-packages\sklearn\discriminant_analysis.py:926: UserWarning: Variables are collinear
  warnings.warn("Variables are collinear")

2026-06-09 22:25:08,764:WARNING:c:\Users\DELL\anaconda3\envs\p11_env\Lib\site-packages\sklearn\discriminant_analysis.py:926: UserWarning: Variables are collinear
  warnings.warn("Variables are collinear")

2026-06-09 22:25:13,740:WARNING:c:\Users\DELL\anaconda3\envs\p11_env\Lib\site-packages\sklearn\discriminant_analysis.py:926: UserWarning: Variables are collinear
  warnings.warn("Variables are collinear")

2026-06-09 22:25:19,948:WARNING:c:\Users\DELL\anaconda3\envs\p11_env\Lib\site-packages\sklearn\discriminant_analysis.py:926: UserWarning: Variables are collinear
  warnings.warn("Variables are collinear")

2026-06-09 22:25:20,248:WARNING:c:\Users\DELL\anaconda3\envs\p11_env\Lib\site-packages\sklearn\discriminant_analysis.py:926: UserWarning: Variables are collinear
  warnings.warn("Variables are collinear")

2026-06-09 22:25:21,746:WARNING:c:\Users\DELL\anaconda3\envs\p11_env\Lib\site-packages\sklearn\discriminant_analysis.py:926: UserWarning: Variables are collinear
  warnings.warn("Variables are collinear")

2026-06-09 22:25:22,909:WARNING:c:\Users\DELL\anaconda3\envs\p11_env\Lib\site-packages\sklearn\discriminant_analysis.py:926: UserWarning: Variables are collinear
  warnings.warn("Variables are collinear")

2026-06-09 22:25:25,349:INFO:Calculating mean and std
2026-06-09 22:25:25,353:INFO:Creating metrics dataframe
2026-06-09 22:25:25,361:INFO:Uploading results into container
2026-06-09 22:25:25,364:INFO:Uploading model into container now
2026-06-09 22:25:25,364:INFO:_master_model_container: 8
2026-06-09 22:25:25,364:INFO:_display_container: 2
2026-06-09 22:25:25,364:INFO:QuadraticDiscriminantAnalysis(priors=None, reg_param=0.0,
                              store_covariance=False, tol=0.0001)
2026-06-09 22:25:25,364:INFO:create_model() successfully completed......................................
2026-06-09 22:25:26,403:INFO:SubProcess create_model() end ==================================
2026-06-09 22:25:26,403:INFO:Creating metrics dataframe
2026-06-09 22:25:26,419:INFO:Initializing Ada Boost Classifier
2026-06-09 22:25:26,419:INFO:Total runtime is 62.22898643016815 minutes
2026-06-09 22:25:26,427:INFO:SubProcess create_model() called ==================================
2026-06-09 22:25:26,427:INFO:Initializing create_model()
2026-06-09 22:25:26,429:INFO:create_model(self=<pycaret.classification.oop.ClassificationExperiment object at 0x000001784778E210>, estimator=ada, fold=StratifiedKFold(n_splits=10, random_state=None, shuffle=False), round=4, cross_validation=True, predict=True, fit_kwargs={}, groups=None, refit=False, probability_threshold=None, experiment_custom_tags=None, verbose=False, system=False, add_to_model_list=True, metrics=None, display=<pycaret.internal.display.display.CommonDisplay object at 0x00000179749868D0>, model_only=True, return_train_score=False, error_score=0.0, kwargs={})
2026-06-09 22:25:26,429:INFO:Checking exceptions
2026-06-09 22:25:26,429:INFO:Importing libraries
2026-06-09 22:25:26,429:INFO:Copying training dataset
2026-06-09 22:25:26,677:INFO:Defining folds
2026-06-09 22:25:26,677:INFO:Declaring metric variables
2026-06-09 22:25:26,688:INFO:Importing untrained model
2026-06-09 22:25:26,697:INFO:Ada Boost Classifier Imported successfully
2026-06-09 22:25:26,713:INFO:Starting cross validation
2026-06-09 22:25:26,719:INFO:Cross validating with StratifiedKFold(n_splits=10, random_state=None, shuffle=False), n_jobs=-1
2026-06-09 22:46:24,705:INFO:Calculating mean and std
2026-06-09 22:46:24,705:INFO:Creating metrics dataframe
2026-06-09 22:46:24,715:INFO:Uploading results into container
2026-06-09 22:46:24,716:INFO:Uploading model into container now
2026-06-09 22:46:24,716:INFO:_master_model_container: 9
2026-06-09 22:46:24,721:INFO:_display_container: 2
2026-06-09 22:46:24,721:INFO:AdaBoostClassifier(algorithm='SAMME.R', base_estimator='deprecated',
                   estimator=None, learning_rate=1.0, n_estimators=50,
                   random_state=40)
2026-06-09 22:46:24,721:INFO:create_model() successfully completed......................................
2026-06-09 22:46:25,912:INFO:SubProcess create_model() end ==================================
2026-06-09 22:46:25,912:INFO:Creating metrics dataframe
2026-06-09 22:46:25,927:INFO:Initializing Gradient Boosting Classifier
2026-06-09 22:46:25,927:INFO:Total runtime is 83.22077951431274 minutes
2026-06-09 22:46:25,944:INFO:SubProcess create_model() called ==================================
2026-06-09 22:46:25,945:INFO:Initializing create_model()
2026-06-09 22:46:25,945:INFO:create_model(self=<pycaret.classification.oop.ClassificationExperiment object at 0x000001784778E210>, estimator=gbc, fold=StratifiedKFold(n_splits=10, random_state=None, shuffle=False), round=4, cross_validation=True, predict=True, fit_kwargs={}, groups=None, refit=False, probability_threshold=None, experiment_custom_tags=None, verbose=False, system=False, add_to_model_list=True, metrics=None, display=<pycaret.internal.display.display.CommonDisplay object at 0x00000179749868D0>, model_only=True, return_train_score=False, error_score=0.0, kwargs={})
2026-06-09 22:46:25,946:INFO:Checking exceptions
2026-06-09 22:46:25,946:INFO:Importing libraries
2026-06-09 22:46:25,946:INFO:Copying training dataset
2026-06-09 22:46:26,354:INFO:Defining folds
2026-06-09 22:46:26,355:INFO:Declaring metric variables
2026-06-09 22:46:26,367:INFO:Importing untrained model
2026-06-09 22:46:26,383:INFO:Gradient Boosting Classifier Imported successfully
2026-06-09 22:46:26,415:INFO:Starting cross validation
2026-06-09 22:46:26,426:INFO:Cross validating with StratifiedKFold(n_splits=10, random_state=None, shuffle=False), n_jobs=-1
2026-06-09 22:47:00,503:WARNING:c:\Users\DELL\anaconda3\envs\p11_env\Lib\site-packages\_distutils_hack\__init__.py:30: UserWarning: Setuptools is replacing distutils. Support for replacing an already imported distutils is deprecated. In the future, this condition will fail. Register concerns at https://github.com/pypa/setuptools/issues/new?template=distutils-deprecation.yml
  warnings.warn(

2026-06-09 22:47:00,699:WARNING:c:\Users\DELL\anaconda3\envs\p11_env\Lib\site-packages\_distutils_hack\__init__.py:30: UserWarning: Setuptools is replacing distutils. Support for replacing an already imported distutils is deprecated. In the future, this condition will fail. Register concerns at https://github.com/pypa/setuptools/issues/new?template=distutils-deprecation.yml
  warnings.warn(

2026-06-09 22:47:00,743:WARNING:c:\Users\DELL\anaconda3\envs\p11_env\Lib\site-packages\_distutils_hack\__init__.py:30: UserWarning: Setuptools is replacing distutils. Support for replacing an already imported distutils is deprecated. In the future, this condition will fail. Register concerns at https://github.com/pypa/setuptools/issues/new?template=distutils-deprecation.yml
  warnings.warn(

2026-06-09 22:47:01,090:WARNING:c:\Users\DELL\anaconda3\envs\p11_env\Lib\site-packages\_distutils_hack\__init__.py:30: UserWarning: Setuptools is replacing distutils. Support for replacing an already imported distutils is deprecated. In the future, this condition will fail. Register concerns at https://github.com/pypa/setuptools/issues/new?template=distutils-deprecation.yml
  warnings.warn(

2026-06-09 22:47:01,184:WARNING:c:\Users\DELL\anaconda3\envs\p11_env\Lib\site-packages\_distutils_hack\__init__.py:30: UserWarning: Setuptools is replacing distutils. Support for replacing an already imported distutils is deprecated. In the future, this condition will fail. Register concerns at https://github.com/pypa/setuptools/issues/new?template=distutils-deprecation.yml
  warnings.warn(

2026-06-09 22:47:01,329:WARNING:c:\Users\DELL\anaconda3\envs\p11_env\Lib\site-packages\_distutils_hack\__init__.py:30: UserWarning: Setuptools is replacing distutils. Support for replacing an already imported distutils is deprecated. In the future, this condition will fail. Register concerns at https://github.com/pypa/setuptools/issues/new?template=distutils-deprecation.yml
  warnings.warn(

2026-06-10 00:44:10,789:INFO:Calculating mean and std
2026-06-10 00:44:10,793:INFO:Creating metrics dataframe
2026-06-10 00:44:10,816:INFO:Uploading results into container
2026-06-10 00:44:10,819:INFO:Uploading model into container now
2026-06-10 00:44:10,821:INFO:_master_model_container: 10
2026-06-10 00:44:10,821:INFO:_display_container: 2
2026-06-10 00:44:10,823:INFO:GradientBoostingClassifier(ccp_alpha=0.0, criterion='friedman_mse', init=None,
                           learning_rate=0.1, loss='log_loss', max_depth=3,
                           max_features=None, max_leaf_nodes=None,
                           min_impurity_decrease=0.0, min_samples_leaf=1,
                           min_samples_split=2, min_weight_fraction_leaf=0.0,
                           n_estimators=100, n_iter_no_change=None,
                           random_state=40, subsample=1.0, tol=0.0001,
                           validation_fraction=0.1, verbose=0,
                           warm_start=False)
2026-06-10 00:44:10,823:INFO:create_model() successfully completed......................................
2026-06-10 00:44:12,609:INFO:SubProcess create_model() end ==================================
2026-06-10 00:44:12,609:INFO:Creating metrics dataframe
2026-06-10 00:44:12,684:INFO:Initializing Linear Discriminant Analysis
2026-06-10 00:44:12,685:INFO:Total runtime is 201.0000745097796 minutes
2026-06-10 00:44:12,709:INFO:SubProcess create_model() called ==================================
2026-06-10 00:44:12,709:INFO:Initializing create_model()
2026-06-10 00:44:12,711:INFO:create_model(self=<pycaret.classification.oop.ClassificationExperiment object at 0x000001784778E210>, estimator=lda, fold=StratifiedKFold(n_splits=10, random_state=None, shuffle=False), round=4, cross_validation=True, predict=True, fit_kwargs={}, groups=None, refit=False, probability_threshold=None, experiment_custom_tags=None, verbose=False, system=False, add_to_model_list=True, metrics=None, display=<pycaret.internal.display.display.CommonDisplay object at 0x00000179749868D0>, model_only=True, return_train_score=False, error_score=0.0, kwargs={})
2026-06-10 00:44:12,713:INFO:Checking exceptions
2026-06-10 00:44:12,713:INFO:Importing libraries
2026-06-10 00:44:12,713:INFO:Copying training dataset
2026-06-10 00:44:14,629:INFO:Defining folds
2026-06-10 00:44:14,638:INFO:Declaring metric variables
2026-06-10 00:44:14,730:INFO:Importing untrained model
2026-06-10 00:44:14,771:INFO:Linear Discriminant Analysis Imported successfully
2026-06-10 00:44:14,918:INFO:Starting cross validation
2026-06-10 00:44:14,997:INFO:Cross validating with StratifiedKFold(n_splits=10, random_state=None, shuffle=False), n_jobs=-1
2026-06-10 00:45:37,364:WARNING:c:\Users\DELL\anaconda3\envs\p11_env\Lib\site-packages\_distutils_hack\__init__.py:30: UserWarning: Setuptools is replacing distutils. Support for replacing an already imported distutils is deprecated. In the future, this condition will fail. Register concerns at https://github.com/pypa/setuptools/issues/new?template=distutils-deprecation.yml
  warnings.warn(

2026-06-10 00:45:37,513:WARNING:c:\Users\DELL\anaconda3\envs\p11_env\Lib\site-packages\_distutils_hack\__init__.py:30: UserWarning: Setuptools is replacing distutils. Support for replacing an already imported distutils is deprecated. In the future, this condition will fail. Register concerns at https://github.com/pypa/setuptools/issues/new?template=distutils-deprecation.yml
  warnings.warn(

2026-06-10 00:45:37,700:WARNING:c:\Users\DELL\anaconda3\envs\p11_env\Lib\site-packages\_distutils_hack\__init__.py:30: UserWarning: Setuptools is replacing distutils. Support for replacing an already imported distutils is deprecated. In the future, this condition will fail. Register concerns at https://github.com/pypa/setuptools/issues/new?template=distutils-deprecation.yml
  warnings.warn(

2026-06-10 00:45:37,954:WARNING:c:\Users\DELL\anaconda3\envs\p11_env\Lib\site-packages\_distutils_hack\__init__.py:30: UserWarning: Setuptools is replacing distutils. Support for replacing an already imported distutils is deprecated. In the future, this condition will fail. Register concerns at https://github.com/pypa/setuptools/issues/new?template=distutils-deprecation.yml
  warnings.warn(

2026-06-10 00:45:38,109:WARNING:c:\Users\DELL\anaconda3\envs\p11_env\Lib\site-packages\_distutils_hack\__init__.py:30: UserWarning: Setuptools is replacing distutils. Support for replacing an already imported distutils is deprecated. In the future, this condition will fail. Register concerns at https://github.com/pypa/setuptools/issues/new?template=distutils-deprecation.yml
  warnings.warn(

2026-06-10 00:45:38,249:WARNING:c:\Users\DELL\anaconda3\envs\p11_env\Lib\site-packages\_distutils_hack\__init__.py:30: UserWarning: Setuptools is replacing distutils. Support for replacing an already imported distutils is deprecated. In the future, this condition will fail. Register concerns at https://github.com/pypa/setuptools/issues/new?template=distutils-deprecation.yml
  warnings.warn(

2026-06-10 00:48:22,945:INFO:Calculating mean and std
2026-06-10 00:48:22,958:INFO:Creating metrics dataframe
2026-06-10 00:48:23,013:INFO:Uploading results into container
2026-06-10 00:48:23,021:INFO:Uploading model into container now
2026-06-10 00:48:23,026:INFO:_master_model_container: 11
2026-06-10 00:48:23,027:INFO:_display_container: 2
2026-06-10 00:48:23,029:INFO:LinearDiscriminantAnalysis(covariance_estimator=None, n_components=None,
                           priors=None, shrinkage=None, solver='svd',
                           store_covariance=False, tol=0.0001)
2026-06-10 00:48:23,030:INFO:create_model() successfully completed......................................
2026-06-10 00:48:26,240:INFO:SubProcess create_model() end ==================================
2026-06-10 00:48:26,242:INFO:Creating metrics dataframe
2026-06-10 00:48:26,378:INFO:Initializing Extra Trees Classifier
2026-06-10 00:48:26,380:INFO:Total runtime is 205.2283309340477 minutes
2026-06-10 00:48:26,422:INFO:SubProcess create_model() called ==================================
2026-06-10 00:48:26,426:INFO:Initializing create_model()
2026-06-10 00:48:26,427:INFO:create_model(self=<pycaret.classification.oop.ClassificationExperiment object at 0x000001784778E210>, estimator=et, fold=StratifiedKFold(n_splits=10, random_state=None, shuffle=False), round=4, cross_validation=True, predict=True, fit_kwargs={}, groups=None, refit=False, probability_threshold=None, experiment_custom_tags=None, verbose=False, system=False, add_to_model_list=True, metrics=None, display=<pycaret.internal.display.display.CommonDisplay object at 0x00000179749868D0>, model_only=True, return_train_score=False, error_score=0.0, kwargs={})
2026-06-10 00:48:26,428:INFO:Checking exceptions
2026-06-10 00:48:26,431:INFO:Importing libraries
2026-06-10 00:48:26,432:INFO:Copying training dataset
2026-06-10 00:48:27,876:INFO:Defining folds
2026-06-10 00:48:27,876:INFO:Declaring metric variables
2026-06-10 00:48:27,933:INFO:Importing untrained model
2026-06-10 00:48:27,988:INFO:Extra Trees Classifier Imported successfully
2026-06-10 00:48:28,178:INFO:Starting cross validation
2026-06-10 00:48:28,213:INFO:Cross validating with StratifiedKFold(n_splits=10, random_state=None, shuffle=False), n_jobs=-1
2026-06-10 01:07:54,472:INFO:Calculating mean and std
2026-06-10 01:07:54,668:INFO:Creating metrics dataframe
2026-06-10 01:07:54,926:INFO:Uploading results into container
2026-06-10 01:07:54,971:INFO:Uploading model into container now
2026-06-10 01:07:54,984:INFO:_master_model_container: 12
2026-06-10 01:07:54,986:INFO:_display_container: 2
2026-06-10 01:07:55,025:INFO:ExtraTreesClassifier(bootstrap=False, ccp_alpha=0.0, class_weight=None,
                     criterion='gini', max_depth=None, max_features='sqrt',
                     max_leaf_nodes=None, max_samples=None,
                     min_impurity_decrease=0.0, min_samples_leaf=1,
                     min_samples_split=2, min_weight_fraction_leaf=0.0,
                     n_estimators=100, n_jobs=-1, oob_score=False,
                     random_state=40, verbose=0, warm_start=False)
2026-06-10 01:07:55,027:INFO:create_model() successfully completed......................................
2026-06-10 01:08:02,418:INFO:SubProcess create_model() end ==================================
2026-06-10 01:08:02,420:INFO:Creating metrics dataframe
2026-06-10 01:08:02,793:INFO:Initializing Extreme Gradient Boosting
2026-06-10 01:08:02,797:INFO:Total runtime is 224.8352816025416 minutes
2026-06-10 01:08:02,871:INFO:SubProcess create_model() called ==================================
2026-06-10 01:08:02,875:INFO:Initializing create_model()
2026-06-10 01:08:02,875:INFO:create_model(self=<pycaret.classification.oop.ClassificationExperiment object at 0x000001784778E210>, estimator=xgboost, fold=StratifiedKFold(n_splits=10, random_state=None, shuffle=False), round=4, cross_validation=True, predict=True, fit_kwargs={}, groups=None, refit=False, probability_threshold=None, experiment_custom_tags=None, verbose=False, system=False, add_to_model_list=True, metrics=None, display=<pycaret.internal.display.display.CommonDisplay object at 0x00000179749868D0>, model_only=True, return_train_score=False, error_score=0.0, kwargs={})
2026-06-10 01:08:02,875:INFO:Checking exceptions
2026-06-10 01:08:02,877:INFO:Importing libraries
2026-06-10 01:08:02,879:INFO:Copying training dataset
2026-06-10 01:08:06,283:INFO:Defining folds
2026-06-10 01:08:06,286:INFO:Declaring metric variables
2026-06-10 01:08:06,344:INFO:Importing untrained model
2026-06-10 01:08:06,439:INFO:Extreme Gradient Boosting Imported successfully
2026-06-10 01:08:06,602:INFO:Starting cross validation
2026-06-10 01:08:06,686:INFO:Cross validating with StratifiedKFold(n_splits=10, random_state=None, shuffle=False), n_jobs=-1
2026-06-10 01:08:12,612:WARNING:c:\Users\DELL\anaconda3\envs\p11_env\Lib\site-packages\joblib\externals\loky\process_executor.py:700: UserWarning: A worker stopped while some jobs were given to the executor. This can be caused by a too short worker timeout or by a memory leak.
  warnings.warn(

2026-06-10 01:09:29,061:WARNING:c:\Users\DELL\anaconda3\envs\p11_env\Lib\site-packages\_distutils_hack\__init__.py:30: UserWarning: Setuptools is replacing distutils. Support for replacing an already imported distutils is deprecated. In the future, this condition will fail. Register concerns at https://github.com/pypa/setuptools/issues/new?template=distutils-deprecation.yml
  warnings.warn(

2026-06-10 01:09:53,440:WARNING:c:\Users\DELL\anaconda3\envs\p11_env\Lib\site-packages\_distutils_hack\__init__.py:30: UserWarning: Setuptools is replacing distutils. Support for replacing an already imported distutils is deprecated. In the future, this condition will fail. Register concerns at https://github.com/pypa/setuptools/issues/new?template=distutils-deprecation.yml
  warnings.warn(

2026-06-10 01:20:10,854:INFO:Calculating mean and std
2026-06-10 01:20:10,885:INFO:Creating metrics dataframe
2026-06-10 01:20:11,051:INFO:Uploading results into container
2026-06-10 01:20:11,066:INFO:Uploading model into container now
2026-06-10 01:20:11,073:INFO:_master_model_container: 13
2026-06-10 01:20:11,078:INFO:_display_container: 2
2026-06-10 01:20:11,118:INFO:XGBClassifier(base_score=None, booster='gbtree', callbacks=None,
              colsample_bylevel=None, colsample_bynode=None,
              colsample_bytree=None, device='cpu', early_stopping_rounds=None,
              enable_categorical=False, eval_metric=None, feature_types=None,
              feature_weights=None, gamma=None, grow_policy=None,
              importance_type=None, interaction_constraints=None,
              learning_rate=None, max_bin=None, max_cat_threshold=None,
              max_cat_to_onehot=None, max_delta_step=None, max_depth=None,
              max_leaves=None, min_child_weight=None, missing=nan,
              monotone_constraints=None, multi_strategy=None, n_estimators=None,
              n_jobs=-1, num_parallel_tree=None, ...)
2026-06-10 01:20:11,127:INFO:create_model() successfully completed......................................
2026-06-10 01:20:17,238:INFO:SubProcess create_model() end ==================================
2026-06-10 01:20:17,238:INFO:Creating metrics dataframe
2026-06-10 01:20:17,907:INFO:Initializing Light Gradient Boosting Machine
2026-06-10 01:20:17,911:INFO:Total runtime is 237.0871870994568 minutes
2026-06-10 01:20:18,182:INFO:SubProcess create_model() called ==================================
2026-06-10 01:20:18,190:INFO:Initializing create_model()
2026-06-10 01:20:18,195:INFO:create_model(self=<pycaret.classification.oop.ClassificationExperiment object at 0x000001784778E210>, estimator=lightgbm, fold=StratifiedKFold(n_splits=10, random_state=None, shuffle=False), round=4, cross_validation=True, predict=True, fit_kwargs={}, groups=None, refit=False, probability_threshold=None, experiment_custom_tags=None, verbose=False, system=False, add_to_model_list=True, metrics=None, display=<pycaret.internal.display.display.CommonDisplay object at 0x00000179749868D0>, model_only=True, return_train_score=False, error_score=0.0, kwargs={})
2026-06-10 01:20:18,199:INFO:Checking exceptions
2026-06-10 01:20:18,201:INFO:Importing libraries
2026-06-10 01:20:18,203:INFO:Copying training dataset
2026-06-10 01:20:22,319:INFO:Defining folds
2026-06-10 01:20:22,335:INFO:Declaring metric variables
2026-06-10 01:20:22,619:INFO:Importing untrained model
2026-06-10 01:20:22,960:INFO:Light Gradient Boosting Machine Imported successfully
2026-06-10 01:20:23,472:INFO:Starting cross validation
2026-06-10 01:20:23,690:INFO:Cross validating with StratifiedKFold(n_splits=10, random_state=None, shuffle=False), n_jobs=-1
2026-06-10 01:23:25,817:WARNING:c:\Users\DELL\anaconda3\envs\p11_env\Lib\site-packages\_distutils_hack\__init__.py:30: UserWarning: Setuptools is replacing distutils. Support for replacing an already imported distutils is deprecated. In the future, this condition will fail. Register concerns at https://github.com/pypa/setuptools/issues/new?template=distutils-deprecation.yml
  warnings.warn(

2026-06-10 01:28:21,295:INFO:Calculating mean and std
2026-06-10 01:28:21,311:INFO:Creating metrics dataframe
2026-06-10 01:28:21,369:INFO:Uploading results into container
2026-06-10 01:28:21,376:INFO:Uploading model into container now
2026-06-10 01:28:21,380:INFO:_master_model_container: 14
2026-06-10 01:28:21,380:INFO:_display_container: 2
2026-06-10 01:28:21,389:INFO:LGBMClassifier(boosting_type='gbdt', class_weight=None, colsample_bytree=1.0,
               importance_type='split', learning_rate=0.1, max_depth=-1,
               min_child_samples=20, min_child_weight=0.001, min_split_gain=0.0,
               n_estimators=100, n_jobs=-1, num_leaves=31, objective=None,
               random_state=40, reg_alpha=0.0, reg_lambda=0.0, subsample=1.0,
               subsample_for_bin=200000, subsample_freq=0)
2026-06-10 01:28:21,391:INFO:create_model() successfully completed......................................
2026-06-10 01:28:24,634:INFO:SubProcess create_model() end ==================================
2026-06-10 01:28:24,642:INFO:Creating metrics dataframe
2026-06-10 01:28:24,787:INFO:Initializing CatBoost Classifier
2026-06-10 01:28:24,789:INFO:Total runtime is 245.20181508859 minutes
2026-06-10 01:28:24,818:INFO:SubProcess create_model() called ==================================
2026-06-10 01:28:24,823:INFO:Initializing create_model()
2026-06-10 01:28:24,826:INFO:create_model(self=<pycaret.classification.oop.ClassificationExperiment object at 0x000001784778E210>, estimator=catboost, fold=StratifiedKFold(n_splits=10, random_state=None, shuffle=False), round=4, cross_validation=True, predict=True, fit_kwargs={}, groups=None, refit=False, probability_threshold=None, experiment_custom_tags=None, verbose=False, system=False, add_to_model_list=True, metrics=None, display=<pycaret.internal.display.display.CommonDisplay object at 0x00000179749868D0>, model_only=True, return_train_score=False, error_score=0.0, kwargs={})
2026-06-10 01:28:24,826:INFO:Checking exceptions
2026-06-10 01:28:24,828:INFO:Importing libraries
2026-06-10 01:28:24,828:INFO:Copying training dataset
2026-06-10 01:28:26,249:INFO:Defining folds
2026-06-10 01:28:26,251:INFO:Declaring metric variables
2026-06-10 01:28:26,310:INFO:Importing untrained model
2026-06-10 01:28:26,380:INFO:CatBoost Classifier Imported successfully
2026-06-10 01:28:26,502:INFO:Starting cross validation
2026-06-10 01:28:26,543:INFO:Cross validating with StratifiedKFold(n_splits=10, random_state=None, shuffle=False), n_jobs=-1
2026-06-10 02:21:17,031:INFO:Calculating mean and std
2026-06-10 02:21:17,054:INFO:Creating metrics dataframe
2026-06-10 02:21:17,107:INFO:Uploading results into container
2026-06-10 02:21:17,113:INFO:Uploading model into container now
2026-06-10 02:21:17,117:INFO:_master_model_container: 15
2026-06-10 02:21:17,117:INFO:_display_container: 2
2026-06-10 02:21:17,119:INFO:CatBoostClassifier(border_count=254, random_state=40, task_type='CPU', verbose=False)
2026-06-10 02:21:17,120:INFO:create_model() successfully completed......................................
2026-06-10 02:21:20,539:INFO:SubProcess create_model() end ==================================
2026-06-10 02:21:20,539:INFO:Creating metrics dataframe
2026-06-10 02:21:20,754:INFO:Initializing Dummy Classifier
2026-06-10 02:21:20,757:INFO:Total runtime is 298.1345997810364 minutes
2026-06-10 02:21:20,804:INFO:SubProcess create_model() called ==================================
2026-06-10 02:21:20,811:INFO:Initializing create_model()
2026-06-10 02:21:20,813:INFO:create_model(self=<pycaret.classification.oop.ClassificationExperiment object at 0x000001784778E210>, estimator=dummy, fold=StratifiedKFold(n_splits=10, random_state=None, shuffle=False), round=4, cross_validation=True, predict=True, fit_kwargs={}, groups=None, refit=False, probability_threshold=None, experiment_custom_tags=None, verbose=False, system=False, add_to_model_list=True, metrics=None, display=<pycaret.internal.display.display.CommonDisplay object at 0x00000179749868D0>, model_only=True, return_train_score=False, error_score=0.0, kwargs={})
2026-06-10 02:21:20,814:INFO:Checking exceptions
2026-06-10 02:21:20,814:INFO:Importing libraries
2026-06-10 02:21:20,815:INFO:Copying training dataset
2026-06-10 02:21:22,584:INFO:Defining folds
2026-06-10 02:21:22,587:INFO:Declaring metric variables
2026-06-10 02:21:22,641:INFO:Importing untrained model
2026-06-10 02:21:22,720:INFO:Dummy Classifier Imported successfully
2026-06-10 02:21:22,864:INFO:Starting cross validation
2026-06-10 02:21:22,933:INFO:Cross validating with StratifiedKFold(n_splits=10, random_state=None, shuffle=False), n_jobs=-1
2026-06-10 02:22:33,519:WARNING:c:\Users\DELL\anaconda3\envs\p11_env\Lib\site-packages\sklearn\metrics\_classification.py:1344: UndefinedMetricWarning: Precision is ill-defined and being set to 0.0 due to no predicted samples. Use `zero_division` parameter to control this behavior.
  _warn_prf(average, modifier, msg_start, len(result))

2026-06-10 02:22:33,930:WARNING:c:\Users\DELL\anaconda3\envs\p11_env\Lib\site-packages\sklearn\metrics\_classification.py:1344: UndefinedMetricWarning: Precision is ill-defined and being set to 0.0 due to no predicted samples. Use `zero_division` parameter to control this behavior.
  _warn_prf(average, modifier, msg_start, len(result))

2026-06-10 02:22:39,750:WARNING:c:\Users\DELL\anaconda3\envs\p11_env\Lib\site-packages\_distutils_hack\__init__.py:30: UserWarning: Setuptools is replacing distutils. Support for replacing an already imported distutils is deprecated. In the future, this condition will fail. Register concerns at https://github.com/pypa/setuptools/issues/new?template=distutils-deprecation.yml
  warnings.warn(

2026-06-10 02:22:39,810:WARNING:c:\Users\DELL\anaconda3\envs\p11_env\Lib\site-packages\_distutils_hack\__init__.py:30: UserWarning: Setuptools is replacing distutils. Support for replacing an already imported distutils is deprecated. In the future, this condition will fail. Register concerns at https://github.com/pypa/setuptools/issues/new?template=distutils-deprecation.yml
  warnings.warn(

2026-06-10 02:22:39,837:WARNING:c:\Users\DELL\anaconda3\envs\p11_env\Lib\site-packages\_distutils_hack\__init__.py:30: UserWarning: Setuptools is replacing distutils. Support for replacing an already imported distutils is deprecated. In the future, this condition will fail. Register concerns at https://github.com/pypa/setuptools/issues/new?template=distutils-deprecation.yml
  warnings.warn(

2026-06-10 02:22:39,961:WARNING:c:\Users\DELL\anaconda3\envs\p11_env\Lib\site-packages\_distutils_hack\__init__.py:30: UserWarning: Setuptools is replacing distutils. Support for replacing an already imported distutils is deprecated. In the future, this condition will fail. Register concerns at https://github.com/pypa/setuptools/issues/new?template=distutils-deprecation.yml
  warnings.warn(

2026-06-10 02:22:40,602:WARNING:c:\Users\DELL\anaconda3\envs\p11_env\Lib\site-packages\_distutils_hack\__init__.py:30: UserWarning: Setuptools is replacing distutils. Support for replacing an already imported distutils is deprecated. In the future, this condition will fail. Register concerns at https://github.com/pypa/setuptools/issues/new?template=distutils-deprecation.yml
  warnings.warn(

2026-06-10 02:22:40,841:WARNING:c:\Users\DELL\anaconda3\envs\p11_env\Lib\site-packages\_distutils_hack\__init__.py:30: UserWarning: Setuptools is replacing distutils. Support for replacing an already imported distutils is deprecated. In the future, this condition will fail. Register concerns at https://github.com/pypa/setuptools/issues/new?template=distutils-deprecation.yml
  warnings.warn(

2026-06-10 02:24:17,421:WARNING:c:\Users\DELL\anaconda3\envs\p11_env\Lib\site-packages\sklearn\metrics\_classification.py:1344: UndefinedMetricWarning: Precision is ill-defined and being set to 0.0 due to no predicted samples. Use `zero_division` parameter to control this behavior.
  _warn_prf(average, modifier, msg_start, len(result))

2026-06-10 02:24:27,877:WARNING:c:\Users\DELL\anaconda3\envs\p11_env\Lib\site-packages\sklearn\metrics\_classification.py:1344: UndefinedMetricWarning: Precision is ill-defined and being set to 0.0 due to no predicted samples. Use `zero_division` parameter to control this behavior.
  _warn_prf(average, modifier, msg_start, len(result))

2026-06-10 02:24:33,969:WARNING:c:\Users\DELL\anaconda3\envs\p11_env\Lib\site-packages\sklearn\metrics\_classification.py:1344: UndefinedMetricWarning: Precision is ill-defined and being set to 0.0 due to no predicted samples. Use `zero_division` parameter to control this behavior.
  _warn_prf(average, modifier, msg_start, len(result))

2026-06-10 02:24:41,189:WARNING:c:\Users\DELL\anaconda3\envs\p11_env\Lib\site-packages\sklearn\metrics\_classification.py:1344: UndefinedMetricWarning: Precision is ill-defined and being set to 0.0 due to no predicted samples. Use `zero_division` parameter to control this behavior.
  _warn_prf(average, modifier, msg_start, len(result))

2026-06-10 02:24:45,014:WARNING:c:\Users\DELL\anaconda3\envs\p11_env\Lib\site-packages\sklearn\metrics\_classification.py:1344: UndefinedMetricWarning: Precision is ill-defined and being set to 0.0 due to no predicted samples. Use `zero_division` parameter to control this behavior.
  _warn_prf(average, modifier, msg_start, len(result))

2026-06-10 02:24:47,730:WARNING:c:\Users\DELL\anaconda3\envs\p11_env\Lib\site-packages\sklearn\metrics\_classification.py:1344: UndefinedMetricWarning: Precision is ill-defined and being set to 0.0 due to no predicted samples. Use `zero_division` parameter to control this behavior.
  _warn_prf(average, modifier, msg_start, len(result))

2026-06-10 02:24:50,498:WARNING:c:\Users\DELL\anaconda3\envs\p11_env\Lib\site-packages\sklearn\metrics\_classification.py:1344: UndefinedMetricWarning: Precision is ill-defined and being set to 0.0 due to no predicted samples. Use `zero_division` parameter to control this behavior.
  _warn_prf(average, modifier, msg_start, len(result))

2026-06-10 02:24:55,179:WARNING:c:\Users\DELL\anaconda3\envs\p11_env\Lib\site-packages\sklearn\metrics\_classification.py:1344: UndefinedMetricWarning: Precision is ill-defined and being set to 0.0 due to no predicted samples. Use `zero_division` parameter to control this behavior.
  _warn_prf(average, modifier, msg_start, len(result))

2026-06-10 02:24:55,693:INFO:Calculating mean and std
2026-06-10 02:24:55,706:INFO:Creating metrics dataframe
2026-06-10 02:24:55,792:INFO:Uploading results into container
2026-06-10 02:24:55,796:INFO:Uploading model into container now
2026-06-10 02:24:55,801:INFO:_master_model_container: 16
2026-06-10 02:24:55,803:INFO:_display_container: 2
2026-06-10 02:24:55,805:INFO:DummyClassifier(constant=None, random_state=40, strategy='prior')
2026-06-10 02:24:55,805:INFO:create_model() successfully completed......................................
2026-06-10 02:24:59,528:INFO:SubProcess create_model() end ==================================
2026-06-10 02:24:59,529:INFO:Creating metrics dataframe
2026-06-10 02:25:00,002:INFO:Initializing create_model()
2026-06-10 02:25:00,010:INFO:create_model(self=<pycaret.classification.oop.ClassificationExperiment object at 0x000001784778E210>, estimator=DummyClassifier(constant=None, random_state=40, strategy='prior'), fold=StratifiedKFold(n_splits=10, random_state=None, shuffle=False), round=4, cross_validation=False, predict=False, fit_kwargs={}, groups=None, refit=True, probability_threshold=None, experiment_custom_tags=None, verbose=False, system=False, add_to_model_list=True, metrics=None, display=None, model_only=True, return_train_score=False, error_score=0.0, kwargs={})
2026-06-10 02:25:00,011:INFO:Checking exceptions
2026-06-10 02:25:00,103:INFO:Importing libraries
2026-06-10 02:25:00,105:INFO:Copying training dataset
2026-06-10 02:25:01,914:INFO:Defining folds
2026-06-10 02:25:01,916:INFO:Declaring metric variables
2026-06-10 02:25:01,921:INFO:Importing untrained model
2026-06-10 02:25:01,924:INFO:Declaring custom model
2026-06-10 02:25:01,928:INFO:Dummy Classifier Imported successfully
2026-06-10 02:25:01,963:INFO:Cross validation set to False
2026-06-10 02:25:01,965:INFO:Fitting Model
2026-06-10 02:25:25,085:INFO:DummyClassifier(constant=None, random_state=40, strategy='prior')
2026-06-10 02:25:25,088:INFO:create_model() successfully completed......................................
2026-06-10 02:25:28,707:INFO:_master_model_container: 16
2026-06-10 02:25:28,709:INFO:_display_container: 2
2026-06-10 02:25:28,711:INFO:DummyClassifier(constant=None, random_state=40, strategy='prior')
2026-06-10 02:25:28,715:INFO:compare_models() successfully completed......................................
2026-06-10 02:25:29,046:INFO:Initializing create_model()
2026-06-10 02:25:29,047:INFO:create_model(self=<pycaret.classification.oop.ClassificationExperiment object at 0x000001784778E210>, estimator=lightgbm, fold=None, round=4, cross_validation=True, predict=True, fit_kwargs=None, groups=None, refit=True, probability_threshold=None, experiment_custom_tags=None, verbose=True, system=True, add_to_model_list=True, metrics=None, display=None, model_only=True, return_train_score=False, error_score=0.0, kwargs={})
2026-06-10 02:25:29,049:INFO:Checking exceptions
2026-06-10 02:25:29,236:INFO:Importing libraries
2026-06-10 02:25:29,244:INFO:Copying training dataset
2026-06-10 02:25:30,768:INFO:Defining folds
2026-06-10 02:25:30,768:INFO:Declaring metric variables
2026-06-10 02:25:30,798:INFO:Importing untrained model
2026-06-10 02:25:30,862:INFO:Light Gradient Boosting Machine Imported successfully
2026-06-10 02:25:30,962:INFO:Starting cross validation
2026-06-10 02:25:30,995:INFO:Cross validating with StratifiedKFold(n_splits=10, random_state=None, shuffle=False), n_jobs=-1
2026-06-10 02:31:16,678:INFO:Calculating mean and std
2026-06-10 02:31:16,680:INFO:Creating metrics dataframe
2026-06-10 02:31:16,749:INFO:Finalizing model
2026-06-10 02:31:42,650:INFO:[LightGBM] [Info] Number of positive: 114010, number of negative: 114010
2026-06-10 02:31:43,064:INFO:[LightGBM] [Info] Auto-choosing col-wise multi-threading, the overhead of testing was 0.402395 seconds.
2026-06-10 02:31:43,067:INFO:You can set `force_col_wise=true` to remove the overhead.
2026-06-10 02:31:43,079:INFO:[LightGBM] [Info] Total Bins 16575
2026-06-10 02:31:43,090:INFO:[LightGBM] [Info] Number of data points in the train set: 228020, number of used features: 65
2026-06-10 02:31:43,106:INFO:[LightGBM] [Info] [binary:BoostFromScore]: pavg=0.500000 -> initscore=0.000000
2026-06-10 02:32:06,700:INFO:Uploading results into container
2026-06-10 02:32:06,709:INFO:Uploading model into container now
2026-06-10 02:32:06,822:INFO:_master_model_container: 17
2026-06-10 02:32:06,825:INFO:_display_container: 3
2026-06-10 02:32:06,836:INFO:LGBMClassifier(boosting_type='gbdt', class_weight=None, colsample_bytree=1.0,
               importance_type='split', learning_rate=0.1, max_depth=-1,
               min_child_samples=20, min_child_weight=0.001, min_split_gain=0.0,
               n_estimators=100, n_jobs=-1, num_leaves=31, objective=None,
               random_state=40, reg_alpha=0.0, reg_lambda=0.0, subsample=1.0,
               subsample_for_bin=200000, subsample_freq=0)
2026-06-10 02:32:06,838:INFO:create_model() successfully completed......................................
2026-06-10 02:32:10,143:INFO:Initializing tune_model()
2026-06-10 02:32:10,143:INFO:tune_model(self=<pycaret.classification.oop.ClassificationExperiment object at 0x000001784778E210>, estimator=LGBMClassifier(boosting_type='gbdt', class_weight=None, colsample_bytree=1.0,
               importance_type='split', learning_rate=0.1, max_depth=-1,
               min_child_samples=20, min_child_weight=0.001, min_split_gain=0.0,
               n_estimators=100, n_jobs=-1, num_leaves=31, objective=None,
               random_state=40, reg_alpha=0.0, reg_lambda=0.0, subsample=1.0,
               subsample_for_bin=200000, subsample_freq=0), fold=None, round=4, n_iter=50, custom_grid=None, optimize=Precision, custom_scorer=None, search_library=scikit-learn, search_algorithm=None, early_stopping=False, early_stopping_max_iters=10, choose_better=True, fit_kwargs=None, groups=None, return_tuner=False, verbose=True, tuner_verbose=True, return_train_score=False, kwargs={})
2026-06-10 02:32:10,143:INFO:Checking exceptions
2026-06-10 02:32:10,749:INFO:Copying training dataset
2026-06-10 02:32:11,784:INFO:Checking base model
2026-06-10 02:32:11,787:INFO:Base model : Light Gradient Boosting Machine
2026-06-10 02:32:11,846:INFO:Declaring metric variables
2026-06-10 02:32:11,893:INFO:Defining Hyperparameters
2026-06-10 02:32:15,626:INFO:Tuning with n_jobs=-1
2026-06-10 02:32:15,629:INFO:Initializing RandomizedSearchCV
2026-06-10 08:06:33,397:WARNING:
'cuml' is a soft dependency and not included in the pycaret installation. Please run: `pip install cuml` to install.
2026-06-10 08:06:33,397:WARNING:
'cuml' is a soft dependency and not included in the pycaret installation. Please run: `pip install cuml` to install.
2026-06-10 08:06:33,397:WARNING:
'cuml' is a soft dependency and not included in the pycaret installation. Please run: `pip install cuml` to install.
2026-06-10 08:06:33,397:WARNING:
'cuml' is a soft dependency and not included in the pycaret installation. Please run: `pip install cuml` to install.
2026-06-10 08:06:38,938:WARNING:c:\Users\DELL\anaconda3\envs\p11_env\Lib\site-packages\yfinance\scrapers\history.py:396: FutureWarning: The default dtype for empty Series will be 'object' instead of 'float64' in a future version. Specify a dtype explicitly to silence this warning.
  self._capital_gains = pd.Series()

2026-06-10 08:06:39,352:WARNING:c:\Users\DELL\anaconda3\envs\p11_env\Lib\site-packages\yfinance\scrapers\history.py:396: FutureWarning: The default dtype for empty Series will be 'object' instead of 'float64' in a future version. Specify a dtype explicitly to silence this warning.
  self._capital_gains = pd.Series()

2026-06-10 08:06:39,449:WARNING:c:\Users\DELL\anaconda3\envs\p11_env\Lib\site-packages\yfinance\scrapers\history.py:396: FutureWarning: The default dtype for empty Series will be 'object' instead of 'float64' in a future version. Specify a dtype explicitly to silence this warning.
  self._capital_gains = pd.Series()

2026-06-10 08:06:39,537:WARNING:c:\Users\DELL\anaconda3\envs\p11_env\Lib\site-packages\yfinance\scrapers\history.py:396: FutureWarning: The default dtype for empty Series will be 'object' instead of 'float64' in a future version. Specify a dtype explicitly to silence this warning.
  self._capital_gains = pd.Series()

2026-06-10 08:06:39,626:WARNING:c:\Users\DELL\anaconda3\envs\p11_env\Lib\site-packages\yfinance\scrapers\history.py:396: FutureWarning: The default dtype for empty Series will be 'object' instead of 'float64' in a future version. Specify a dtype explicitly to silence this warning.
  self._capital_gains = pd.Series()

2026-06-10 08:06:39,723:WARNING:c:\Users\DELL\anaconda3\envs\p11_env\Lib\site-packages\yfinance\scrapers\history.py:396: FutureWarning: The default dtype for empty Series will be 'object' instead of 'float64' in a future version. Specify a dtype explicitly to silence this warning.
  self._capital_gains = pd.Series()

2026-06-10 08:06:39,804:WARNING:c:\Users\DELL\anaconda3\envs\p11_env\Lib\site-packages\yfinance\scrapers\history.py:396: FutureWarning: The default dtype for empty Series will be 'object' instead of 'float64' in a future version. Specify a dtype explicitly to silence this warning.
  self._capital_gains = pd.Series()

2026-06-10 08:06:39,904:WARNING:c:\Users\DELL\anaconda3\envs\p11_env\Lib\site-packages\yfinance\scrapers\history.py:396: FutureWarning: The default dtype for empty Series will be 'object' instead of 'float64' in a future version. Specify a dtype explicitly to silence this warning.
  self._capital_gains = pd.Series()

2026-06-10 08:06:40,061:WARNING:c:\Users\DELL\anaconda3\envs\p11_env\Lib\site-packages\yfinance\scrapers\history.py:396: FutureWarning: The default dtype for empty Series will be 'object' instead of 'float64' in a future version. Specify a dtype explicitly to silence this warning.
  self._capital_gains = pd.Series()

2026-06-10 08:06:40,237:WARNING:c:\Users\DELL\anaconda3\envs\p11_env\Lib\site-packages\yfinance\scrapers\history.py:396: FutureWarning: The default dtype for empty Series will be 'object' instead of 'float64' in a future version. Specify a dtype explicitly to silence this warning.
  self._capital_gains = pd.Series()

2026-06-10 08:06:40,396:WARNING:c:\Users\DELL\anaconda3\envs\p11_env\Lib\site-packages\yfinance\scrapers\history.py:396: FutureWarning: The default dtype for empty Series will be 'object' instead of 'float64' in a future version. Specify a dtype explicitly to silence this warning.
  self._capital_gains = pd.Series()

2026-06-10 08:06:40,444:WARNING:c:\Users\DELL\anaconda3\envs\p11_env\Lib\site-packages\yfinance\scrapers\history.py:396: FutureWarning: The default dtype for empty Series will be 'object' instead of 'float64' in a future version. Specify a dtype explicitly to silence this warning.
  self._capital_gains = pd.Series()

2026-06-10 08:06:40,672:WARNING:c:\Users\DELL\anaconda3\envs\p11_env\Lib\site-packages\yfinance\scrapers\history.py:396: FutureWarning: The default dtype for empty Series will be 'object' instead of 'float64' in a future version. Specify a dtype explicitly to silence this warning.
  self._capital_gains = pd.Series()

2026-06-10 08:06:40,776:WARNING:c:\Users\DELL\anaconda3\envs\p11_env\Lib\site-packages\yfinance\scrapers\history.py:396: FutureWarning: The default dtype for empty Series will be 'object' instead of 'float64' in a future version. Specify a dtype explicitly to silence this warning.
  self._capital_gains = pd.Series()

2026-06-10 08:06:40,870:WARNING:c:\Users\DELL\anaconda3\envs\p11_env\Lib\site-packages\yfinance\scrapers\history.py:396: FutureWarning: The default dtype for empty Series will be 'object' instead of 'float64' in a future version. Specify a dtype explicitly to silence this warning.
  self._capital_gains = pd.Series()

2026-06-10 08:06:41,009:WARNING:c:\Users\DELL\anaconda3\envs\p11_env\Lib\site-packages\yfinance\scrapers\history.py:396: FutureWarning: The default dtype for empty Series will be 'object' instead of 'float64' in a future version. Specify a dtype explicitly to silence this warning.
  self._capital_gains = pd.Series()

2026-06-10 08:06:41,020:WARNING:c:\Users\DELL\anaconda3\envs\p11_env\Lib\site-packages\yfinance\scrapers\history.py:396: FutureWarning: The default dtype for empty Series will be 'object' instead of 'float64' in a future version. Specify a dtype explicitly to silence this warning.
  self._capital_gains = pd.Series()

2026-06-10 08:06:41,203:WARNING:c:\Users\DELL\anaconda3\envs\p11_env\Lib\site-packages\yfinance\scrapers\history.py:396: FutureWarning: The default dtype for empty Series will be 'object' instead of 'float64' in a future version. Specify a dtype explicitly to silence this warning.
  self._capital_gains = pd.Series()

2026-06-10 08:06:41,306:WARNING:c:\Users\DELL\anaconda3\envs\p11_env\Lib\site-packages\yfinance\scrapers\history.py:396: FutureWarning: The default dtype for empty Series will be 'object' instead of 'float64' in a future version. Specify a dtype explicitly to silence this warning.
  self._capital_gains = pd.Series()

2026-06-10 08:06:41,511:WARNING:c:\Users\DELL\anaconda3\envs\p11_env\Lib\site-packages\yfinance\scrapers\history.py:396: FutureWarning: The default dtype for empty Series will be 'object' instead of 'float64' in a future version. Specify a dtype explicitly to silence this warning.
  self._capital_gains = pd.Series()

2026-06-10 08:06:41,787:WARNING:c:\Users\DELL\anaconda3\envs\p11_env\Lib\site-packages\yfinance\scrapers\history.py:396: FutureWarning: The default dtype for empty Series will be 'object' instead of 'float64' in a future version. Specify a dtype explicitly to silence this warning.
  self._capital_gains = pd.Series()

2026-06-10 08:06:41,840:WARNING:c:\Users\DELL\anaconda3\envs\p11_env\Lib\site-packages\yfinance\scrapers\history.py:396: FutureWarning: The default dtype for empty Series will be 'object' instead of 'float64' in a future version. Specify a dtype explicitly to silence this warning.
  self._capital_gains = pd.Series()

2026-06-10 08:06:41,906:WARNING:c:\Users\DELL\anaconda3\envs\p11_env\Lib\site-packages\yfinance\scrapers\history.py:396: FutureWarning: The default dtype for empty Series will be 'object' instead of 'float64' in a future version. Specify a dtype explicitly to silence this warning.
  self._capital_gains = pd.Series()

2026-06-10 08:06:42,108:WARNING:c:\Users\DELL\anaconda3\envs\p11_env\Lib\site-packages\yfinance\scrapers\history.py:396: FutureWarning: The default dtype for empty Series will be 'object' instead of 'float64' in a future version. Specify a dtype explicitly to silence this warning.
  self._capital_gains = pd.Series()

2026-06-10 08:06:42,137:WARNING:c:\Users\DELL\anaconda3\envs\p11_env\Lib\site-packages\yfinance\scrapers\history.py:396: FutureWarning: The default dtype for empty Series will be 'object' instead of 'float64' in a future version. Specify a dtype explicitly to silence this warning.
  self._capital_gains = pd.Series()

2026-06-10 08:06:42,336:WARNING:c:\Users\DELL\anaconda3\envs\p11_env\Lib\site-packages\yfinance\scrapers\history.py:396: FutureWarning: The default dtype for empty Series will be 'object' instead of 'float64' in a future version. Specify a dtype explicitly to silence this warning.
  self._capital_gains = pd.Series()

2026-06-10 08:06:42,343:WARNING:c:\Users\DELL\anaconda3\envs\p11_env\Lib\site-packages\yfinance\scrapers\history.py:396: FutureWarning: The default dtype for empty Series will be 'object' instead of 'float64' in a future version. Specify a dtype explicitly to silence this warning.
  self._capital_gains = pd.Series()

2026-06-10 08:06:42,511:WARNING:c:\Users\DELL\anaconda3\envs\p11_env\Lib\site-packages\yfinance\scrapers\history.py:396: FutureWarning: The default dtype for empty Series will be 'object' instead of 'float64' in a future version. Specify a dtype explicitly to silence this warning.
  self._capital_gains = pd.Series()

2026-06-10 08:06:42,744:WARNING:c:\Users\DELL\anaconda3\envs\p11_env\Lib\site-packages\yfinance\scrapers\history.py:396: FutureWarning: The default dtype for empty Series will be 'object' instead of 'float64' in a future version. Specify a dtype explicitly to silence this warning.
  self._capital_gains = pd.Series()

2026-06-10 08:06:42,854:WARNING:c:\Users\DELL\anaconda3\envs\p11_env\Lib\site-packages\yfinance\scrapers\history.py:396: FutureWarning: The default dtype for empty Series will be 'object' instead of 'float64' in a future version. Specify a dtype explicitly to silence this warning.
  self._capital_gains = pd.Series()

2026-06-10 08:06:42,956:WARNING:c:\Users\DELL\anaconda3\envs\p11_env\Lib\site-packages\yfinance\scrapers\history.py:396: FutureWarning: The default dtype for empty Series will be 'object' instead of 'float64' in a future version. Specify a dtype explicitly to silence this warning.
  self._capital_gains = pd.Series()

2026-06-10 08:11:07,703:WARNING:
'cuml' is a soft dependency and not included in the pycaret installation. Please run: `pip install cuml` to install.
2026-06-10 08:11:07,703:WARNING:
'cuml' is a soft dependency and not included in the pycaret installation. Please run: `pip install cuml` to install.
2026-06-10 08:11:07,703:WARNING:
'cuml' is a soft dependency and not included in the pycaret installation. Please run: `pip install cuml` to install.
2026-06-10 08:11:07,703:WARNING:
'cuml' is a soft dependency and not included in the pycaret installation. Please run: `pip install cuml` to install.
2026-06-10 08:11:11,329:WARNING:c:\Users\DELL\anaconda3\envs\p11_env\Lib\site-packages\yfinance\scrapers\history.py:396: FutureWarning: The default dtype for empty Series will be 'object' instead of 'float64' in a future version. Specify a dtype explicitly to silence this warning.
  self._capital_gains = pd.Series()

2026-06-10 08:11:11,695:WARNING:c:\Users\DELL\anaconda3\envs\p11_env\Lib\site-packages\yfinance\scrapers\history.py:396: FutureWarning: The default dtype for empty Series will be 'object' instead of 'float64' in a future version. Specify a dtype explicitly to silence this warning.
  self._capital_gains = pd.Series()

2026-06-10 08:11:11,854:WARNING:c:\Users\DELL\anaconda3\envs\p11_env\Lib\site-packages\yfinance\scrapers\history.py:396: FutureWarning: The default dtype for empty Series will be 'object' instead of 'float64' in a future version. Specify a dtype explicitly to silence this warning.
  self._capital_gains = pd.Series()

2026-06-10 08:11:11,919:WARNING:c:\Users\DELL\anaconda3\envs\p11_env\Lib\site-packages\yfinance\scrapers\history.py:396: FutureWarning: The default dtype for empty Series will be 'object' instead of 'float64' in a future version. Specify a dtype explicitly to silence this warning.
  self._capital_gains = pd.Series()

2026-06-10 08:11:12,012:WARNING:c:\Users\DELL\anaconda3\envs\p11_env\Lib\site-packages\yfinance\scrapers\history.py:396: FutureWarning: The default dtype for empty Series will be 'object' instead of 'float64' in a future version. Specify a dtype explicitly to silence this warning.
  self._capital_gains = pd.Series()

2026-06-10 08:11:12,129:WARNING:c:\Users\DELL\anaconda3\envs\p11_env\Lib\site-packages\yfinance\scrapers\history.py:396: FutureWarning: The default dtype for empty Series will be 'object' instead of 'float64' in a future version. Specify a dtype explicitly to silence this warning.
  self._capital_gains = pd.Series()

2026-06-10 08:11:12,241:WARNING:c:\Users\DELL\anaconda3\envs\p11_env\Lib\site-packages\yfinance\scrapers\history.py:396: FutureWarning: The default dtype for empty Series will be 'object' instead of 'float64' in a future version. Specify a dtype explicitly to silence this warning.
  self._capital_gains = pd.Series()

2026-06-10 08:11:12,279:WARNING:c:\Users\DELL\anaconda3\envs\p11_env\Lib\site-packages\yfinance\scrapers\history.py:396: FutureWarning: The default dtype for empty Series will be 'object' instead of 'float64' in a future version. Specify a dtype explicitly to silence this warning.
  self._capital_gains = pd.Series()

2026-06-10 08:11:12,412:WARNING:c:\Users\DELL\anaconda3\envs\p11_env\Lib\site-packages\yfinance\scrapers\history.py:396: FutureWarning: The default dtype for empty Series will be 'object' instead of 'float64' in a future version. Specify a dtype explicitly to silence this warning.
  self._capital_gains = pd.Series()

2026-06-10 08:11:12,495:WARNING:c:\Users\DELL\anaconda3\envs\p11_env\Lib\site-packages\yfinance\scrapers\history.py:396: FutureWarning: The default dtype for empty Series will be 'object' instead of 'float64' in a future version. Specify a dtype explicitly to silence this warning.
  self._capital_gains = pd.Series()

2026-06-10 08:11:12,578:WARNING:c:\Users\DELL\anaconda3\envs\p11_env\Lib\site-packages\yfinance\scrapers\history.py:396: FutureWarning: The default dtype for empty Series will be 'object' instead of 'float64' in a future version. Specify a dtype explicitly to silence this warning.
  self._capital_gains = pd.Series()

2026-06-10 08:11:12,634:WARNING:c:\Users\DELL\anaconda3\envs\p11_env\Lib\site-packages\yfinance\scrapers\history.py:396: FutureWarning: The default dtype for empty Series will be 'object' instead of 'float64' in a future version. Specify a dtype explicitly to silence this warning.
  self._capital_gains = pd.Series()

2026-06-10 08:11:12,745:WARNING:c:\Users\DELL\anaconda3\envs\p11_env\Lib\site-packages\yfinance\scrapers\history.py:396: FutureWarning: The default dtype for empty Series will be 'object' instead of 'float64' in a future version. Specify a dtype explicitly to silence this warning.
  self._capital_gains = pd.Series()

2026-06-10 08:11:12,931:WARNING:c:\Users\DELL\anaconda3\envs\p11_env\Lib\site-packages\yfinance\scrapers\history.py:396: FutureWarning: The default dtype for empty Series will be 'object' instead of 'float64' in a future version. Specify a dtype explicitly to silence this warning.
  self._capital_gains = pd.Series()

2026-06-10 08:11:13,082:WARNING:c:\Users\DELL\anaconda3\envs\p11_env\Lib\site-packages\yfinance\scrapers\history.py:396: FutureWarning: The default dtype for empty Series will be 'object' instead of 'float64' in a future version. Specify a dtype explicitly to silence this warning.
  self._capital_gains = pd.Series()

2026-06-10 08:11:13,247:WARNING:c:\Users\DELL\anaconda3\envs\p11_env\Lib\site-packages\yfinance\scrapers\history.py:396: FutureWarning: The default dtype for empty Series will be 'object' instead of 'float64' in a future version. Specify a dtype explicitly to silence this warning.
  self._capital_gains = pd.Series()

2026-06-10 08:11:13,317:WARNING:c:\Users\DELL\anaconda3\envs\p11_env\Lib\site-packages\yfinance\scrapers\history.py:396: FutureWarning: The default dtype for empty Series will be 'object' instead of 'float64' in a future version. Specify a dtype explicitly to silence this warning.
  self._capital_gains = pd.Series()

2026-06-10 08:11:13,412:WARNING:c:\Users\DELL\anaconda3\envs\p11_env\Lib\site-packages\yfinance\scrapers\history.py:396: FutureWarning: The default dtype for empty Series will be 'object' instead of 'float64' in a future version. Specify a dtype explicitly to silence this warning.
  self._capital_gains = pd.Series()

2026-06-10 08:11:13,561:WARNING:c:\Users\DELL\anaconda3\envs\p11_env\Lib\site-packages\yfinance\scrapers\history.py:396: FutureWarning: The default dtype for empty Series will be 'object' instead of 'float64' in a future version. Specify a dtype explicitly to silence this warning.
  self._capital_gains = pd.Series()

2026-06-10 08:11:13,681:WARNING:c:\Users\DELL\anaconda3\envs\p11_env\Lib\site-packages\yfinance\scrapers\history.py:396: FutureWarning: The default dtype for empty Series will be 'object' instead of 'float64' in a future version. Specify a dtype explicitly to silence this warning.
  self._capital_gains = pd.Series()

2026-06-10 08:11:13,778:WARNING:c:\Users\DELL\anaconda3\envs\p11_env\Lib\site-packages\yfinance\scrapers\history.py:396: FutureWarning: The default dtype for empty Series will be 'object' instead of 'float64' in a future version. Specify a dtype explicitly to silence this warning.
  self._capital_gains = pd.Series()

2026-06-10 08:11:13,854:WARNING:c:\Users\DELL\anaconda3\envs\p11_env\Lib\site-packages\yfinance\scrapers\history.py:396: FutureWarning: The default dtype for empty Series will be 'object' instead of 'float64' in a future version. Specify a dtype explicitly to silence this warning.
  self._capital_gains = pd.Series()

2026-06-10 08:11:14,061:WARNING:c:\Users\DELL\anaconda3\envs\p11_env\Lib\site-packages\yfinance\scrapers\history.py:396: FutureWarning: The default dtype for empty Series will be 'object' instead of 'float64' in a future version. Specify a dtype explicitly to silence this warning.
  self._capital_gains = pd.Series()

2026-06-10 08:11:14,218:WARNING:c:\Users\DELL\anaconda3\envs\p11_env\Lib\site-packages\yfinance\scrapers\history.py:396: FutureWarning: The default dtype for empty Series will be 'object' instead of 'float64' in a future version. Specify a dtype explicitly to silence this warning.
  self._capital_gains = pd.Series()

2026-06-10 08:11:14,225:WARNING:c:\Users\DELL\anaconda3\envs\p11_env\Lib\site-packages\yfinance\scrapers\history.py:396: FutureWarning: The default dtype for empty Series will be 'object' instead of 'float64' in a future version. Specify a dtype explicitly to silence this warning.
  self._capital_gains = pd.Series()

2026-06-10 08:11:14,417:WARNING:c:\Users\DELL\anaconda3\envs\p11_env\Lib\site-packages\yfinance\scrapers\history.py:396: FutureWarning: The default dtype for empty Series will be 'object' instead of 'float64' in a future version. Specify a dtype explicitly to silence this warning.
  self._capital_gains = pd.Series()

2026-06-10 08:11:14,430:WARNING:c:\Users\DELL\anaconda3\envs\p11_env\Lib\site-packages\yfinance\scrapers\history.py:396: FutureWarning: The default dtype for empty Series will be 'object' instead of 'float64' in a future version. Specify a dtype explicitly to silence this warning.
  self._capital_gains = pd.Series()

2026-06-10 08:11:14,580:WARNING:c:\Users\DELL\anaconda3\envs\p11_env\Lib\site-packages\yfinance\scrapers\history.py:396: FutureWarning: The default dtype for empty Series will be 'object' instead of 'float64' in a future version. Specify a dtype explicitly to silence this warning.
  self._capital_gains = pd.Series()

2026-06-10 08:11:14,694:WARNING:c:\Users\DELL\anaconda3\envs\p11_env\Lib\site-packages\yfinance\scrapers\history.py:396: FutureWarning: The default dtype for empty Series will be 'object' instead of 'float64' in a future version. Specify a dtype explicitly to silence this warning.
  self._capital_gains = pd.Series()

2026-06-10 08:11:14,879:WARNING:c:\Users\DELL\anaconda3\envs\p11_env\Lib\site-packages\yfinance\scrapers\history.py:396: FutureWarning: The default dtype for empty Series will be 'object' instead of 'float64' in a future version. Specify a dtype explicitly to silence this warning.
  self._capital_gains = pd.Series()

2026-06-10 08:11:14,988:WARNING:c:\Users\DELL\anaconda3\envs\p11_env\Lib\site-packages\yfinance\scrapers\history.py:396: FutureWarning: The default dtype for empty Series will be 'object' instead of 'float64' in a future version. Specify a dtype explicitly to silence this warning.
  self._capital_gains = pd.Series()

2026-06-10 10:37:07,590:WARNING:
'cuml' is a soft dependency and not included in the pycaret installation. Please run: `pip install cuml` to install.
2026-06-10 10:37:07,590:WARNING:
'cuml' is a soft dependency and not included in the pycaret installation. Please run: `pip install cuml` to install.
2026-06-10 10:37:07,590:WARNING:
'cuml' is a soft dependency and not included in the pycaret installation. Please run: `pip install cuml` to install.
2026-06-10 10:37:07,590:WARNING:
'cuml' is a soft dependency and not included in the pycaret installation. Please run: `pip install cuml` to install.
2026-06-10 10:37:14,008:WARNING:c:\Users\DELL\anaconda3\envs\p11_env\Lib\site-packages\yfinance\scrapers\history.py:396: FutureWarning: The default dtype for empty Series will be 'object' instead of 'float64' in a future version. Specify a dtype explicitly to silence this warning.
  self._capital_gains = pd.Series()

2026-06-10 10:37:14,647:WARNING:c:\Users\DELL\anaconda3\envs\p11_env\Lib\site-packages\yfinance\scrapers\history.py:396: FutureWarning: The default dtype for empty Series will be 'object' instead of 'float64' in a future version. Specify a dtype explicitly to silence this warning.
  self._capital_gains = pd.Series()

2026-06-10 10:37:15,032:WARNING:c:\Users\DELL\anaconda3\envs\p11_env\Lib\site-packages\yfinance\scrapers\history.py:396: FutureWarning: The default dtype for empty Series will be 'object' instead of 'float64' in a future version. Specify a dtype explicitly to silence this warning.
  self._capital_gains = pd.Series()

2026-06-10 10:37:15,430:WARNING:c:\Users\DELL\anaconda3\envs\p11_env\Lib\site-packages\yfinance\scrapers\history.py:396: FutureWarning: The default dtype for empty Series will be 'object' instead of 'float64' in a future version. Specify a dtype explicitly to silence this warning.
  self._capital_gains = pd.Series()

2026-06-10 10:37:15,441:WARNING:c:\Users\DELL\anaconda3\envs\p11_env\Lib\site-packages\yfinance\scrapers\history.py:396: FutureWarning: The default dtype for empty Series will be 'object' instead of 'float64' in a future version. Specify a dtype explicitly to silence this warning.
  self._capital_gains = pd.Series()

2026-06-10 10:37:15,499:WARNING:c:\Users\DELL\anaconda3\envs\p11_env\Lib\site-packages\yfinance\scrapers\history.py:396: FutureWarning: The default dtype for empty Series will be 'object' instead of 'float64' in a future version. Specify a dtype explicitly to silence this warning.
  self._capital_gains = pd.Series()

2026-06-10 10:37:15,926:WARNING:c:\Users\DELL\anaconda3\envs\p11_env\Lib\site-packages\yfinance\scrapers\history.py:396: FutureWarning: The default dtype for empty Series will be 'object' instead of 'float64' in a future version. Specify a dtype explicitly to silence this warning.
  self._capital_gains = pd.Series()

2026-06-10 10:37:16,285:WARNING:c:\Users\DELL\anaconda3\envs\p11_env\Lib\site-packages\yfinance\scrapers\history.py:396: FutureWarning: The default dtype for empty Series will be 'object' instead of 'float64' in a future version. Specify a dtype explicitly to silence this warning.
  self._capital_gains = pd.Series()

2026-06-10 10:37:16,530:WARNING:c:\Users\DELL\anaconda3\envs\p11_env\Lib\site-packages\yfinance\scrapers\history.py:396: FutureWarning: The default dtype for empty Series will be 'object' instead of 'float64' in a future version. Specify a dtype explicitly to silence this warning.
  self._capital_gains = pd.Series()

2026-06-10 10:37:16,774:WARNING:c:\Users\DELL\anaconda3\envs\p11_env\Lib\site-packages\yfinance\scrapers\history.py:396: FutureWarning: The default dtype for empty Series will be 'object' instead of 'float64' in a future version. Specify a dtype explicitly to silence this warning.
  self._capital_gains = pd.Series()

2026-06-10 10:37:17,191:WARNING:c:\Users\DELL\anaconda3\envs\p11_env\Lib\site-packages\yfinance\scrapers\history.py:396: FutureWarning: The default dtype for empty Series will be 'object' instead of 'float64' in a future version. Specify a dtype explicitly to silence this warning.
  self._capital_gains = pd.Series()

2026-06-10 10:37:17,257:WARNING:c:\Users\DELL\anaconda3\envs\p11_env\Lib\site-packages\yfinance\scrapers\history.py:396: FutureWarning: The default dtype for empty Series will be 'object' instead of 'float64' in a future version. Specify a dtype explicitly to silence this warning.
  self._capital_gains = pd.Series()

2026-06-10 10:37:17,390:WARNING:c:\Users\DELL\anaconda3\envs\p11_env\Lib\site-packages\yfinance\scrapers\history.py:396: FutureWarning: The default dtype for empty Series will be 'object' instead of 'float64' in a future version. Specify a dtype explicitly to silence this warning.
  self._capital_gains = pd.Series()

2026-06-10 10:37:17,521:WARNING:c:\Users\DELL\anaconda3\envs\p11_env\Lib\site-packages\yfinance\scrapers\history.py:396: FutureWarning: The default dtype for empty Series will be 'object' instead of 'float64' in a future version. Specify a dtype explicitly to silence this warning.
  self._capital_gains = pd.Series()

2026-06-10 10:37:18,036:WARNING:c:\Users\DELL\anaconda3\envs\p11_env\Lib\site-packages\yfinance\scrapers\history.py:396: FutureWarning: The default dtype for empty Series will be 'object' instead of 'float64' in a future version. Specify a dtype explicitly to silence this warning.
  self._capital_gains = pd.Series()

2026-06-10 10:37:18,453:WARNING:c:\Users\DELL\anaconda3\envs\p11_env\Lib\site-packages\yfinance\scrapers\history.py:396: FutureWarning: The default dtype for empty Series will be 'object' instead of 'float64' in a future version. Specify a dtype explicitly to silence this warning.
  self._capital_gains = pd.Series()

2026-06-10 10:37:18,686:WARNING:c:\Users\DELL\anaconda3\envs\p11_env\Lib\site-packages\yfinance\scrapers\history.py:396: FutureWarning: The default dtype for empty Series will be 'object' instead of 'float64' in a future version. Specify a dtype explicitly to silence this warning.
  self._capital_gains = pd.Series()

2026-06-10 10:37:18,900:WARNING:c:\Users\DELL\anaconda3\envs\p11_env\Lib\site-packages\yfinance\scrapers\history.py:396: FutureWarning: The default dtype for empty Series will be 'object' instead of 'float64' in a future version. Specify a dtype explicitly to silence this warning.
  self._capital_gains = pd.Series()

2026-06-10 10:37:19,189:WARNING:c:\Users\DELL\anaconda3\envs\p11_env\Lib\site-packages\yfinance\scrapers\history.py:396: FutureWarning: The default dtype for empty Series will be 'object' instead of 'float64' in a future version. Specify a dtype explicitly to silence this warning.
  self._capital_gains = pd.Series()

2026-06-10 10:37:19,202:WARNING:c:\Users\DELL\anaconda3\envs\p11_env\Lib\site-packages\yfinance\scrapers\history.py:396: FutureWarning: The default dtype for empty Series will be 'object' instead of 'float64' in a future version. Specify a dtype explicitly to silence this warning.
  self._capital_gains = pd.Series()

2026-06-10 10:37:19,487:WARNING:c:\Users\DELL\anaconda3\envs\p11_env\Lib\site-packages\yfinance\scrapers\history.py:396: FutureWarning: The default dtype for empty Series will be 'object' instead of 'float64' in a future version. Specify a dtype explicitly to silence this warning.
  self._capital_gains = pd.Series()

2026-06-10 10:37:19,739:WARNING:c:\Users\DELL\anaconda3\envs\p11_env\Lib\site-packages\yfinance\scrapers\history.py:396: FutureWarning: The default dtype for empty Series will be 'object' instead of 'float64' in a future version. Specify a dtype explicitly to silence this warning.
  self._capital_gains = pd.Series()

2026-06-10 10:37:19,917:WARNING:c:\Users\DELL\anaconda3\envs\p11_env\Lib\site-packages\yfinance\scrapers\history.py:396: FutureWarning: The default dtype for empty Series will be 'object' instead of 'float64' in a future version. Specify a dtype explicitly to silence this warning.
  self._capital_gains = pd.Series()

2026-06-10 10:37:20,070:WARNING:c:\Users\DELL\anaconda3\envs\p11_env\Lib\site-packages\yfinance\scrapers\history.py:396: FutureWarning: The default dtype for empty Series will be 'object' instead of 'float64' in a future version. Specify a dtype explicitly to silence this warning.
  self._capital_gains = pd.Series()

2026-06-10 10:37:20,356:WARNING:c:\Users\DELL\anaconda3\envs\p11_env\Lib\site-packages\yfinance\scrapers\history.py:396: FutureWarning: The default dtype for empty Series will be 'object' instead of 'float64' in a future version. Specify a dtype explicitly to silence this warning.
  self._capital_gains = pd.Series()

2026-06-10 10:37:20,990:WARNING:c:\Users\DELL\anaconda3\envs\p11_env\Lib\site-packages\yfinance\scrapers\history.py:396: FutureWarning: The default dtype for empty Series will be 'object' instead of 'float64' in a future version. Specify a dtype explicitly to silence this warning.
  self._capital_gains = pd.Series()

2026-06-10 10:37:21,109:WARNING:c:\Users\DELL\anaconda3\envs\p11_env\Lib\site-packages\yfinance\scrapers\history.py:396: FutureWarning: The default dtype for empty Series will be 'object' instead of 'float64' in a future version. Specify a dtype explicitly to silence this warning.
  self._capital_gains = pd.Series()

2026-06-10 10:37:21,422:WARNING:c:\Users\DELL\anaconda3\envs\p11_env\Lib\site-packages\yfinance\scrapers\history.py:396: FutureWarning: The default dtype for empty Series will be 'object' instead of 'float64' in a future version. Specify a dtype explicitly to silence this warning.
  self._capital_gains = pd.Series()

2026-06-10 10:37:21,684:WARNING:c:\Users\DELL\anaconda3\envs\p11_env\Lib\site-packages\yfinance\scrapers\history.py:396: FutureWarning: The default dtype for empty Series will be 'object' instead of 'float64' in a future version. Specify a dtype explicitly to silence this warning.
  self._capital_gains = pd.Series()

2026-06-10 10:37:22,005:WARNING:c:\Users\DELL\anaconda3\envs\p11_env\Lib\site-packages\yfinance\scrapers\history.py:396: FutureWarning: The default dtype for empty Series will be 'object' instead of 'float64' in a future version. Specify a dtype explicitly to silence this warning.
  self._capital_gains = pd.Series()

2026-06-10 10:37:22,126:WARNING:c:\Users\DELL\anaconda3\envs\p11_env\Lib\site-packages\yfinance\scrapers\history.py:396: FutureWarning: The default dtype for empty Series will be 'object' instead of 'float64' in a future version. Specify a dtype explicitly to silence this warning.
  self._capital_gains = pd.Series()

